source_row,split
1249794,train
631911,validation
711925,train
403580,train
2221067,train
394922,test
1126419,train
1012931,validation
1067286,train
590934,test
1748468,train
1042820,train
1144888,train
1030429,train
2174042,test
666326,train
1878822,train
1097739,train
1433539,train
11471,train
71419,train
469360,test
1081416,test
232252,validation
1492443,train
21440,train
1022736,train
200829,test
1616928,train
320140,validation
158312,train
1767900,train
640852,train
2101311,train
1636105,validation
40244,test
1640375,train
901196,train
222285,train
234540,train
1034109,train
2199206,train
266688,train
1915165,validation
1886006,validation
1993321,validation
124191,validation
2002783,train
117221,test
1874303,test
1302549,train
119733,train
259791,train
492430,train
1805410,validation
186023,train
1107368,train
1813199,train
150208,train
1092664,train
2118156,train
30281,validation
166024,validation
1832361,train
18274,train
1295838,test
1931464,validation
1270430,train
1183797,train
2248519,validation
112759,train
1111953,train
61196,test
220965,train
2048910,test
158110,train
57479,train
1076797,train
1255308,test
1873527,train
184669,test
1817861,train
1777642,validation
1792626,validation
357183,train
1255673,validation
472350,test
68005,test
1930174,test
369400,train
239331,validation
162751,validation
1715316,train
791093,validation
1225545,validation
148518,train
923811,train
366264,test
420954,train
1935474,train
1056845,test
687407,test
1748586,train
1660180,validation
1158086,validation
1288017,train
1699644,train
1033154,train
1314840,test
1749830,train
1989444,train
711084,train
1798693,validation
1630288,train
1317668,train
1005821,validation
1647936,train
234591,validation
2024286,validation
631811,train
487329,test
1091927,train
98487,validation
259392,train
1341766,train
2077409,train
1938098,validation
891716,test
164656,train
1846143,train
550506,train
1211061,validation
2157645,train
166832,train
259150,test
1109329,test
907849,train
96592,train
62754,train
21520,train
1246476,train
1626126,test
1951073,train
172173,test
2213630,train
238007,train
322201,train
1322367,validation
1924666,validation
1866944,test
1926037,train
2094707,validation
14070,validation
1760419,train
2218215,train
382380,train
1187193,train
1334463,train
2197168,train
1638845,validation
197650,test
1834127,test
184083,validation
32129,train
1887624,train
105363,train
1917193,validation
1057048,train
1630826,test
28854,train
1621173,train
38224,validation
942385,train
1879991,train
208103,train
103474,test
1530462,train
2158568,test
632797,validation
315000,train
190463,train
2024701,test
708178,validation
1081202,test
220328,train
227405,test
1321226,train
300824,train
37447,train
1343684,validation
1066321,train
1335540,validation
81266,train
153586,test
69942,train
2025056,test
951397,train
435366,train
1887837,train
1200404,train
577703,test
1766853,train
116333,validation
1079858,train
291043,test
1874296,test
351470,test
587914,train
1557646,train
1679497,validation
1320213,train
1350066,validation
1783451,train
2176963,train
26190,train
1254537,train
1223158,train
905122,train
1212964,validation
990871,train
1164611,train
1872301,train
1913145,validation
739480,test
90151,train
1968763,validation
919071,train
850194,test
1347369,validation
606650,train
55421,validation
213442,validation
1280714,train
2188286,validation
1819069,train
1312913,validation
1770145,train
1062775,train
1032229,train
1983279,test
26612,test
2249510,train
152970,test
1561248,train
381839,test
1243249,train
1279598,test
1670454,train
1272220,test
1204657,test
163374,test
706355,train
712970,validation
1667582,test
1312929,train
14876,validation
1291584,train
110022,train
1890110,validation
1806092,validation
182821,train
319217,validation
1225726,test
384251,test
1978445,train
1977628,train
1633644,test
2017098,test
1076166,train
188034,train
1221401,validation
2164126,test
1636892,train
682386,train
1224462,train
698090,test
505571,train
1346543,validation
1815211,train
740189,validation
416210,train
1958094,test
1154472,validation
1936567,train
1171864,train
74664,train
1781629,train
1876132,train
94291,train
2004492,train
1987063,train
606511,test
1126570,test
1710654,train
61176,train
54265,train
1138478,train
1930439,test
1257691,train
362197,test
1986334,train
2008951,test
1910980,validation
1963990,test
769840,train
315322,test
2175246,validation
1982906,train
1700992,train
1022798,test
1631900,train
1765606,validation
531773,train
1695962,validation
1022172,train
309619,test
1534030,train
1337848,validation
333322,train
232428,test
1153839,train
651178,train
1101744,validation
2158328,validation
164839,train
325760,train
1726181,train
1500274,test
1250652,validation
313978,train
1111158,train
1254176,train
1333416,train
2232681,train
529195,train
1241331,train
189329,train
1094977,train
220292,train
891591,train
35839,train
1935620,train
892140,train
208355,validation
2114646,test
1269632,train
233823,validation
133161,train
827525,train
1879461,train
936138,test
2218374,train
1165966,train
1801582,train
1923345,validation
1177727,test
1288728,test
682983,train
133236,train
202967,train
368023,train
439954,train
121130,train
498208,train
66709,train
1821920,train
938671,validation
608976,test
256102,validation
1614900,train
389368,train
1819585,validation
742249,train
855942,validation
1256657,validation
711054,train
30536,test
709312,train
1638034,train
2200975,train
77969,train
1247466,train
108968,validation
436120,train
362865,train
1839321,test
26586,test
2170244,train
1023019,validation
272496,validation
1250373,train
998418,train
1644356,validation
2175408,test
916492,train
985627,train
561995,train
193378,train
652876,train
1967280,train
1879014,validation
583778,validation
1732087,train
1898406,train
608693,train
2105949,validation
1102182,train
1241178,train
1618755,train
1639289,test
281768,train
484092,test
1119297,train
1294872,train
1157360,train
186776,validation
1871550,train
1716346,train
6147,train
1279481,test
1132227,train
1731575,test
1122580,test
1634628,train
1992317,test
206688,validation
1299470,train
1129521,train
1077523,train
1279949,train
577018,train
1740327,test
1882157,validation
2187102,test
299075,train
2256760,train
1247245,test
1201257,train
257354,train
590687,validation
1246157,train
225267,validation
1680142,test
398449,test
1774170,train
657891,test
2233549,validation
206418,test
1663290,train
2256189,validation
1042390,test
1731772,train
209900,train
2177744,train
1717140,train
196616,validation
1835724,train
257229,validation
710858,train
264519,train
370605,test
254136,validation
1752562,train
1055982,validation
1896711,test
584257,validation
1086853,test
1159133,train
1908651,train
1332253,train
661109,train
198049,test
1204002,train
314697,train
740681,train
570198,train
419328,test
681569,train
1237398,test
1237483,train
1633237,test
1279852,validation
1636735,train
1929218,test
702756,validation
2214127,train
1848632,test
1795127,validation
1965091,validation
1671844,train
969469,train
120733,train
206483,train
1233517,train
1785024,train
1242993,test
221498,train
229331,train
53905,train
303907,train
367375,train
1307054,test
913155,train
1772057,test
392275,train
2120594,validation
998908,train
1637226,validation
1759303,train
1864278,train
1319342,train
1755420,validation
1225502,train
1614700,test
2006907,train
2104433,train
138155,validation
2207874,validation
169372,validation
316916,train
1727485,test
1927101,train
1634272,test
81614,train
1776254,test
54408,validation
966378,train
998037,train
675907,train
1932530,train
1852477,validation
1339533,train
500272,test
1331102,train
56786,validation
1171350,train
2165576,train
287683,train
1160172,test
1142620,train
92914,train
1315896,train
1254485,train
1217592,train
1892124,train
669990,validation
173195,validation
978821,train
1932025,validation
2010010,train
351853,test
1254001,train
1281419,validation
2221330,train
6853,validation
373616,validation
66481,train
1806355,train
253094,train
1634422,validation
1340296,validation
1124647,train
2221118,validation
1038880,test
25067,train
364415,validation
1298350,train
1928951,train
1668374,train
28821,train
1035800,validation
527829,train
1192880,validation
1504900,train
1316190,test
895667,train
651416,train
93072,validation
144449,test
1118210,train
345922,validation
1065092,train
1816867,train
338373,test
1266553,train
2247231,train
116961,train
1782084,train
1229899,train
942521,train
2110122,test
11446,train
720677,validation
718001,train
729024,train
314589,validation
221808,train
84556,train
815803,test
1272924,validation
2236389,train
1981950,validation
411789,train
1141648,train
1803926,train
1085444,train
1210182,validation
60737,train
1698499,train
2148647,train
61752,train
2096971,train
667733,test
1018628,train
853023,train
1223986,train
1211883,train
985399,train
1314223,train
282527,test
2255393,train
1080906,train
196045,train
1020574,train
1642351,train
1243046,validation
1907397,test
1120575,validation
1794211,train
1223301,validation
87129,train
1006880,train
732300,train
155711,test
1647302,train
1004792,test
51611,train
677369,test
1625926,test
1988084,train
2242311,test
1876662,test
1022438,train
171813,train
1274559,validation
1245015,test
1157829,train
1291671,train
1376321,train
80136,validation
1179427,train
1650551,train
1071461,train
1125849,train
2253868,train
128083,validation
216745,test
1116163,test
1177251,train
410284,train
1673362,test
2125232,validation
538445,train
1926896,train
1190898,train
1096214,train
1290574,train
707649,train
171902,train
1756143,train
1223808,test
1055373,test
180250,train
1325,train
1996330,train
1776844,train
1658971,validation
426145,test
1199505,validation
2177751,train
1662347,validation
1126266,train
1792915,test
2017365,test
1263771,test
1153669,train
1809635,train
1823241,train
1137596,train
2138635,train
1233644,validation
1175725,test
1831405,train
1846733,train
1208628,train
1144027,test
1965902,validation
120209,test
179179,validation
971956,train
1531196,train
1953059,train
1349407,test
216371,train
1839297,test
297093,train
1645820,train
658561,train
93914,train
1253115,test
978765,train
1802011,train
1110769,train
2193744,test
1599825,train
737546,train
1064064,validation
1243703,validation
338496,validation
1195510,train
915183,validation
1927962,train
1051039,validation
83074,test
1776204,train
1247081,validation
1268794,validation
1976073,test
137630,train
200370,train
389066,train
199808,train
700018,train
1976843,train
970338,validation
1960734,train
38400,train
1160110,train
704015,train
217580,train
20349,train
1817798,train
32996,validation
24591,test
1980386,test
1027132,train
400330,validation
664915,train
131724,validation
1772802,train
1132205,test
343612,train
2076,validation
260855,train
249609,train
946090,train
1018902,train
2178299,train
1899961,validation
1615744,train
11079,test
686790,train
1629436,validation
1223746,test
201884,train
1011237,train
279495,validation
1695799,train
2259651,train
1959144,test
535853,test
2201617,validation
46117,test
2079299,train
1643046,train
1203347,validation
1333568,validation
146101,validation
1906385,test
1289198,train
1621772,test
44853,train
254919,test
1164658,validation
173695,validation
1244657,train
1849554,train
259286,validation
315636,train
317201,train
1969043,train
1182305,train
198307,train
225761,validation
1755439,train
1678420,train
237513,validation
33573,train
2219862,validation
1100006,test
410138,test
730429,train
518987,train
61599,train
1052881,validation
1969906,test
313463,train
1098397,validation
1933369,train
246772,train
1149772,train
1732631,train
1920316,train
926278,train
1509631,test
70792,train
71353,train
1908143,validation
965795,train
156000,train
232292,train
1263926,train
1180479,train
989125,train
223991,train
1189434,train
2000321,train
124958,train
299435,validation
100950,validation
653215,validation
1299650,train
952671,validation
1119850,train
1993763,train
161298,train
1782294,train
1861953,validation
892407,train
570006,test
170285,train
346291,train
386835,train
1068346,train
303270,train
1902346,train
346015,train
25696,train
416878,train
1176814,train
1336197,test
1315425,train
1866470,train
894624,train
1205920,train
566052,train
1982490,validation
125899,test
62292,train
1059224,test
1537744,train
514766,test
799300,validation
161154,test
975333,test
664374,train
1984383,train
69478,test
3949,test
919995,test
879497,validation
57423,train
1018888,train
369315,train
388507,train
717487,train
1136494,validation
1227634,train
1925547,test
1156408,test
467130,test
161729,train
372088,test
17937,validation
1878990,validation
60249,train
1770771,train
1603922,train
1986920,train
655468,validation
376193,train
1706843,validation
1728377,validation
1795873,train
268283,test
1041131,test
1300439,train
1114234,validation
360281,train
388448,train
1040635,train
332643,test
1790200,test
1296774,train
921586,train
1639020,train
1253762,train
586654,train
1816490,train
1806715,test
1003987,train
2193736,train
1506170,validation
725148,validation
1295455,train
1883889,train
1674249,test
1858464,validation
1062874,validation
45986,train
1627262,train
945953,test
1090438,train
314023,test
21843,train
1305793,test
1950264,train
1218483,validation
15759,validation
1914955,train
1750753,train
17163,train
189452,test
599395,test
1426662,test
1013796,train
1774526,train
304215,test
207568,train
1253231,train
1102469,train
1974746,train
1640986,validation
602793,validation
2028798,test
23264,train
1792016,test
1944593,train
1828458,train
164356,train
1350751,validation
742335,train
2033716,train
786148,train
1007034,train
55565,train
1815752,train
2181832,train
1927809,validation
2246434,train
916696,test
384874,train
1821218,train
2237315,validation
1330799,test
1612084,train
265980,train
568237,test
1176987,train
1766480,train
1739031,validation
1839047,validation
1125066,validation
921043,validation
2200028,train
310665,train
412397,test
1316446,train
2036459,validation
2260283,validation
2031189,test
691091,train
1759157,test
1979318,test
1022779,train
1009949,train
1016351,train
1170240,train
1312662,train
1136208,train
735496,train
1487180,train
246506,test
1079058,train
1204226,train
2240917,train
993632,test
1306731,train
635363,train
253720,train
2157100,test
295207,train
335240,train
1706519,test
713155,test
318970,test
1038221,test
62323,test
962704,validation
1136832,train
295508,test
170801,train
1315329,test
1222814,train
1978986,train
1935022,train
1933359,train
1195959,test
1888426,validation
1028079,train
647154,train
2157308,train
366134,train
171933,test
1681230,validation
265550,train
1335973,test
2136403,train
1850924,train
1084424,validation
1971626,train
724307,test
1130939,test
702378,train
2258397,test
991797,train
917987,test
230375,train
2213836,validation
1939125,train
109105,test
1986865,train
1916395,train
2002880,validation
394321,test
1051001,train
2155843,train
1880584,train
1338374,test
549716,train
337772,train
673404,train
1096503,train
596841,validation
201343,test
1105531,train
923137,validation
1005281,validation
220739,train
222922,train
1075976,validation
1984864,train
937768,train
1885037,validation
1359199,train
553601,train
1324033,train
1294951,test
254130,test
255514,train
996750,validation
2040786,train
1842350,train
116890,train
677609,train
1450937,train
83053,train
370513,train
2240828,validation
1565856,train
328089,train
1787747,test
441875,train
1542150,test
1939685,validation
1138170,train
956197,validation
878744,train
1074677,test
683694,train
558530,validation
1065801,test
1615486,train
50305,validation
1105826,train
1323127,test
1647058,test
1863340,test
613952,test
321875,train
1053482,train
316938,validation
2209456,train
3550,test
1327756,train
1723850,train
141538,train
1924236,validation
271393,validation
149904,test
1649250,train
1267827,test
931477,validation
334334,train
1270718,train
726149,train
1329547,train
734711,validation
1141674,train
2199830,test
1979829,train
565050,test
2037453,train
1029416,validation
859730,train
2228506,train
2194125,test
1308131,train
2153224,train
986689,train
1682556,train
1684164,train
1034946,validation
118582,test
1201790,train
1191326,train
1137600,test
684787,train
627911,train
2035143,validation
1825627,train
1903801,train
2032741,test
1774830,validation
2249158,validation
1916125,train
1964950,train
1061438,train
1978176,train
1250164,train
300257,test
1136324,validation
345594,test
310397,train
1887921,validation
1185838,train
1793085,train
1111337,train
209369,train
573002,validation
1200859,train
1820514,validation
887844,train
1919093,train
1073611,validation
259759,train
1641845,validation
1809899,train
1696117,validation
845729,train
1755322,validation
637852,test
1903814,train
2230558,validation
1264933,train
2195425,train
159303,test
1076692,validation
1348194,train
365287,test
703882,train
983266,train
1017904,train
684174,train
36996,test
1913078,train
270860,train
892119,test
1813996,train
1627842,validation
1279440,train
1225573,train
653981,test
567378,train
2099639,test
1631553,validation
400107,test
1348203,validation
1045758,train
1043914,train
1720311,train
121926,train
1345283,validation
338321,train
96898,train
1217512,validation
1077902,train
2150946,test
265509,train
1666150,train
1922282,test
1096952,train
1920523,train
69046,train
1054644,test
342666,train
1324145,train
1930091,train
448434,train
356078,test
953928,validation
1085090,test
1291509,train
1904029,train
541433,validation
398737,validation
905355,train
5215,train
1733130,validation
1002261,train
1945775,train
445830,validation
82588,train
1620543,test
693065,train
2014649,test
2218908,test
1987541,validation
1152530,train
1277155,validation
993067,validation
439462,train
1283503,train
1711103,train
1689423,train
1683465,train
345701,train
249760,train
325029,train
1256873,train
373882,train
1038058,validation
1808904,validation
960174,train
526253,train
1113436,validation
1858818,validation
1242109,train
1084105,train
1219316,train
1344488,train
1657846,validation
123809,train
7894,test
652145,validation
1217034,train
2192786,train
74292,train
70516,train
1132317,train
1121900,train
352908,train
2232474,train
1257024,train
2031678,validation
1195923,train
1943828,train
959753,test
1863372,train
1629744,train
1278264,train
1571752,train
2170780,validation
1004773,test
113301,train
1268825,train
1082559,train
64319,train
1190795,validation
912596,validation
425482,train
186463,validation
193917,test
1771655,test
1184696,test
1630029,test
1236421,validation
277406,train
1349817,train
1241275,train
1205513,test
1204638,validation
982872,train
1241531,train
2081438,train
984340,validation
1881235,validation
373007,validation
1883897,train
1383109,train
3253,train
1070504,train
98665,validation
1805434,train
2211557,train
3890,train
1746057,train
1108725,train
1590095,validation
1257509,validation
140120,train
284769,train
517119,train
1811678,train
644687,test
196961,test
1096613,train
1227686,train
2250598,train
173146,test
97663,validation
1011257,validation
212427,train
1807132,train
55442,train
1775648,validation
185868,train
1635269,train
553739,train
813581,test
2011445,train
217493,validation
276683,validation
1800888,train
1171195,train
2193756,train
902087,validation
408581,test
700912,validation
1890807,train
1660476,test
982043,train
293391,test
1209407,train
1781547,train
35992,validation
450682,test
269690,train
1869262,test
1486553,test
532376,train
1335774,test
251432,test
894393,train
1229102,train
1109562,test
240477,train
1842200,train
1058801,validation
1043127,train
1627330,train
177663,validation
1301359,test
364645,train
730035,validation
988099,train
1289252,test
283581,train
160941,train
12281,validation
1671002,train
1816450,train
64202,validation
1188354,validation
132498,validation
205310,test
1159328,test
1274203,train
34111,train
1113635,train
929423,train
1313472,train
1279846,test
1335741,test
1156852,train
214518,validation
1195764,validation
1279234,test
1903244,train
6211,test
1841975,train
250078,train
713461,validation
102084,test
2168427,train
409636,train
1189761,test
1632631,validation
1190117,train
1204007,train
1961487,train
1161466,train
226747,train
181115,train
1396,test
591537,validation
1932794,train
162518,train
746650,train
308427,test
244472,validation
415114,train
1185692,test
2160741,train
243321,test
1925549,validation
331933,test
1029034,validation
1643135,train
2167501,test
933584,test
325939,train
224130,train
877742,validation
304811,test
185072,train
1169419,train
992774,train
9014,test
304810,train
1316424,test
1824704,train
1265393,test
1634442,train
882598,train
271481,train
122807,train
1804038,test
293877,test
117854,validation
387908,validation
1006506,validation
118322,train
874100,train
108705,train
1067173,train
1835012,train
1290611,train
394062,test
2003379,train
1088965,train
1318332,train
1631223,test
1158985,validation
1989232,train
1969382,train
1083373,validation
203391,train
1175272,train
100184,test
1845210,train
1886025,validation
1612483,validation
1310903,train
1012018,validation
542253,test
1852763,test
237781,train
1685298,train
370771,train
1654880,test
659025,test
977268,train
377289,test
1923963,train
1646887,train
1625871,train
2240063,validation
1618970,train
641034,test
161384,train
1293113,validation
1779366,train
2011415,train
30494,train
1242769,train
1819565,train
17714,train
2012619,test
188624,validation
2061919,train
1333200,validation
369984,train
267323,validation
1918532,train
255515,train
1267995,train
680366,test
1250835,train
1194069,validation
1198601,train
2142775,train
1651314,validation
1695764,validation
1759863,test
1277363,train
292945,train
321351,train
1181369,test
265707,train
331539,train
1727571,train
1295979,validation
295032,train
1894822,train
724582,test
1037106,train
98500,test
640804,train
200180,train
491857,test
1891686,train
340525,train
585521,test
1136968,validation
117655,train
263786,train
258830,validation
1794123,train
132143,train
1033623,train
76321,train
1298337,train
555868,train
117938,train
1776098,validation
681181,test
111142,train
1433360,train
711772,train
1243380,train
665575,train
827013,train
685397,test
210616,validation
39943,validation
604540,test
1196655,train
1757695,train
1145094,train
19555,train
1923058,train
243786,train
1770859,train
387543,validation
1987079,test
1302284,validation
1815183,train
183520,train
1204338,test
1670115,test
2170573,validation
2209743,train
1762390,validation
527465,train
830041,validation
1317168,validation
2211971,train
1895839,validation
1795975,train
1237112,train
1036767,train
232115,validation
1025365,test
360532,train
1824230,train
2102894,validation
1609049,train
1061756,test
42856,train
2130119,train
1012352,train
520208,validation
1996557,train
1867394,train
1098401,train
148859,train
295845,test
941843,train
1019146,train
170230,train
291332,train
1098076,train
1198245,test
352726,train
916828,test
368467,test
645667,validation
145148,train
1959687,train
1350972,validation
1885503,train
239851,test
1896630,train
1172456,validation
1308940,train
1009595,train
1164325,validation
401940,train
1214412,train
1567376,test
2145961,train
234978,validation
856,train
1056660,train
294795,test
1309680,train
674053,train
1040497,validation
1100624,train
1712126,train
1975853,validation
63637,train
1027672,train
1215543,train
928445,train
1971466,train
1210935,train
408846,validation
1187018,train
2236952,train
134618,train
49148,test
1159248,train
2147463,train
1230001,train
411223,train
155928,test
231022,train
1216843,test
1309216,train
969463,train
387239,train
409620,train
1646877,test
1991462,test
1913751,validation
1342406,test
59267,test
1283656,test
1793793,test
1141687,train
1559561,train
708150,validation
1648799,test
226340,validation
262942,train
1003342,test
49453,train
82676,validation
1251355,train
2242605,validation
1579801,test
1182108,train
1627720,train
11293,train
226322,train
1189862,train
1317026,test
1978554,train
681448,train
1851908,train
1785331,train
1330499,validation
1096891,validation
1719221,train
986645,train
1304775,validation
252335,train
896304,train
2043847,train
690488,train
942326,train
190903,train
1786017,validation
1088361,train
1895435,train
1188263,validation
2235071,test
1184013,test
7869,train
1562532,validation
1004983,train
579589,train
1827899,validation
1302776,train
2152025,train
946632,train
1303811,train
1973754,validation
219307,test
105636,train
1864422,train
990234,validation
229797,train
1232179,train
1665515,train
1666162,train
235955,test
1808381,train
74041,test
1332249,test
1844089,train
369595,train
1153620,test
916407,train
186759,train
673555,train
957049,train
284665,train
352667,train
274754,validation
1550076,train
2073170,test
603847,test
238731,train
382333,test
1225093,train
380299,train
959142,train
1838379,test
708090,train
1767862,test
1042577,validation
1180542,train
385950,validation
1159794,train
1240863,train
16249,test
1615417,train
19563,train
1155612,train
942571,train
123624,train
332548,train
238650,train
1234444,train
68940,train
1617439,train
1783702,train
1636487,train
1284126,validation
1032361,train
1222484,train
713449,train
319221,test
2169175,train
1200623,train
1256940,train
1824641,validation
1642147,validation
1052562,train
195489,train
1666803,train
2061119,train
256751,test
70256,train
1937099,train
299233,train
263227,train
1030704,train
1852028,train
244336,train
990075,train
1014755,test
699426,train
96247,train
1568006,validation
1617385,train
1569823,test
703418,train
1719641,train
85056,train
328341,validation
2123963,test
1858765,test
1064947,train
1176374,train
278404,validation
1777491,train
1266421,validation
184185,test
648427,train
2218392,train
402844,train
1278776,train
1124524,train
200011,test
1678389,test
1725372,train
1631391,validation
1592123,train
671949,test
664063,train
2025813,validation
2167048,train
1645735,train
75347,train
363491,train
272686,test
957171,train
19078,validation
1885588,test
1348792,train
1005210,train
265127,test
2104723,train
296984,test
2133436,train
1136200,test
683375,validation
672038,train
657308,validation
718825,train
1107415,train
1245394,train
1760382,train
335966,train
61105,train
1225670,validation
1765591,train
1224915,validation
1024430,train
2066639,train
2234038,test
1251617,train
1677960,train
166445,train
1170960,test
1120370,train
312775,test
1153372,test
151356,train
363090,train
218140,validation
259373,train
2245012,validation
1573554,validation
1102980,validation
314712,train
1766528,validation
144359,train
300655,train
1137751,validation
1962030,validation
1111918,validation
154666,validation
104603,test
1838868,train
1167181,validation
1781939,train
226199,train
1150853,validation
349055,test
992976,train
1022144,train
446890,train
1065108,validation
1834759,train
1071666,test
1313064,train
1812681,train
912642,train
1286982,test
1827823,validation
1019428,test
26906,train
927858,train
1626899,validation
26960,train
967179,validation
962602,validation
1191319,train
1204434,train
25925,train
93585,validation
1959313,train
2168865,train
1965822,test
1122112,train
365004,train
1697895,validation
243792,train
1316938,train
2198019,test
882865,train
396901,validation
949859,train
2147566,train
1109174,train
677365,train
251630,train
303812,train
994489,train
1932971,validation
678992,test
1846833,train
1904305,train
688706,test
1542758,train
665227,test
1099648,test
360522,train
1107743,train
307742,train
634056,test
691840,validation
1527235,test
80122,train
2184897,train
1402770,train
1833305,train
49910,train
1185214,validation
1284989,test
1190253,train
2162550,test
1570746,train
1826533,train
399182,test
2173979,train
1315174,train
1902121,validation
1811447,validation
1900274,train
927680,train
453454,train
1550452,train
1235365,validation
1011989,test
167428,test
1587805,test
1154504,test
927403,train
1774154,test
1216678,train
2027128,test
954937,train
1346682,validation
384537,validation
23943,test
1116712,train
991485,validation
164231,test
1232015,train
1348869,validation
610847,test
394518,test
555967,validation
1041629,train
1784185,validation
1876212,train
1310289,validation
1658162,train
1140093,test
25023,train
54978,test
684891,train
1298165,train
1829375,train
2001634,test
925622,train
1879426,train
270603,train
684076,train
701326,train
124177,train
1777224,validation
972887,train
297385,train
1116248,train
1854701,train
952175,train
419617,train
1327115,validation
1929147,test
1303731,validation
101254,validation
2006766,validation
1671852,validation
1071881,test
1757344,train
1864357,validation
1751167,test
1319331,train
1091536,train
1854918,test
1602009,train
26972,test
308137,validation
1720445,train
364041,test
299978,train
1234189,train
686476,train
1243623,train
1142625,train
257684,train
1902539,validation
1321363,validation
1128879,train
1017005,train
1875305,validation
341854,test
307013,train
1091806,train
1855444,train
18279,train
486932,train
102722,test
1909049,train
1210251,train
1182763,validation
1300778,train
976644,train
1345447,test
1124394,train
161623,validation
939675,train
1319757,train
926791,train
320947,test
165720,train
702788,validation
1823723,train
1682299,train
1618710,test
256684,test
438559,validation
1897501,train
324417,test
366138,train
157239,train
1289035,validation
1933633,train
2117245,train
1311265,train
1598044,test
2164718,train
1011239,train
1337303,test
293368,test
2094621,train
1879576,train
391431,train
1194363,validation
969910,test
1043943,train
1253076,train
1283409,validation
145645,test
2120205,test
1993389,train
178504,train
1271623,test
318376,train
319097,train
1883202,train
1146858,train
93303,train
158038,train
1585035,train
385461,train
982449,test
1086888,test
396801,train
1315660,train
697487,train
1024025,validation
1702142,test
300537,train
1311651,train
919381,train
997774,train
1966301,validation
153970,validation
2257755,test
1194196,test
1752571,train
482670,train
13242,train
972520,validation
108087,validation
1066757,validation
118424,train
1074091,test
1211005,train
159186,train
1684883,train
960309,train
42157,test
2199363,train
321732,train
907581,train
1816056,train
1964767,train
349654,train
1859672,train
1904122,validation
1280677,validation
535638,test
1025412,validation
703853,validation
162731,train
1188844,test
100455,test
1740264,validation
285320,test
53214,train
2028434,train
1109007,train
253378,test
551969,train
989444,validation
1717055,train
195426,test
988726,validation
333002,train
203637,train
1772122,test
1777839,train
1259581,train
88824,validation
1094382,train
1273461,train
107797,train
1109883,train
1728855,test
2165516,test
740996,train
1692237,train
953814,validation
194173,train
1829301,train
1103286,train
1611153,test
96435,test
1327772,train
1432233,test
1847498,validation
494335,validation
2012571,train
1254466,train
748413,validation
410506,train
1351983,test
654385,train
359682,train
105959,train
1214243,test
2242676,train
997025,validation
1141033,train
1612448,train
1937416,train
884943,train
1096360,train
1140153,train
252449,train
2223198,train
235836,train
2132250,test
5116,validation
1309624,train
1898906,validation
1892302,test
1756304,train
179061,test
201357,test
1562350,train
356782,train
907014,train
1840946,train
1121060,validation
1899392,train
1911234,test
2220724,test
247773,train
1149212,validation
1831539,test
277350,train
2024284,train
216103,train
316601,train
1625277,train
225354,validation
996407,train
743582,train
987769,test
1955021,train
1765741,train
34105,train
1299267,train
2080406,train
1195697,test
853,train
1170430,train
398343,test
2190717,train
1676614,train
1290036,test
1632541,train
1301236,test
42263,train
1079854,train
1646702,test
128072,train
2099069,test
1059622,test
1634499,train
228967,test
2103733,validation
1878772,train
558472,test
37541,test
203402,train
1009025,train
1192112,test
1267300,train
1708056,validation
55728,train
1993234,train
1767390,train
892933,test
730700,train
98383,validation
336326,train
1152748,train
1054071,train
175572,train
1004989,test
1302707,train
158809,test
1079014,validation
1736588,train
1222466,train
1072146,train
1948013,train
226011,train
1513255,train
148901,train
1886324,train
1588328,train
1878847,train
1811736,validation
612471,train
1036631,train
230936,train
145764,train
254935,validation
295257,train
1014765,train
1280218,train
1605599,validation
277098,train
694064,test
213699,train
1827685,train
691092,test
87809,train
583258,train
935627,test
2191066,train
1310099,train
1825872,validation
1313632,validation
24553,train
483381,validation
1150225,train
1044939,train
1878775,train
2192154,train
1709446,train
1149102,train
113538,train
65730,train
1612019,train
700290,train
1076536,train
10909,test
1916951,test
1015350,train
1884682,train
1892350,train
289343,train
2239593,train
717303,validation
1772936,train
1158332,validation
126054,test
1027386,train
1045511,train
114461,test
1182615,train
945706,train
220903,train
730868,train
1306738,train
417288,test
1796409,train
1208850,train
1279678,test
896405,train
1889242,validation
1335358,train
981991,train
1973549,train
1088641,validation
1247787,train
1272012,train
1022674,validation
82555,train
2219846,train
245357,validation
540790,test
1756340,train
1944778,train
1863263,validation
256648,train
79390,train
354987,train
736334,train
1586626,validation
882783,test
1074009,test
365886,train
199851,train
1392757,train
1756292,train
86637,train
1165124,validation
720804,test
2148274,train
1798356,validation
2031456,train
1873685,train
504372,train
1996042,train
736142,train
2122968,train
324045,train
1262565,train
281490,validation
1313159,train
2055383,validation
294113,train
541847,train
595681,validation
1994364,train
41406,test
1271632,train
177348,train
147639,train
1101997,train
486178,train
620929,validation
1912398,test
1898426,train
1769066,train
1010687,train
1304142,train
1302275,train
2128122,validation
587404,test
921177,train
164102,train
747020,train
1886905,train
705834,train
2142913,train
298467,test
1141665,train
178461,train
1949567,train
300201,test
1622334,train
226237,train
105714,validation
274570,validation
122326,train
1586366,train
1959051,test
196840,validation
1942497,train
1876362,train
1911895,train
1017319,test
1334105,test
1647726,train
1218562,train
1751765,validation
86570,train
1053604,train
1666531,train
1800546,validation
1831917,train
1775843,train
1847944,test
1957610,test
880363,train
2258580,test
290917,test
2082872,train
319129,train
1068264,train
661284,validation
1719233,validation
1731435,test
2169377,test
1722498,train
1332349,train
1011718,test
1639167,train
1033905,train
282325,train
1734727,test
1776627,train
1465803,validation
1761183,validation
1165687,train
1042693,test
2054002,test
1204610,train
551291,test
468309,validation
1280160,train
2214600,train
162294,train
677121,train
57565,test
2163276,train
1077379,validation
361313,test
1655989,train
1191746,train
53643,validation
417668,test
1948150,train
17952,train
2216919,train
2148539,train
213460,validation
1108076,train
2080797,train
1004813,validation
1662339,train
1858673,train
1289104,train
731895,validation
239336,train
66829,validation
255577,train
900414,validation
1300282,train
275005,train
289039,validation
218380,train
2065039,train
2199105,test
1033600,validation
1885542,validation
617896,validation
990956,train
2202995,train
1815791,validation
9630,train
378490,test
1111640,train
55872,validation
1288330,train
1279978,test
1293952,validation
42851,test
580176,train
1283193,validation
1244010,train
123647,train
155648,train
311393,train
534075,validation
2196262,test
889235,test
1787371,test
397130,train
71935,validation
142329,train
1263332,train
501444,validation
1112867,train
1147375,train
221604,validation
233585,train
1735307,train
1140264,test
1003431,validation
1332740,train
1291434,validation
1126473,train
1236279,train
1091626,test
1555406,test
1706243,test
115657,train
1025692,test
1777072,train
736252,test
2116721,validation
1325306,validation
1082309,train
401626,validation
567030,train
1167962,train
1626819,train
264208,test
307025,test
1139841,train
1858677,test
1827576,validation
2082731,train
1856207,validation
1862379,train
1921897,train
394818,train
1305095,validation
131399,validation
1630535,validation
183324,validation
300361,validation
241235,train
1638591,train
110270,train
269360,train
465001,train
137250,test
318607,train
418002,test
115917,train
1105149,train
1157630,train
465704,test
376607,train
1915453,train
1087426,train
70738,train
217753,train
295185,validation
2005081,test
2145444,validation
2166954,train
4361,test
1961221,train
1208853,train
2242736,test
230361,train
1001107,train
1200363,validation
157074,test
1324971,test
63024,train
415675,train
608529,train
1813920,test
1014494,train
1826523,train
2258563,train
1831202,train
96185,train
1079297,train
1740281,test
2204163,train
1769506,test
419756,validation
1881689,train
1042584,validation
589795,test
2257410,test
2013659,train
1062678,test
285861,test
1948845,train
1316040,test
1879428,train
1041875,validation
1818658,train
1241001,train
1065421,validation
2246099,validation
215487,train
1197138,validation
372254,validation
1183295,train
1150145,train
46415,train
1614944,train
935624,validation
676202,train
733034,test
177090,validation
2254262,train
140104,test
377499,train
1505074,validation
239547,train
1232739,validation
1627646,train
1169304,validation
434483,train
415698,train
1204062,validation
216303,train
139308,test
1842366,validation
1186992,train
697672,train
1837278,test
1160790,train
539329,test
2003309,train
1009417,test
31460,train
1852690,train
1783851,train
1876563,train
370774,train
26663,train
939738,train
1958825,test
724697,train
139362,train
1943341,train
1162700,train
1338768,validation
22174,train
1705305,test
1629434,test
1004768,train
70914,train
1249397,test
1896422,validation
1085352,train
2175580,validation
1940617,test
1824498,train
682240,train
1080579,test
1193705,train
1618832,test
1807812,validation
1800920,validation
1124422,train
1803753,test
967261,validation
1199765,train
1248732,train
986302,validation
407024,validation
119448,validation
1067686,validation
1929124,train
154825,train
1146025,test
1791072,train
264554,train
196355,train
1809193,train
994405,train
1559544,train
147365,train
2256307,train
1769483,train
1705725,train
194481,test
305236,train
2042821,test
1107502,validation
55292,test
1919706,validation
1213415,train
187948,train
1203521,train
30255,train
1899017,validation
33953,train
344955,train
1130721,validation
1331951,train
1874213,train
1351758,train
1219531,train
1346655,train
1889790,validation
341927,validation
2130179,train
1226029,train
336067,validation
2237592,train
664879,test
1847990,train
1221281,train
1134630,train
412601,train
153301,train
1932811,train
1084893,train
1272761,train
171502,train
1275099,train
2075694,train
281176,test
1247495,train
668260,test
1831309,train
1895121,validation
147924,train
1330540,train
214151,validation
1719869,train
376720,test
614017,train
345985,train
60651,train
436679,train
1827072,test
884349,train
1813639,train
1254062,validation
149301,train
350577,validation
2190716,train
40575,train
1239085,validation
232961,train
2087841,validation
1148479,train
1050297,test
127688,test
1042747,train
192751,test
1771312,train
271743,train
1239688,train
369732,test
1041167,validation
1702111,validation
1638369,validation
747544,test
642919,validation
1754810,validation
1890067,train
907743,validation
1127620,validation
1619632,train
937488,train
115985,train
270870,train
1265305,test
1346294,validation
1756246,validation
1303148,test
1842920,train
1205150,train
1307295,test
379788,train
330073,train
672570,train
1572110,test
87570,validation
342425,train
1882521,test
1049312,train
101422,validation
1112731,test
197537,train
2204258,validation
143280,train
1275214,test
1078079,train
920792,train
946194,train
965614,validation
1040031,train
1174620,validation
220730,train
1751822,train
173539,train
282616,train
1074435,train
356371,train
1808834,train
1052738,train
298663,test
1018743,train
1149038,train
199885,test
347031,train
210007,test
931966,train
2027691,train
1880002,train
659873,validation
22894,train
131911,test
1616528,validation
1497985,train
1893312,train
1004446,train
98579,train
396913,train
100610,test
1288320,train
1845462,train
1348619,train
1874890,train
343478,validation
1118305,train
1239362,train
1853742,train
1882966,validation
212359,train
2225867,train
1836078,validation
55455,validation
1195159,train
704954,train
1035548,test
205882,test
123013,train
17971,train
1906338,train
716056,train
365263,train
531682,train
185210,validation
2039148,train
690876,train
1068577,train
1673913,train
117200,validation
1244715,test
366104,train
311571,train
966918,test
1999720,validation
1108836,train
2173734,train
1681939,test
2069517,train
1782776,validation
1239873,validation
272538,test
1613023,validation
1008448,train
1835954,validation
1934661,validation
712546,validation
1884466,train
1221046,train
925650,train
256506,validation
1161436,validation
1820719,train
1167035,train
1775897,validation
985622,validation
1292109,test
658437,train
1070047,train
1010564,validation
1613656,validation
281063,train
50141,train
1954799,train
427325,train
35078,validation
119112,train
695506,train
1133985,train
135665,test
1183051,train
230332,test
1822981,train
110370,validation
1633866,test
2096756,train
980630,train
1247133,train
717977,train
306463,train
128149,train
1293547,train
1346654,train
1349034,train
343154,train
238339,validation
978755,train
261406,train
1945414,train
730078,train
1987135,train
611881,train
1263101,train
1930669,train
1800114,test
1921678,test
133504,train
1072208,train
413300,validation
1286104,train
139580,test
181665,train
1271408,validation
66012,train
1928007,test
147120,train
1031338,train
1271678,train
1933460,train
1203844,validation
187283,train
99242,train
401076,train
259836,train
305739,train
277832,train
1230633,train
157643,train
567242,train
2217065,train
405321,train
1175270,validation
1189818,train
4962,train
1240119,train
1797506,test
1757442,train
898985,train
1619656,train
292562,train
1111491,train
1103429,train
1158883,train
499560,train
684303,train
1794592,train
177016,test
1081842,train
1289760,train
53399,train
42629,train
1872396,train
1839101,train
1190205,train
328677,train
407299,train
1186251,train
1550042,train
1151636,train
1903849,validation
8994,train
1929115,validation
212265,validation
2235267,train
1806461,test
184847,test
2101138,train
1110333,validation
1081957,test
612817,train
1806117,train
1236194,train
365212,train
366331,train
323625,validation
736251,train
1318845,train
384398,train
1318724,train
1176975,train
1328422,train
2162452,test
539564,test
1869992,validation
1985307,test
648859,train
1898571,validation
1887461,train
1331373,validation
1795539,train
688886,validation
1138321,train
387680,train
1491772,train
207394,test
1654606,validation
2233505,train
1178848,train
46621,train
1947117,test
1302640,test
1119058,train
235695,test
1033033,train
1194413,train
14719,train
1258552,train
2003231,validation
318108,train
1709021,validation
1791091,train
1135685,validation
1086983,train
2122235,train
2091988,validation
1628543,train
2216739,test
1243124,train
2029785,train
274336,train
826718,train
385960,test
28321,train
1057917,validation
1315013,train
1083886,validation
397075,validation
897694,train
458479,train
203690,validation
1224472,test
331848,train
2201812,validation
1982739,test
1139,validation
1140207,validation
143001,test
130684,train
77560,validation
1257599,validation
1635448,train
2068098,train
189287,train
2002604,train
729174,train
146976,test
400182,validation
422203,train
271075,validation
1312263,train
1755863,test
1974235,train
93331,train
1340173,train
1128668,test
1254266,test
283294,validation
1758060,train
1171453,validation
1810511,test
1809834,train
1871442,train
1766875,train
43641,train
1850106,validation
114699,train
102713,train
1636795,train
284047,validation
2253067,train
549478,test
729201,train
1854462,train
323837,train
1500497,validation
1940133,test
281770,validation
154105,train
160101,train
1002664,train
136950,train
112951,validation
639170,train
1639947,test
355113,train
20300,validation
1268986,train
1238577,train
2044874,train
1898431,test
363196,train
63502,train
1223235,train
1872492,test
60834,test
1775610,train
163912,validation
636934,train
1817022,train
133350,validation
1920545,train
1983600,train
1099007,test
1300700,train
1795459,validation
1938152,test
289676,train
49626,validation
721621,test
1190923,validation
277529,validation
733533,validation
1327431,train
1324674,train
599929,validation
44846,train
1160393,train
2105179,validation
559900,test
1023358,validation
1346926,validation
1760019,train
1878487,train
980903,train
189252,test
1239713,train
2251825,test
708183,validation
1131417,test
1758760,train
1243161,test
1801799,train
1343562,train
121079,train
999049,train
238981,validation
740668,train
1188697,train
1895982,train
253202,train
32753,validation
1075966,train
1828854,train
1249925,train
1770351,train
273411,train
1811121,train
1861729,test
379320,train
9304,train
1221192,validation
1308589,train
678324,test
1273242,validation
7176,train
994097,train
152958,test
1970932,test
330894,train
1779713,train
1007775,train
1959459,test
834123,train
675671,train
1895022,test
225422,train
1159169,train
1166658,test
1816755,validation
108473,train
133965,train
1940284,train
70278,train
146085,train
1506543,train
1804028,train
642371,train
328230,train
1233884,validation
43201,train
543148,validation
396940,validation
1162969,validation
574216,train
311659,train
1778854,test
1240380,train
1797350,test
108319,validation
131239,train
10060,train
1100480,train
1305574,train
1535255,validation
1192415,validation
1277410,train
53936,validation
232069,train
1266714,validation
1048487,train
1807763,train
416538,train
530444,test
1626465,train
1031423,train
2061007,train
90584,train
1795991,train
1757542,test
307947,train
149804,train
153079,train
279782,train
2020231,train
1631640,validation
453057,test
1211237,train
766262,validation
16068,train
242370,test
2092459,train
1835440,train
1067490,test
1623380,validation
1266102,test
1888408,train
584735,train
1001095,train
1143712,train
592845,train
1069340,test
150319,train
1762777,test
47004,train
2037502,test
3935,train
527614,train
1924227,train
77548,validation
1901646,test
1108810,test
917447,test
2221646,train
1612968,train
1243881,train
668698,validation
1088425,train
154503,validation
371052,validation
211077,train
1781899,validation
1912839,test
672338,train
582814,validation
1904423,train
385939,train
397391,validation
558041,test
1858387,train
1214239,train
1776811,test
289626,validation
1911034,train
1064676,train
224104,validation
1716518,train
280708,validation
1199108,test
1852137,train
179302,validation
367977,test
624985,train
537427,train
225086,train
179999,test
1294871,train
2210711,validation
134066,train
1214041,validation
1107723,train
1861653,train
1618118,test
735055,train
1148615,train
1063349,train
2032216,train
252134,train
1329297,train
2123981,test
704171,train
1281642,train
40026,train
211671,validation
1624354,train
1868909,train
291022,train
654357,train
391794,train
1009412,validation
1976060,train
155038,train
1777481,validation
239372,train
148246,validation
1693750,train
1953786,train
2141176,test
603470,train
157816,train
1938319,train
1844034,train
1316792,test
664773,train
2242710,test
1592244,train
1144138,train
2135125,train
46881,train
1750079,train
678660,train
1855189,train
1074547,train
520121,train
695923,train
1886311,train
138912,train
2143831,train
1923098,train
1636887,train
833842,test
1251634,train
301913,train
1169599,validation
886146,validation
918500,test
2082712,validation
279174,validation
1200126,train
1108100,train
1003102,train
1861439,validation
2096175,train
1126031,train
1790725,test
1229502,train
657413,train
250511,train
2244172,train
545622,train
616659,validation
125686,train
1274705,validation
1052559,train
426475,train
676890,validation
595381,train
1790282,train
990181,train
405576,train
1905952,validation
286933,test
226446,train
330900,train
2040841,train
1089269,test
185211,test
126479,train
1205608,train
8569,test
19795,train
457602,test
1177634,validation
1846873,train
1756635,train
2027648,train
158812,validation
888216,validation
1981541,validation
1192539,validation
395665,train
1846627,train
1922078,train
474147,train
148957,train
1246045,test
1177456,train
385930,validation
1613977,train
321517,test
990812,validation
1801398,train
1201415,train
1032179,train
1146898,test
62822,test
1148310,train
294562,train
1260003,test
1244932,validation
1195060,validation
2160181,train
1087758,train
1872716,train
915996,validation
1734508,train
55671,train
274244,train
2140280,train
162334,train
369442,validation
2231465,validation
580287,train
1171863,train
177507,train
1721541,validation
580455,train
160128,train
1181665,train
1931715,train
1796625,validation
149980,train
1214352,train
692850,validation
1174157,train
1992059,test
1723884,test
13984,train
547280,validation
2211018,train
1241933,validation
1565065,validation
1884408,test
1041505,validation
1098809,test
1312089,validation
1325440,train
85497,train
1853253,validation
1073077,train
1945588,validation
2251633,validation
1930284,train
1208395,train
1233197,train
654016,train
335894,train
14417,test
1242834,train
476144,train
2167962,validation
1592597,train
272357,validation
393520,train
191524,train
1866511,train
159879,test
693209,train
1634282,test
1708723,train
323318,validation
410536,train
1843524,validation
1279886,train
1595341,train
111675,train
34163,validation
139702,test
638516,train
1684543,test
1764091,test
692189,train
299278,train
403353,train
1985625,test
1990339,validation
185840,validation
1109402,train
29848,train
1780833,train
156741,train
1416284,test
748814,validation
1676604,test
1990952,validation
1837868,train
1297257,train
1806682,train
1589438,test
2147098,validation
273323,train
2007785,train
1190601,train
891342,train
1339405,train
1094666,train
1206157,train
144809,test
724881,train
147738,validation
274069,train
1130335,train
1905913,test
357954,train
621427,validation
1297269,train
400635,train
2175579,train
159611,validation
1744961,train
605427,test
1225747,test
1292302,train
1759747,test
2254240,validation
1488472,train
1052894,train
1330551,train
263685,validation
2004031,train
351506,train
1215644,validation
1649856,train
393737,test
1752939,validation
611814,train
688812,train
123087,train
341906,train
1840802,test
551813,train
744639,test
1076884,train
2240155,validation
1193022,validation
1345174,train
2081821,validation
539952,train
1816199,validation
51976,train
2215489,train
899391,train
651676,test
1713948,test
284812,test
181388,train
143162,test
1113018,train
1334543,train
685192,train
674510,test
1178613,train
375854,test
1906354,train
1158806,train
1819462,test
509312,train
1926856,validation
56856,train
1778890,train
1917413,validation
1027736,train
149169,train
1210236,test
722878,test
2237546,train
2179294,test
1240020,train
3084,test
49205,train
976696,train
1192118,train
1875083,train
1615595,train
321070,train
1959733,train
1011046,validation
1873098,train
1896140,train
1797883,validation
1772067,train
1643003,train
1528095,train
111979,test
1787974,train
142431,train
1847565,test
1133249,validation
1744921,test
989387,train
1059573,validation
309348,train
381442,validation
1946397,train
1342254,train
964040,train
79896,train
1074188,train
1296554,train
2140515,train
225916,validation
1473415,test
1107165,test
733182,train
1076039,train
2053681,validation
1543569,train
1542853,train
1152553,train
1915808,train
78120,test
358867,validation
352852,test
219532,test
67572,train
34778,test
1704642,validation
1288781,train
590878,test
1146750,test
2244387,train
1390764,validation
1755768,validation
1932455,train
896713,train
1898448,train
1073364,train
2133989,train
1869937,train
1237428,validation
183648,test
1603908,test
1768787,train
1001423,train
1696914,train
883847,train
713239,train
108364,train
745074,test
958075,test
1881839,train
1922694,train
281784,test
1959735,train
812218,train
1238344,train
537855,train
653506,train
1932781,train
1244799,test
11466,train
1343278,validation
976418,train
2161612,train
2193934,train
1791094,train
1325609,validation
1656566,train
965734,train
1670259,validation
246578,validation
109285,train
1952295,test
72719,test
1334754,train
678845,test
2067011,test
1781299,validation
1256716,train
1799491,test
676367,train
951529,test
1056486,validation
657601,train
1856612,validation
209072,train
590781,test
2080922,train
39966,train
2201142,train
423474,train
1084623,train
1154553,train
1252783,test
1862634,train
1719882,validation
20182,validation
1162671,train
735206,validation
18925,train
1174739,test
178039,train
587201,train
1254977,validation
1412052,train
174112,train
507955,test
1645050,test
1149365,train
1899165,train
1169091,train
1648397,validation
1490523,train
290272,train
1227046,train
1252987,validation
2207555,train
272831,train
1634592,validation
58784,validation
1097494,test
2215453,train
1280716,train
922836,train
1674897,validation
934927,validation
1086207,validation
1866558,train
1807623,test
677465,train
1488199,validation
256005,train
1206630,train
1821176,test
1226321,train
379180,test
2117922,test
2038235,train
77363,test
1886261,train
1096417,train
1905206,validation
291053,validation
399032,validation
1926128,test
1220113,train
2183863,train
394155,validation
2016877,test
413518,train
17581,validation
220023,train
1898699,train
17784,train
240458,validation
2115582,train
732537,validation
1156538,test
1985721,train
1724638,train
1849274,validation
1754957,train
124946,validation
56492,train
254198,test
279543,train
1202603,test
52322,validation
1035157,validation
1535551,train
1246613,train
2029561,train
95839,validation
424500,train
1302486,train
351247,train
2209404,validation
410191,test
404538,train
823528,train
1192731,train
242538,train
1800043,train
1672108,validation
2193513,train
893949,train
782643,validation
105982,train
1277746,train
784611,train
1041528,train
17558,validation
224243,validation
936171,validation
165964,train
78595,train
656347,validation
299884,validation
71310,train
370812,train
1972815,train
2154401,test
2095570,test
1123367,test
397059,train
2145348,train
1730347,test
403189,train
1845865,validation
1225449,train
912253,validation
329304,validation
966765,train
7428,train
1086344,test
1255142,test
175473,train
1903172,validation
1224695,validation
748081,train
1025759,train
1070031,validation
2119881,test
319321,test
1303474,train
269586,train
1091715,train
2207116,train
1922092,validation
956331,train
373415,validation
1897635,train
1357754,validation
935943,train
669344,train
331737,train
1954858,train
1109891,validation
608427,validation
361605,test
1640726,train
1575457,train
101515,validation
392886,train
1620005,train
1628355,train
319294,validation
1103213,train
1635402,train
1815403,train
1890102,test
2005227,train
1818174,test
684062,test
243425,train
1930351,train
1811992,train
603637,train
2232346,train
488347,train
596628,test
976984,validation
218953,train
1782575,train
2018732,test
1223311,test
1621877,validation
228084,train
1854437,train
1084036,train
1916444,validation
113675,train
1682736,validation
941941,train
287411,train
353069,train
1909946,train
531647,validation
1127729,validation
1524803,train
690208,train
1742767,validation
2136350,train
347661,train
72566,train
1981468,train
257557,train
552461,validation
2120759,train
1274629,train
1022053,test
1061815,test
131700,validation
701405,test
1306151,train
358826,train
220168,validation
387537,train
1178285,test
1237346,validation
333586,train
259017,train
128918,test
248770,train
217555,train
1777291,train
157108,validation
2105165,validation
264324,train
1827347,train
1797253,train
1069701,test
1781198,train
611164,test
2012005,test
1667591,train
1301826,validation
368557,validation
727963,train
1833179,test
333401,test
1203226,train
2249289,train
279878,train
929228,test
626769,train
582911,train
1195982,train
1099950,validation
394591,train
43272,validation
155760,train
200090,train
2109546,train
1508035,train
610950,train
390881,test
1339928,train
1228115,train
1317234,train
1620001,test
117551,validation
201075,train
1826254,train
1923856,test
1688514,train
1290717,train
1830857,train
1932193,train
738580,validation
280392,train
1874630,test
1192682,test
418235,train
1088359,validation
1831345,train
1889048,validation
1661366,train
354147,train
72857,test
1830474,train
1684552,test
2177733,train
614966,test
73889,train
1029614,train
579961,validation
513528,test
32078,train
2198111,validation
1512254,validation
303631,validation
1853481,test
263935,train
646655,train
1995386,validation
1868684,test
1868407,test
2033860,validation
365158,train
415625,validation
1634438,validation
283516,validation
2169894,train
992286,train
2027918,validation
1843923,train
1259800,train
1184391,train
1256698,train
1303336,train
1241142,test
1887854,test
2076897,validation
1069553,train
1764217,test
695986,validation
1760656,train
1265076,test
727859,test
2228332,train
1033630,train
46826,train
1210467,validation
26644,test
1339976,train
2240919,test
677224,train
1850436,validation
1297254,train
1296551,validation
1786991,train
247877,train
1042986,train
778409,train
248794,train
140827,validation
2258667,validation
1869453,validation
302786,train
1799926,train
1856507,train
1620255,validation
1211692,validation
1033478,train
300403,validation
1035066,train
201046,validation
1348462,test
11591,test
1729271,train
1863148,train
214514,test
480697,train
152442,train
599365,train
419355,train
669516,train
2021093,test
1635588,train
85784,train
1560651,train
1029972,train
1865039,train
609909,train
1033857,train
1288927,train
181128,test
31217,train
16766,validation
2106472,validation
1728321,train
1827608,train
32826,test
300212,test
1911638,test
1233694,validation
2247539,train
25376,train
1182365,train
984994,train
181751,train
1173813,test
1633111,train
1324305,test
376296,train
2248240,train
1079085,validation
375680,train
1028621,validation
791555,test
2163842,validation
1918934,train
586882,test
353141,train
1142276,validation
2052703,train
319759,test
1785707,train
1613697,train
742459,train
4846,train
1811481,train
150209,validation
1886104,test
1775448,train
1959386,train
99931,train
1314871,train
1689607,train
1849857,train
1271770,test
2224709,train
1064819,train
2227709,train
1318383,validation
1613244,train
157820,test
18059,validation
291490,train
983066,test
21698,validation
282323,train
2133678,train
2174745,validation
1627493,train
625879,test
1227732,train
1649606,validation
1266686,train
624308,train
1858785,train
265407,train
1886340,test
1686055,test
151263,train
265879,test
308846,train
1052365,train
2024497,validation
1832459,validation
1212418,train
1844989,train
1022719,test
913583,test
1055653,train
1127695,train
1982157,test
569891,test
250980,train
1751278,test
2002974,train
739648,validation
1686244,validation
1283961,train
264168,train
146190,test
261731,train
1000074,train
2141345,train
357879,train
82546,train
1212708,train
133531,test
29000,train
388259,test
2002129,train
1834944,train
733260,train
359758,test
295412,test
1791487,train
240147,train
1109609,train
682930,train
2036089,train
162838,validation
2208976,validation
1837113,train
1670090,test
468947,test
185824,train
63168,train
1921414,test
361474,train
2116541,train
2148588,test
1865225,train
1072322,test
1869074,validation
1520671,validation
1243879,train
1134611,train
1886568,train
257410,validation
293301,train
1095522,test
1940495,train
2130828,test
680679,test
1002738,train
1124977,test
75247,train
408308,train
743641,train
1471894,train
1907539,validation
1903015,train
76252,train
999521,train
1618309,validation
1053393,train
82865,train
1743943,validation
1991147,train
643906,test
1626375,test
2053768,train
1179452,validation
1336408,train
28055,train
117248,train
1027204,train
2061777,test
531338,train
384733,test
334768,train
1551076,train
1078602,train
246177,train
292346,train
303240,train
1647938,test
275251,validation
19279,test
1802890,train
2147368,train
542359,train
1698691,train
1942649,train
2137034,train
363028,test
1104739,test
1769857,train
1860370,train
187147,test
1046309,validation
2244752,train
335636,train
1866725,test
1617511,train
1788654,train
684816,train
1695413,test
1617861,test
1763420,validation
1289306,train
1620818,train
36748,validation
1884483,test
712549,train
1614030,test
733441,test
300719,test
2087874,validation
311126,train
1595796,validation
1114999,test
1795116,validation
321649,train
1926848,train
1979824,train
846088,test
124557,test
305611,test
1330072,validation
156736,train
1243898,test
1164014,train
473357,validation
705927,validation
1810842,test
413657,train
1049565,train
1999240,train
1112440,validation
1346472,test
1117094,train
247055,validation
1068531,train
2248338,train
215825,validation
1584692,train
1624616,train
1882913,train
677207,train
1868795,train
5810,train
2241104,test
256802,train
93978,test
1107642,train
256787,train
1647394,train
1252530,train
601336,train
1267119,validation
420165,train
1247305,train
1190691,train
1783442,train
80436,train
98247,validation
1761365,test
2205914,validation
1893842,train
633558,test
1064617,train
286979,validation
1280159,validation
125484,validation
1352241,test
1125456,test
342816,train
1124038,train
1763668,test
1300220,validation
710175,train
154544,train
1915140,test
1658896,train
466506,train
964000,train
1298436,train
89525,validation
2059839,train
390652,train
1979261,train
204309,train
2241307,validation
1793554,train
313264,test
354374,validation
1286098,train
1007910,train
2194914,train
1225764,train
97937,train
2248385,test
1810364,validation
1138651,train
706642,train
312426,train
1062117,train
328164,train
345242,validation
961252,train
1272319,train
1236142,train
68139,train
2205317,train
1512654,train
1766919,train
1952651,train
1803334,train
184401,train
1754094,test
1285908,train
707674,train
1200774,train
1532472,train
1871902,train
1065385,train
298911,train
1338848,train
166851,train
1620655,train
1077436,validation
1251761,train
1052418,validation
674132,train
1324715,train
222432,train
1094225,train
1750242,train
1041133,validation
1181117,train
790529,validation
1341157,train
1739125,test
1813233,train
51162,validation
2030260,train
745378,test
301390,train
1281527,validation
99384,train
1332031,validation
1765448,train
218435,train
1254423,train
410855,validation
1626934,train
1068187,train
1523503,train
817763,train
1737241,train
1707559,validation
402819,test
1260459,train
1262261,train
1907900,train
258937,validation
109640,validation
1292877,train
1204618,test
813074,validation
54074,train
2023188,validation
1205103,test
632665,train
1339657,validation
1818455,validation
1202508,validation
666140,validation
688087,validation
707217,train
745881,train
694167,train
49127,train
284288,train
1359578,test
41308,train
2077937,train
1292740,train
207020,train
713423,train
346915,train
535940,train
1960133,train
1887269,train
1603021,train
482311,train
328670,train
1800382,validation
1090499,validation
1775330,train
619730,train
1208494,validation
1196965,train
148994,train
288965,train
1069344,train
250490,train
195297,validation
212061,train
723676,train
997722,train
963925,test
43890,train
52683,train
327940,train
1311693,validation
735376,validation
924804,train
240783,train
1768751,train
273777,train
62656,train
1156968,train
68137,test
179610,train
1639234,train
315894,train
1013320,train
1827495,test
1753874,test
151230,test
979668,train
1908386,train
802240,train
1140110,test
309223,train
355823,validation
210065,validation
1791298,test
175240,train
940881,validation
746570,train
223602,validation
11498,train
898042,validation
1152470,train
701266,train
1957539,train
379911,train
13353,validation
374128,train
1629236,validation
243739,validation
127619,train
1005614,train
73418,train
1079457,train
48259,test
1635606,test
1721742,train
36013,test
2013918,validation
1331426,test
193979,validation
1196611,train
983980,test
625866,test
1587944,train
2172139,train
338437,train
1699986,validation
1807031,train
2036060,train
963322,train
416577,train
1079634,validation
366326,test
1132403,train
1910151,train
737738,train
333132,train
33673,train
690484,train
1610169,train
937595,test
1947213,validation
69072,test
1784886,train
1164116,validation
120604,test
937348,validation
366506,validation
168895,validation
1339035,train
929034,train
149373,train
1905339,validation
1240709,test
2167593,validation
2096404,validation
1869263,validation
1231121,validation
1834455,train
1909052,train
1033425,validation
558042,train
941037,validation
247341,validation
1717695,validation
289706,train
116396,train
276973,train
1339909,train
1000147,train
342553,train
119498,train
1258443,train
1093563,train
344421,test
1294123,train
1669889,test
1911065,validation
555564,validation
623915,test
998819,test
1710916,test
399140,train
110176,train
503720,train
74913,test
1061013,train
1109239,train
1168011,train
1891911,train
86997,train
1635425,test
1258214,train
1260051,test
1912997,validation
2188354,validation
1933951,train
1975069,validation
923797,train
217958,test
955049,train
1137990,test
204615,train
1965926,train
709261,train
890205,train
953772,train
2217614,test
2164299,train
1864058,train
1212539,test
2163852,validation
1016724,validation
87508,test
1309787,train
842059,train
1194177,validation
481921,train
907487,train
35648,train
1208907,test
25416,train
48585,test
42150,train
1017974,train
1772853,test
1255887,test
2040568,train
133296,train
1274225,train
1126939,test
389566,train
1128357,test
197383,train
1264811,train
1840846,train
2057657,validation
1959184,test
172155,validation
130142,train
160396,train
537911,train
1766729,validation
1950772,train
2101378,train
415209,train
1859730,test
441701,validation
1610509,validation
1322570,train
983354,train
955047,train
415446,test
1958813,train
1726039,train
661079,train
1221483,train
1233419,test
410018,train
1223042,train
608347,validation
8379,test
2076935,train
1758777,train
297184,validation
1732702,train
273299,validation
1876612,train
1615458,train
1194942,validation
538872,validation
1161314,train
463546,train
373001,test
604020,validation
1797050,train
348162,validation
1909241,test
1915694,test
7389,test
1860357,validation
220661,train
581528,test
328450,train
1829930,validation
1846194,train
1890840,test
943602,train
1108499,test
2030409,validation
334077,train
1227777,train
1806980,validation
137086,test
1287813,test
2170735,validation
1224556,train
1282166,test
2085724,train
2107950,test
692251,train
389849,train
755667,train
266674,train
1927234,train
187353,train
928910,test
208725,train
1235069,test
633069,train
326160,train
191435,train
1921775,train
479449,test
246604,train
290019,train
334207,train
671277,train
541233,train
588997,train
1322476,test
2177810,test
353221,test
1226781,test
77179,train
2178020,train
447689,test
2067723,train
204024,validation
49314,train
1040813,train
2156871,test
1054731,train
167878,test
1277657,train
655705,train
1752174,train
1303693,test
135095,train
2227566,test
1133624,train
1912238,validation
987111,test
2244184,test
967326,train
1200289,train
1879166,train
1787327,test
1332324,train
796996,train
1988928,test
1853710,validation
1665470,train
1913958,train
549966,test
378942,train
581840,test
294003,test
178623,train
1047491,validation
22200,train
1716539,train
1990220,train
1767200,train
1333372,test
326887,test
1902621,train
1793224,validation
1330204,train
385068,test
174475,train
1020187,train
383053,train
1077297,train
147957,test
1984039,validation
1317627,train
1313011,validation
1575581,train
468758,validation
1315091,train
1013961,train
1293439,train
995212,train
1550774,test
1873856,validation
1721348,train
943203,train
1199719,validation
1070150,validation
1902530,test
21547,train
398515,train
33588,test
190037,train
1289190,train
633317,train
963304,test
115602,test
644347,validation
1007647,test
1682631,train
908957,test
1878166,train
1898735,train
236172,test
335676,test
1331930,test
1316890,train
287046,validation
84275,train
407513,train
1755384,train
2050476,train
211409,train
670336,train
1646838,train
1007269,train
1351224,train
1612484,train
990493,test
375238,train
2229215,train
1786437,train
347582,train
571929,test
1380652,train
1922406,train
1216373,train
565000,train
1909349,train
287252,train
1078898,train
1098950,train
1013771,test
251965,train
459970,train
1851369,train
1281751,train
664987,validation
2197332,train
2064772,train
247928,test
1678359,train
235823,validation
1821270,train
1107206,test
276430,train
51550,train
324299,train
1066922,train
3612,test
2201768,train
2020707,test
79015,train
1081789,train
298622,train
1262294,train
2195826,train
1350022,train
1340006,validation
1703958,train
909172,train
438312,train
375180,train
1784914,test
1962166,train
1622378,train
1546070,train
2201778,test
1341457,validation
1912443,train
1712523,train
484516,train
1090817,validation
1766248,validation
364708,train
335809,train
90512,validation
1306182,train
1761890,train
1202685,train
1858649,train
109518,test
1638430,train
895412,train
12944,train
792291,train
1930653,train
1603406,train
1751128,validation
1289999,train
1795253,train
1051719,train
1949808,train
1641655,validation
19466,train
1231434,test
673823,validation
134150,validation
1756313,train
1710823,validation
324555,train
1759070,test
1776968,test
242819,validation
1096784,validation
128802,train
1167574,train
2141447,train
68779,train
511779,train
1289887,train
1707589,train
902568,train
682816,train
1626139,train
1572764,validation
82450,train
1206612,train
1807693,test
382701,train
1334545,test
2182723,test
1260315,train
1148755,validation
1647591,train
1272466,train
1255172,test
233187,train
1849404,validation
362165,train
662878,train
380126,test
46790,validation
1294186,validation
1249689,train
36007,train
1185743,train
1650210,train
1106736,train
1868279,test
129706,train
304243,train
1775033,test
70825,validation
537113,train
1588417,train
1187740,train
1135328,test
1239878,train
1052427,train
731547,train
1901290,train
996940,validation
69191,train
1931465,validation
606758,test
1968098,validation
1326761,train
1802622,train
1785933,test
1006998,train
369987,train
706077,train
1242005,validation
2030101,train
1326388,train
382536,train
1003564,train
415871,train
1826994,train
519921,train
1246518,train
97243,train
1264667,train
1237008,train
1666535,validation
1637063,train
1846673,test
1251385,train
1169222,train
1071486,validation
1901659,train
428253,test
36713,train
1578399,train
2148916,train
1217645,train
253777,validation
1983685,validation
1141945,train
273047,train
1631855,train
656452,test
14961,test
2226081,train
1620358,validation
38137,test
356877,train
142898,test
1138037,train
1033436,train
296672,validation
2235929,train
1049614,train
232962,train
1230332,test
1918231,train
1996863,train
5780,train
1693783,train
126453,train
1337913,train
133360,validation
325695,test
902468,test
143389,test
393692,train
1690854,train
1351700,test
2225196,validation
1075517,train
2130794,test
670676,validation
1815134,train
1881389,test
229096,train
132178,train
13061,train
1713201,train
1893157,train
85473,train
2190271,train
2189639,validation
468837,train
1760423,train
62004,test
1803441,train
252130,validation
1853064,train
1255921,train
71729,validation
1547109,train
901927,test
80034,train
2151832,train
945591,train
664132,train
2014588,test
1194990,train
1303595,train
718756,train
2041566,test
89961,validation
1205811,validation
2239332,test
213494,test
2011938,validation
1120920,train
1888812,train
1871470,train
2004731,train
368922,train
1891837,test
1587070,test
198594,train
1351410,train
961828,validation
1205439,train
1188474,train
87387,train
89183,train
1072467,validation
1615162,train
981568,test
144242,train
362344,validation
67974,train
1887974,train
1742038,train
726197,train
637214,train
1103164,train
1273253,validation
720405,train
1662137,train
1817992,validation
603941,test
194716,train
579799,validation
1690587,train
175319,train
1350049,train
1887278,train
1847021,train
240313,validation
918324,test
1812373,test
404343,train
918156,validation
1735899,train
2260319,train
22659,test
1273543,test
1342959,validation
1212438,train
63912,validation
114043,validation
265960,validation
696406,validation
1189256,train
333814,validation
1531153,validation
997763,train
1927303,train
221120,train
392990,validation
182056,test
28960,train
1180376,train
1203745,train
889836,validation
803146,validation
371808,train
2169561,train
1629260,train
706018,train
1328838,train
1259344,train
2065328,test
1194284,validation
941077,test
910082,train
1826737,train
323682,test
1752867,train
411258,train
925544,train
884082,train
1675317,train
713677,test
1854354,train
1176798,test
1710843,train
709207,test
134653,validation
1889731,train
2113241,train
393485,train
170009,train
1651450,train
1845359,validation
2028300,train
1519740,validation
1256783,train
1176856,validation
620252,validation
1872362,train
1826683,train
66535,train
1454009,train
30348,train
232101,train
940790,test
169738,train
1672713,train
25565,train
1933949,train
1318390,validation
114768,validation
1690852,validation
46705,train
1050319,train
657535,train
1105742,train
716311,validation
671489,train
268114,train
141858,test
1256041,train
1884275,train
1247717,test
1642093,test
8719,validation
1323795,train
157654,validation
638215,validation
1804230,train
582843,train
1005218,validation
1031949,validation
1843883,train
903336,train
1751319,train
336169,train
1351673,train
1044136,train
1809998,train
38759,test
269429,validation
2161174,test
1230905,test
342149,test
366116,validation
1693580,test
1093549,test
120285,test
1046430,train
2077995,train
2032354,test
1056598,test
232114,validation
989081,validation
574693,test
1862352,validation
1027735,train
346825,train
160519,validation
1183754,train
1212974,train
1191736,test
1244097,test
724919,train
191455,train
260756,train
1930846,train
1030964,validation
289686,validation
484312,train
2917,test
1818153,train
188250,train
2175329,train
1030523,train
1217721,train
1108819,train
370538,train
110538,train
1343764,train
1052304,validation
272343,validation
1674886,train
99193,validation
1729042,validation
1638744,test
1619971,train
1004607,test
1160876,train
1779206,train
1875330,train
1347802,train
386615,train
625042,train
1430696,train
1716710,train
1957106,train
17298,validation
2133405,train
2220119,validation
1121238,validation
1130992,test
64228,train
2150249,test
1635453,validation
1865411,train
736240,train
1843942,train
636520,validation
2243859,train
195153,train
1254486,validation
2108119,validation
1178467,train
1246602,validation
17638,train
1644622,train
37536,train
1052020,train
190480,train
1803260,train
94174,train
1260960,train
279662,validation
295783,validation
1101621,train
221505,train
656483,validation
900616,train
1662424,train
1027963,train
1225257,validation
1772042,train
1301592,train
393076,test
1151940,validation
2251551,train
422109,train
1886475,train
1204374,validation
1165373,train
11713,train
938102,train
868189,train
9783,train
1259868,train
712568,train
138277,train
88888,train
1397134,train
6898,train
1220863,validation
1213045,train
1815552,validation
1039437,train
291286,test
280984,train
1062494,test
2004033,train
2240913,train
399441,train
151771,train
1856565,train
2056228,train
1000950,test
382673,test
352286,train
1887754,train
1299503,validation
1071990,test
1186560,train
1638239,validation
1927684,train
1616289,validation
80903,train
734184,train
1224433,test
361668,train
1959731,train
1025066,test
1931963,test
990741,train
57753,validation
1650679,train
1113207,validation
709418,train
941881,train
1784694,test
96552,validation
1209883,train
45655,test
1310060,train
301543,train
89872,train
1694214,validation
228609,train
15418,train
414109,test
1777693,train
88448,train
1015358,train
244670,validation
1840178,test
1790285,test
1102882,train
1890185,train
1896032,train
1549190,validation
1752374,train
1350112,train
308308,train
561741,train
1289196,test
1318021,validation
408377,train
1726660,train
178174,validation
1203875,train
1816196,train
1863152,train
1021092,train
1897368,train
2200646,train
1110809,test
1680979,train
173092,train
727431,validation
4057,validation
2232176,train
1769876,train
1864343,train
2111012,train
922560,train
926,train
909859,train
1986448,train
1967627,train
1051725,train
1691115,validation
1043409,validation
154537,validation
185130,validation
1615098,train
22553,train
1771819,train
1103587,train
372834,test
1335734,validation
1320022,train
364417,train
1853672,test
647986,train
1140269,train
241245,train
2185827,train
64742,train
906237,train
911620,train
698220,train
1242640,validation
697617,validation
386987,train
1760170,train
1270282,train
1063834,train
1895683,train
996766,train
1257865,test
148459,train
40850,train
682086,train
1837187,validation
568326,train
150230,train
904303,train
220243,train
346462,test
746166,train
1146723,test
1836422,train
1282785,test
974061,train
719713,train
2196871,test
1887345,validation
107310,train
1839777,train
133209,train
1265437,train
202535,validation
1233015,test
1225619,train
674967,validation
1788244,train
67931,train
2096632,train
1097981,train
100086,train
1692861,train
1293187,train
503966,test
1118551,train
1170852,train
320834,train
2252643,validation
237979,train
20725,test
177344,train
1668209,train
2087566,train
28212,train
626403,train
1921081,train
565943,train
185714,train
1690634,train
1821790,train
2042198,train
2162755,test
1084449,validation
144540,test
735204,validation
1313817,train
169745,test
163837,train
1791886,train
1875334,train
109541,validation
106769,train
109452,train
1788704,train
1887498,train
1205649,test
901624,train
1857685,train
1708272,train
2075762,test
1177766,validation
1242467,test
132046,train
1193046,validation
1807759,train
1880848,validation
400842,train
275896,train
178550,train
1222361,test
119868,test
1879605,validation
289682,test
1584266,train
1285687,test
354840,validation
1346455,train
257380,train
996845,train
1037683,test
520637,validation
2153618,train
1889610,train
2106696,train
2151407,train
26903,train
1195294,validation
1815055,train
1474563,train
1863022,train
283973,train
1608714,validation
1086371,train
58651,train
2186162,train
970508,train
340099,train
267605,train
1103015,train
385189,train
313917,train
1219248,validation
363453,train
2002237,train
702745,train
69750,validation
1771592,validation
1323413,train
156026,test
1024147,validation
1185042,validation
1247430,train
1695957,validation
1907332,train
562140,train
1911127,train
698876,train
1237832,train
306276,train
1754162,validation
1145718,train
1146707,train
2244634,train
236787,test
380109,train
1391544,test
1182814,test
1766848,train
1885983,train
51206,validation
745586,validation
2210351,train
52684,test
2093030,test
218280,train
760671,test
1136401,train
387853,validation
1132897,test
261516,test
1996237,train
458085,test
1777911,train
1227859,validation
1952932,train
259359,validation
1986599,train
1942772,train
1060938,test
1642595,train
379421,train
25515,validation
371786,validation
1244967,train
1872065,train
38838,train
345951,train
1347427,train
83436,train
344566,train
1724265,train
222875,train
2136848,train
1781307,test
1735260,validation
1570776,test
959788,train
284509,validation
2116610,validation
23182,train
475823,train
1950754,validation
1900306,train
257357,validation
1040937,train
946805,test
1766941,validation
326578,validation
1344458,validation
119674,train
450865,test
1939056,train
1161054,train
1814616,train
713551,validation
1754470,validation
257558,train
282462,train
1825424,test
1834993,validation
679589,validation
1837966,test
1830462,train
683447,train
1860658,train
710290,train
167648,train
1051764,test
90691,validation
373109,train
1926046,train
1873393,train
1885857,test
1137855,train
43654,validation
1849787,test
1961455,test
563186,test
315933,test
1081157,train
987599,train
1956823,test
1950987,train
657314,train
286944,train
1224807,test
282884,train
1484423,train
674451,train
336941,train
1628828,train
284990,train
1280385,train
655214,validation
1337164,train
1900121,test
256050,train
376616,validation
654171,validation
686096,validation
531885,train
2080455,validation
146015,validation
1836458,train
496645,validation
1564227,train
13799,train
1218359,validation
1161021,test
1318466,train
1926283,test
359287,validation
1879504,train
995816,train
1832317,validation
1709918,train
47559,validation
597401,train
562518,validation
418170,test
625997,validation
1752657,test
1046524,train
1313760,test
1843639,validation
193959,train
775538,train
111001,train
990241,train
86694,train
10484,test
1276264,train
998836,train
404607,train
1105952,validation
1523871,train
1616816,test
1094904,train
688434,test
239744,train
945425,train
1588069,train
1767767,train
1287394,validation
357018,train
2252146,validation
1059420,train
129861,test
40502,test
264514,test
247570,train
345202,test
1217965,train
49824,validation
35235,test
1911454,train
533399,test
2201254,test
1836207,validation
1076277,validation
462439,validation
1633857,train
945261,train
400372,train
1140498,test
1870335,train
964656,validation
1972561,test
982154,test
355152,train
131206,train
133071,train
60122,train
2165917,train
342275,train
866961,validation
261306,test
672401,train
1283037,train
152528,train
1780960,validation
1288126,train
704007,test
1201516,train
1273113,test
914977,validation
1763465,train
339899,test
314609,validation
29770,train
896757,train
555960,validation
77130,test
253707,train
1137937,validation
1017695,train
126812,train
1271457,train
2001773,train
77233,train
420161,train
1333687,train
5805,train
175333,test
476874,train
58394,train
923407,validation
36592,train
256134,test
1274625,test
1183746,train
1122486,train
402049,train
57973,test
1342069,validation
1625827,train
726564,train
1289834,train
1995508,train
945846,validation
1267975,train
1144533,train
2203019,validation
1331016,test
401580,train
365044,validation
378843,train
337957,train
1805617,validation
71388,test
16057,test
1730607,train
528077,train
863169,train
170194,train
72854,test
1833,train
1254704,train
1229850,train
164192,train
1119725,train
1132398,train
1112435,test
1006832,train
623123,validation
1885011,train
1020881,test
1293365,test
1166339,test
179062,train
1639972,train
99347,train
1072263,train
1859167,train
1344547,test
2097373,train
1735653,train
2226911,train
59259,train
1342894,train
1906202,validation
1483105,train
233146,validation
19616,train
637964,validation
2235204,train
1145013,test
1856262,train
1179638,train
50496,train
1716675,train
891358,validation
322620,validation
559407,train
257894,test
2247453,train
1213001,test
1332674,test
339564,test
1886063,train
1891001,test
38985,train
1028691,train
196073,train
792978,train
2182663,test
378630,test
669515,validation
271768,train
1804256,validation
1752033,train
1120679,test
908444,train
1230550,test
1877993,train
385104,train
1134906,train
2217990,validation
1274142,train
159098,train
378066,train
1590334,validation
1169027,train
160649,test
1018202,train
1862671,test
1134001,train
1718463,validation
291828,train
744748,validation
1838947,validation
139198,test
1126402,train
204288,train
1218729,test
2230936,validation
100711,train
1918376,train
1302771,test
3580,train
402762,validation
201955,validation
2198986,train
1100493,validation
1327531,train
407472,validation
1236243,validation
584211,train
1643079,train
1777210,train
1093382,train
1621916,test
131102,train
1621528,train
257309,validation
1055098,train
2050300,train
1072659,test
140240,validation
148936,train
209935,train
253742,train
1881705,train
1038099,train
334587,validation
2256784,train
289901,test
2115006,test
1700753,train
1173203,test
51258,train
1018911,train
2100165,train
2027099,train
1796113,validation
1941767,train
69349,train
614589,train
35328,train
96478,train
1249591,train
21758,train
1646891,validation
46042,train
1155870,train
322899,test
1863705,train
1900652,train
564731,train
1565581,train
1762374,test
1780210,validation
1616442,train
173182,validation
1039766,train
2052726,validation
682863,train
5367,test
58219,test
1023850,test
1075324,test
1226121,train
398785,test
983141,train
339139,train
2232875,train
303618,train
1155427,train
1799532,validation
155034,train
2258399,train
676408,validation
304423,train
251967,validation
122736,train
1214481,train
1969585,train
1927537,validation
1680823,test
1225241,train
685940,train
1656841,train
1776006,validation
1307578,validation
1330680,train
86365,train
1559503,validation
140452,train
2060858,train
1100941,test
2009837,test
204884,train
391646,test
239321,validation
717851,train
264336,test
1719671,train
370279,test
1802059,train
1916789,train
714623,train
651524,validation
1884503,test
701897,validation
397939,validation
32471,train
2116753,train
2036534,test
1826885,train
2030362,train
1216364,train
337538,train
1242923,test
76150,train
1700084,validation
131032,test
1013036,train
724219,train
1893786,test
14094,validation
1901851,train
468218,validation
5859,validation
2031426,test
11177,train
134094,train
2092091,train
641725,test
1249909,train
130554,test
378961,train
1148704,train
685458,test
1144796,train
1861746,train
1314803,test
1857055,validation
854044,train
984108,train
1113416,train
1911878,train
1288889,train
1244500,test
1882127,validation
1349109,test
379280,test
1292067,train
1210618,train
1651221,test
612735,train
1204427,test
1956458,train
1231314,train
1583527,train
409581,validation
289018,train
61956,test
363780,validation
98494,test
44160,train
545405,train
1209639,train
1089324,validation
1925387,train
1810390,train
1223151,test
890974,train
1724307,validation
2032413,validation
895471,test
1714565,validation
113915,train
67533,validation
1065912,validation
1146940,test
1741175,train
1832157,train
695977,validation
745,train
367433,train
173335,test
1178323,train
1868031,test
1276435,test
220140,train
14686,train
1225142,train
1127362,train
1735928,train
1173164,validation
663764,train
2257414,train
1777489,validation
405361,validation
546006,train
608512,validation
1223369,test
1922753,train
223522,train
699227,train
1050965,train
1238574,train
1192167,train
1886431,validation
1822745,test
1302811,test
1920182,train
1955863,train
1831235,test
232372,train
1757451,train
268046,train
2256269,validation
1993682,train
309472,validation
201140,train
747381,train
673381,validation
1829101,test
1213461,train
1850193,train
1826381,train
1269529,test
331315,train
361193,train
1126895,train
585770,validation
145584,test
29590,train
2128441,test
617147,validation
1846825,train
1112683,train
1992038,validation
33125,validation
66223,validation
1043986,train
651401,train
1226952,train
1792562,validation
217663,validation
1893078,train
1320708,train
1147443,test
1068657,test
105052,validation
1895610,train
290423,train
488499,test
1238783,validation
1730671,train
1764795,train
1935288,train
286977,train
229202,train
1628981,test
197626,test
1797483,train
1074239,test
539485,validation
1062215,train
2003019,test
207785,train
1073659,train
1089220,train
164165,train
89565,validation
1260822,train
1815026,train
1548622,test
81129,validation
1618896,validation
475245,train
1970387,train
321281,train
1020208,train
1346351,train
1933540,test
1287601,train
1003729,train
710884,train
68477,test
1854265,test
105517,train
991944,train
1218404,train
1049947,test
2234928,train
1993384,test
2036312,train
611607,test
1519869,validation
1823122,test
399323,test
1268560,train
1727727,train
190947,validation
105237,train
1049551,test
689969,train
1671253,test
1076281,train
1048296,train
1613538,train
710638,validation
1135640,test
391398,train
1634264,train
1852957,test
356911,train
155693,validation
1674539,train
1759014,test
1398587,validation
1220309,test
1100806,validation
1873987,train
151609,test
1843988,train
1621608,train
342480,train
310976,test
1757450,train
415237,train
1824406,train
711042,validation
311849,validation
1644447,validation
1789420,test
111565,train
2034151,train
1025413,train
1195135,train
1876383,validation
1499,validation
1788796,train
702601,train
1082694,train
2139427,test
1316132,train
295732,train
166574,train
1003512,train
1934324,test
1054082,train
177082,validation
1304340,train
1034779,train
1818155,train
666595,test
647236,test
1291876,train
45045,train
413067,train
232315,validation
1234691,validation
1902035,validation
610632,train
725196,train
1190532,train
70894,train
257799,train
1119090,train
414498,train
2133833,train
1302253,train
2187774,train
39444,train
2247479,test
1957523,train
2040265,train
640881,train
1903374,validation
1050309,train
2205981,train
1148910,validation
319421,train
1910860,validation
1767625,test
996544,train
1877966,test
211690,train
1618891,test
1227250,test
1069743,train
979690,train
481637,train
385762,validation
1613753,train
416219,train
1894696,validation
2171926,train
619819,test
1316437,test
1755790,train
2139192,train
1844673,train
1567658,train
122069,train
146377,test
1248583,train
2147671,train
1327948,validation
1074507,train
257148,train
1809677,train
200778,validation
242577,train
1785875,validation
1616237,train
1944361,train
1845774,test
1664013,validation
1204067,train
1907696,train
238154,validation
1113425,train
1232097,test
1168614,validation
1889017,validation
1647242,train
1039625,train
630865,train
114176,train
1801298,validation
85817,validation
1634956,validation
1544021,train
2006130,validation
1996589,train
297046,train
1294898,test
127571,test
1723007,validation
1836291,train
1880228,train
1697963,validation
1335792,test
1208808,train
1811008,train
1139964,test
1300328,train
1070747,train
929330,train
216989,train
1230271,train
149295,train
1861945,validation
1674437,train
184149,validation
1763076,train
189691,test
266100,train
1869636,train
109271,train
1014149,train
721948,validation
1794920,test
1279240,test
1221251,train
1260348,train
1201757,train
1736156,test
1241107,test
1308196,train
993608,train
1767162,test
2006767,train
281569,test
689291,train
2158126,train
1206061,validation
226990,train
1319948,test
1842792,validation
1019681,train
727170,train
311187,train
166462,train
908904,validation
79144,validation
688915,validation
978714,train
681401,validation
166625,train
1617986,train
271452,test
1695434,test
1348912,test
1644626,train
993999,test
1616793,train
683127,validation
1752820,validation
1985045,train
1201362,train
1168780,train
2115832,test
890,train
1786965,train
344073,test
38347,train
1152133,validation
365628,train
1808781,train
1242187,train
8896,train
1085232,train
63506,train
1617629,validation
1796376,test
1102822,train
1225446,validation
583648,validation
952592,train
99498,train
1997731,validation
255708,test
1978660,validation
1915404,test
241564,test
1715590,test
2136414,validation
136370,train
347430,train
652328,train
1868598,test
317601,test
1196455,train
263502,train
70938,train
303230,validation
200398,train
1166451,train
1613545,train
405473,train
372949,validation
82364,test
539012,train
1946248,test
2057165,validation
1895941,train
583687,validation
1620699,test
247225,train
170321,validation
781607,train
1949223,validation
1276928,test
61361,test
1010014,test
410259,train
1121871,train
924568,train
1864137,train
1083914,train
392055,train
1822051,train
249340,train
502185,train
1344981,train
1952367,validation
1536215,train
1223148,train
1173266,train
1245301,test
2183110,test
1860918,train
1632392,validation
579056,validation
245152,train
1647576,train
1646851,validation
1866309,test
988149,train
1241563,train
1778109,validation
247719,validation
1971233,train
1881967,validation
1841134,test
2108238,validation
378545,validation
226936,train
404932,train
376340,train
1814890,train
446113,validation
91908,train
366199,train
300192,train
1231290,train
1692205,train
2004497,train
365244,validation
650488,validation
327161,validation
174262,train
1175947,train
1247893,test
698027,train
305874,train
1872161,test
371314,train
181409,train
285008,test
249368,validation
1793323,validation
1558887,train
27396,train
1795170,test
1718462,train
167748,train
1916911,train
621240,test
2207293,train
1446400,train
73113,validation
1263281,test
1268308,train
282487,test
1452151,train
21157,validation
1612110,train
250132,test
1305365,train
1255476,test
1043848,validation
1893938,train
1919636,train
1307239,validation
1850706,train
1871165,train
1938274,test
245848,train
37051,validation
1766888,train
145663,train
1157023,train
1102730,test
388585,train
1097488,train
1834667,train
2258004,test
99943,train
271631,train
1901561,train
1135467,train
2205658,test
199517,test
415894,train
1642127,validation
1058393,train
1191496,test
1100067,validation
1258114,train
1508502,train
387055,train
57929,train
248524,validation
922270,train
404834,train
2163382,train
1623599,train
2597,validation
304466,train
352038,train
1826226,validation
2018905,train
1887264,train
707582,train
1038669,train
1017306,validation
1973031,validation
969938,validation
2015347,train
1754004,train
1092109,train
37679,train
1789669,test
2125484,train
710650,validation
840580,train
1631170,train
389393,train
1614349,train
1640342,train
1851683,test
1823533,validation
1294193,train
1991375,test
2167256,train
368804,train
352709,train
1712067,validation
17813,train
111810,train
1062258,test
1298527,test
1031436,train
387134,train
396830,test
959286,train
1662065,train
79019,validation
1175938,train
1326135,validation
293693,validation
1922916,train
926848,test
1050619,test
1928705,test
1649757,validation
123833,train
2222868,validation
670111,validation
704654,test
789717,train
1614487,train
1243997,train
1829914,train
1051061,test
392325,train
1326566,test
308473,validation
1077218,train
1240411,train
45561,train
1675523,validation
391892,train
866183,train
448222,test
268623,validation
1122578,train
1093758,validation
322351,train
396008,train
1246148,train
2119506,validation
742013,validation
122124,validation
2029489,test
152923,train
2241488,train
381371,train
568263,validation
2034693,test
1907419,train
1130165,test
170014,train
1540422,validation
670762,train
2199721,validation
2153986,validation
1647259,validation
1884132,train
1078973,test
2084696,validation
682927,validation
2177365,test
659313,train
1964841,test
314630,validation
1131949,test
1116746,test
1226532,train
918238,train
213604,train
414487,validation
1934777,train
1612906,train
320563,train
150325,test
1775265,train
1277673,validation
400589,train
1795677,train
1784469,test
1797182,validation
23615,test
1619855,train
1015819,validation
2008114,validation
1277424,validation
1178577,train
1739490,train
1072217,train
107529,train
146363,test
1528471,train
151213,train
1327479,train
360774,test
1906317,train
332712,train
1188510,train
1711101,train
970414,validation
549110,train
340856,test
173206,train
272103,train
363402,train
1682871,validation
402146,train
1209799,validation
197152,train
1222956,train
1954261,train
153603,train
1951235,test
199746,validation
2115228,train
341120,train
1796078,test
400016,test
329205,validation
1949280,train
252524,train
351469,train
111766,validation
507586,train
2240123,train
1641850,validation
1650431,train
92475,train
324441,train
1116528,test
855933,train
574527,train
268050,validation
922799,train
1311257,train
1053538,train
1095316,train
3428,test
1424762,train
1772453,validation
289625,train
1279329,train
1189370,train
385631,validation
548215,train
1682797,validation
1831749,train
973610,test
280236,train
1053173,train
1197508,train
68012,test
117578,validation
718124,validation
1113243,test
177896,train
1351883,train
1220845,train
870840,test
669669,train
204270,test
2158335,train
265551,train
266578,train
289305,train
113455,train
101064,validation
1731285,train
43558,train
1308130,test
1302970,train
2205946,train
49582,validation
2029411,validation
1837982,train
1095292,train
1230209,train
1176264,train
324573,validation
100440,train
900449,train
95220,train
2036392,validation
81687,train
1846829,train
1045750,validation
250400,test
1018722,train
56053,train
409862,train
593052,train
1706281,train
1933360,train
1678831,train
949630,train
1845435,train
1634616,test
727341,train
2225848,test
1306612,train
166844,train
1897651,test
701011,train
1150549,train
868314,test
1896955,train
1904361,train
2011523,train
239863,train
1097522,train
156693,test
116403,validation
337132,train
2065762,test
701936,test
967502,train
746694,test
1013467,test
157064,validation
1593860,train
1147985,train
1047908,test
20993,train
193114,validation
1831878,validation
416851,test
1321830,train
1933777,test
205042,train
1307284,train
393091,train
1020804,train
241872,train
1271581,validation
1625599,validation
319554,test
1082160,train
1241017,train
1870965,train
182278,train
877971,train
2015656,train
904487,train
2170251,train
271615,train
207401,train
138929,test
1883852,test
1864872,validation
1208926,test
2128519,train
529624,train
2210382,train
1253536,train
1259084,test
148922,test
767553,train
22255,train
1581868,train
297885,validation
238926,train
1023868,test
1240122,train
732711,train
423624,test
1338899,train
1780400,train
1019389,test
101415,train
411088,train
1692526,train
165038,train
1833107,test
1861655,validation
2068711,train
94417,train
537174,train
1893987,train
2258116,train
2108142,train
137141,train
1692340,test
1344057,train
1673555,train
2259276,validation
1786315,test
1060809,train
1092377,train
1111911,train
178560,test
113217,test
162397,train
317962,train
415064,train
72487,train
1633340,test
1345885,validation
164586,validation
1994427,train
701506,train
96071,train
741894,validation
1672217,train
1233275,validation
407107,validation
2177732,test
687776,test
1052737,test
1662502,train
1805729,validation
900353,validation
23630,train
373571,test
255979,test
1616263,validation
1021340,train
1249001,validation
615051,train
440383,train
296783,train
1814754,validation
2223298,train
33050,test
657177,train
1874523,train
118464,test
879707,train
1859173,train
387203,test
692793,train
1439116,train
2207778,train
187749,test
231961,test
1327385,validation
143903,train
193357,train
1985368,train
25993,train
1210699,train
1331424,validation
1918425,test
1103637,validation
1836953,train
1333327,test
1082203,validation
104454,train
108806,train
530224,train
358518,train
1277661,train
1282938,validation
290924,test
699038,validation
1833087,test
547726,train
1048552,train
198817,train
591523,train
1906147,test
272787,test
1017430,validation
927917,train
51516,train
1315717,train
1211575,train
366903,train
387285,train
2228205,test
1522109,validation
104378,train
263817,test
217931,test
1344461,train
668764,train
1346573,test
1332976,train
264071,test
158132,train
1614283,train
1180935,validation
2033268,train
1799701,train
1997150,test
483013,train
1312026,train
1925465,test
1286496,test
1029697,test
1617377,train
2032173,test
1287940,test
1252864,validation
182287,train
1325680,train
1824003,train
1622599,train
59000,train
1716684,train
75701,train
185678,test
29456,train
2254575,train
1758654,test
1810202,test
1640485,train
7849,train
887434,validation
1179364,train
1776805,train
1764169,train
85870,test
243547,test
2246266,validation
279917,validation
1311014,train
328766,validation
1232231,train
1798469,train
2209355,train
1083526,test
28386,train
269972,test
1022065,train
1261599,train
1903054,train
1168360,train
233037,test
1221767,validation
265094,test
1757556,train
1757246,test
705343,test
316342,train
1328510,train
270323,train
161239,train
196389,test
398538,validation
1725819,validation
1143668,validation
832660,test
128317,test
441369,train
1346647,validation
1912424,test
2098611,train
89900,test
1235674,test
1161616,train
9687,train
478958,test
659819,train
33895,test
688451,validation
99957,test
687663,validation
1849320,test
1634263,train
115201,validation
145986,train
1045570,test
288435,validation
521298,train
83863,validation
300795,test
1837465,test
1760323,train
44821,test
143497,test
55714,validation
2086719,train
104357,train
1856948,test
2211049,validation
971515,validation
1620033,train
1085486,test
2243876,train
687941,train
1647778,test
297775,train
270678,validation
1849244,train
1328361,test
1076810,train
164276,train
35834,test
947241,train
1350194,test
64719,train
311512,validation
358565,train
1351124,test
2113205,train
772409,validation
251135,validation
933519,test
1233961,validation
1167873,train
1037912,test
1126504,train
1847141,validation
293154,validation
730603,validation
1878606,train
223572,train
98532,test
342753,train
13133,train
387581,validation
1103715,train
1025752,train
1759895,test
266529,train
1938356,train
1131230,test
1236010,train
254520,train
2191027,validation
1837808,train
2164147,train
345862,validation
958698,test
293652,test
38454,train
125897,train
1897301,validation
1922228,train
25560,test
1106005,test
1936210,validation
659074,validation
1764975,train
1046182,test
1847846,train
1167217,train
1168219,train
152081,train
1978733,train
265783,validation
2023996,train
1399608,test
879860,train
1649810,test
1200178,train
598337,test
65642,train
1315104,train
2228887,validation
178882,validation
1883559,train
1192605,test
208513,train
1037466,train
871032,validation
401262,train
17325,train
1151534,test
1183849,train
12890,train
961706,test
103855,train
1940005,test
1950377,train
294421,validation
2171166,train
1852557,validation
1100775,validation
557734,train
292001,train
1706757,train
2072672,test
1230760,validation
469310,test
1927641,test
109582,train
1907926,test
1004549,train
2151809,train
729513,validation
1319426,train
116605,train
1199553,test
1844088,validation
139788,validation
382203,test
1802013,validation
1616699,train
11022,train
1042085,train
91652,validation
1087882,test
230120,train
296675,test
1890409,train
846494,train
1007864,train
1768407,test
287669,train
2137296,train
893603,train
1180197,train
957177,train
675701,train
1096807,train
508307,validation
1828683,test
667980,train
1120750,test
1893519,validation
1164817,train
1801902,train
747879,validation
1769748,validation
1627872,test
108613,train
1845098,validation
285646,validation
1708570,validation
1859088,train
1284906,train
2150522,train
147015,train
1011531,train
1903031,train
597391,test
1775035,train
1836293,train
1029125,test
561509,test
1337726,validation
1614839,train
1528943,test
1257268,train
378054,train
1158644,test
1839795,validation
2190533,validation
1260619,train
1217862,train
393651,train
737310,train
1835798,test
1063830,train
1915701,test
80019,test
1739400,train
1891925,test
1330426,train
213666,train
292674,train
1299326,validation
179665,train
156037,test
39181,train
2221541,train
369892,validation
1635110,train
410650,validation
571073,train
1190551,validation
1858767,train
1655138,validation
21312,train
1920494,train
301305,validation
524674,train
1375386,train
353112,train
2251062,test
1350932,train
1127774,test
251251,train
1946427,train
302626,test
2000355,train
2186559,train
221766,test
61862,train
1291525,test
738205,validation
1100187,train
1541006,test
44233,test
1144518,test
1214626,validation
986861,train
1037007,train
1293524,validation
242502,train
1806260,test
784577,train
1814233,train
395452,test
269596,train
2246662,test
1243989,train
843245,validation
301713,test
50384,validation
1225533,test
1033669,train
1966178,validation
143622,test
1051508,train
318787,validation
683657,train
1121146,train
205175,train
273466,train
1281257,train
1891537,test
1708333,train
1883663,train
1581372,validation
1309709,validation
1273175,test
6863,train
1116404,train
262259,train
1743676,train
1222260,validation
1241094,train
1145316,test
1310433,validation
477,test
1133838,train
1320461,train
1850054,train
1074224,train
128804,train
1934105,train
483850,test
613858,validation
1640450,validation
1032617,validation
1773340,train
306235,test
1896853,validation
342573,train
1344884,validation
1218766,train
1951132,train
1834881,validation
1902758,validation
242240,test
936475,train
1045131,train
130912,test
1638156,train
96081,test
1184990,validation
1162400,test
1026828,train
2175300,train
939541,test
532634,train
747889,train
1645998,test
1257916,train
2204477,validation
1812406,train
1225874,train
240472,train
136289,test
1124698,validation
740436,test
680777,test
1041821,train
1872729,validation
1800112,train
2151463,train
1837053,train
2121775,train
2025792,train
382343,train
380232,train
1784648,train
1261558,train
293113,train
1793439,train
1878667,validation
2067562,train
2031306,test
1361458,train
367948,train
91653,train
162562,train
1221282,train
1013432,train
1880731,train
670407,validation
1809513,train
1510,train
1810565,test
663969,train
1063887,train
366487,train
1339170,train
664426,train
2182883,test
591940,validation
1919290,validation
341890,train
196576,validation
402828,test
573861,train
1640631,train
1931955,train
1017986,train
371178,train
183026,train
1226569,train
1835574,test
189896,test
1195615,train
10875,train
1938239,train
1869006,validation
575269,train
254120,train
89226,test
1070694,validation
916134,train
688945,train
1637438,test
1302269,validation
2201282,train
1231489,test
184877,train
1719682,train
1216062,train
1196833,train
1170129,train
7873,train
744732,test
418494,train
1822022,train
1725399,train
608932,train
1845278,validation
102921,train
1839270,train
1968780,train
1146946,train
1152939,train
373443,train
1566404,validation
749086,train
929675,validation
1865067,train
1750058,train
988559,train
2116817,train
2001777,validation
1649268,test
462457,train
472884,test
1266815,train
1929300,train
2175252,train
298707,train
466394,train
583108,test
1191028,test
1157415,train
996810,train
993674,train
238037,train
1833566,test
388334,train
1862889,train
329519,train
1777296,train
1017219,validation
1993460,validation
1926323,train
576557,train
906526,train
2049740,validation
2037940,test
1208063,train
132443,train
185100,train
263083,train
1187734,validation
2174555,train
1836729,train
549572,validation
1351715,train
2011090,train
1133278,validation
1920738,test
54215,train
1108537,train
652424,test
2242623,train
2231469,train
520392,validation
382956,train
1785976,test
982788,train
2070750,train
1650076,train
1048019,train
623976,train
1708081,validation
50992,train
132486,train
2028617,validation
933736,validation
726348,train
850839,train
153626,test
142515,validation
2013173,train
16670,train
1111482,validation
1955876,test
681894,validation
177785,test
746887,train
1028362,train
1238745,train
1773069,test
1158617,train
252241,test
964132,train
693254,train
1146207,validation
1344699,train
1239139,validation
1308023,train
182482,test
952831,train
1333654,train
1320275,validation
1680343,train
1972507,train
261604,train
1853173,train
350727,validation
332193,train
190381,train
211738,train
1687059,test
53508,train
1266712,train
415494,train
348125,train
74903,train
1882974,train
1703197,test
232925,validation
1267427,train
2012865,train
184772,test
657673,train
18970,train
372816,train
124519,train
1641663,train
989575,train
75835,train
1188017,train
2090872,test
2010345,test
633406,validation
712630,train
134763,test
2087707,train
6767,train
1251719,train
397922,test
1533519,train
2165454,train
2192920,train
71327,validation
1113434,validation
1119299,validation
1792733,validation
341656,test
2125181,train
1753555,validation
2004123,train
1343772,validation
264402,train
43944,validation
1276881,validation
338034,train
1962231,train
1339226,validation
1312800,test
286192,test
98767,train
179283,test
1280456,train
1964908,train
391861,train
683862,train
572572,train
1240095,train
1105935,train
1649802,validation
1338652,test
203025,test
1013694,validation
1711871,train
1077624,validation
1929776,train
1059749,validation
1341571,train
2111153,train
652755,train
1259005,train
1886257,train
88617,train
8090,train
1617634,train
2034495,train
1664986,validation
19484,test
1050743,train
358664,train
2100930,train
373495,validation
1156077,train
197559,validation
162653,train
16701,train
1720334,validation
344457,train
1159085,train
1245432,train
1316069,test
2036008,train
1769391,train
1334847,train
2091643,train
1188866,train
1936080,train
1868949,train
1256614,train
1000872,train
261804,train
129718,train
2022881,test
1877919,train
1650140,train
726765,train
2158555,train
1993404,test
1189347,train
140042,train
1174945,test
1709513,test
248039,train
2000581,train
1064713,train
1753337,validation
1923375,test
2077123,validation
1796324,train
40366,train
118379,train
20207,test
583906,test
1639117,test
2047543,validation
1776437,train
2068894,test
415407,train
1987870,train
669601,train
100217,test
395534,train
1808471,train
1858927,test
382867,test
1039638,validation
2071677,test
30932,train
400914,test
2161678,train
1796473,train
1699910,test
1884670,test
1644895,train
406079,train
337829,train
1206703,train
2032335,train
697191,train
1178482,train
1033378,validation
747160,train
1936236,validation
375281,train
1813373,validation
1204296,train
274464,validation
543644,validation
1289621,validation
1639656,test
1310179,train
1778821,train
95924,train
95802,train
1278155,validation
2030762,test
1547518,train
907989,validation
1168221,validation
1012566,train
653301,train
284423,test
1978446,train
1805391,train
1582911,validation
1530292,validation
1918455,test
95744,test
696538,train
628544,train
1616620,train
693799,train
214222,test
1198160,train
266952,validation
1155665,test
549937,validation
1847304,train
1145777,train
394405,test
1937870,train
2037151,train
272382,validation
8060,test
2204057,validation
1173795,train
806693,validation
175795,train
1166999,validation
681949,train
1710585,validation
19959,train
906061,train
1715429,validation
138780,validation
1907326,train
445039,test
1308510,validation
1059675,train
16174,train
2237378,train
674976,train
772683,test
1891898,test
1979844,train
907964,train
202294,train
21215,validation
703691,validation
1881493,test
859909,test
1829638,train
1847252,train
1662477,validation
2230034,train
1785058,train
1745198,train
1915959,train
749996,test
991009,train
391490,train
1064961,test
469145,test
1051388,validation
1017148,train
259064,train
908085,train
1904957,train
1910152,train
264026,validation
1295688,train
228544,validation
1746698,train
2015869,validation
205708,train
1352205,train
307553,train
1858115,test
1870747,train
349356,train
1153956,train
2033659,train
1303195,validation
347216,train
2119982,train
1279306,test
1400770,test
925373,train
981562,test
1635610,train
1196726,train
2208586,validation
182847,train
1753603,validation
421348,train
264538,validation
1682358,train
995617,validation
2106201,train
1819473,train
1787269,validation
275894,train
1334492,train
139457,train
1125625,train
1145922,test
1099729,train
720732,train
1960169,train
1930675,validation
311300,train
2190060,train
1409561,train
1810893,test
189549,train
19635,train
960559,train
130044,train
1015137,train
1215222,validation
1121098,train
1871997,train
960933,test
464493,validation
158391,train
1243505,train
269398,train
1002535,validation
269293,train
1995807,test
543673,test
506919,train
349849,train
1245977,test
222062,train
1261038,train
990506,train
26571,train
18144,train
995481,train
1872072,train
1339856,train
1346207,train
1877561,train
658405,test
298481,train
199921,test
275943,train
1929688,train
1892150,train
1873184,train
1685789,train
183765,validation
538137,train
395738,train
1643696,train
114297,validation
268327,train
1198273,validation
2035906,train
37945,train
340632,test
2157638,train
1259728,test
56902,validation
328276,train
1407973,validation
1345592,train
1327980,train
1256545,train
637442,test
120453,test
1223465,train
678518,validation
871074,validation
1129673,train
1891393,train
1889615,train
1970156,test
1651415,train
198504,train
364381,validation
1632856,train
526575,validation
1940541,test
2009877,train
1773216,train
1852104,train
6110,train
17778,train
1809142,test
130269,train
320010,train
288421,test
128455,train
947818,validation
267467,train
214263,validation
2254919,train
2025626,train
1096324,train
1150043,test
1541647,validation
1043019,train
1909174,validation
1153774,train
2194335,train
1275641,train
1204662,train
1823987,validation
1768547,validation
936371,validation
1626576,train
1903770,test
468426,test
1008426,test
1105726,test
2237643,train
88340,train
1694996,validation
2048744,test
292311,train
2103690,train
1088379,train
1797346,train
1897542,train
1842143,validation
271728,test
178301,test
1810668,test
1073546,train
815318,validation
1769749,train
1105332,validation
2020651,train
990680,test
1180890,train
1083075,train
123269,test
194831,train
1612236,train
587953,train
211815,validation
1758496,test
415075,test
348605,train
998013,validation
961110,test
484329,train
1835406,train
21841,validation
1140275,train
2247868,train
155844,train
511168,train
1646862,train
1821237,train
60770,train
531857,train
1651589,train
60691,train
1302942,validation
1052026,validation
667186,validation
1021835,train
1762507,train
923610,validation
289482,train
926121,train
514789,train
1839003,train
1293139,train
1892298,train
413724,train
303051,train
1050127,train
606074,train
1012035,validation
640971,test
191698,train
2005427,train
199954,train
1987661,train
1006233,test
601694,train
2051602,train
500442,validation
1846896,validation
1856913,train
1587167,train
1314557,validation
388163,train
1282678,train
1802003,train
312572,train
354221,train
1301225,test
183088,test
1067418,train
1773541,train
2186560,train
1209507,validation
468815,train
169503,test
912746,train
1213197,train
1302819,validation
1739179,test
158805,train
1145915,train
1707796,test
1804465,test
1106171,validation
365538,test
1865800,train
51952,test
50668,validation
1810628,train
1760232,train
1295981,test
1180630,train
25745,test
1241196,train
954456,train
1928659,validation
1179787,test
1840749,train
2074208,train
591069,train
1309737,train
367750,train
696006,train
653000,train
1316367,train
1099523,train
1198873,test
397497,train
1156445,train
1247741,train
2249701,train
1122435,train
1924086,test
1319404,test
732891,validation
1901345,train
289523,train
2213831,train
710747,test
1050321,test
693927,train
1866132,train
2218376,train
734464,train
1717932,train
964668,train
1867544,test
1061010,validation
233730,train
1869449,validation
1224866,train
416718,train
2184877,test
297084,train
1037402,validation
693465,validation
1131801,validation
877277,test
995223,train
1322915,train
107026,train
1906828,train
1710780,train
1667606,train
1199071,train
731657,train
42896,train
102075,train
712457,validation
227334,validation
673948,train
1601274,test
1601782,train
1915430,train
1899552,train
367127,train
1644850,validation
1242302,train
1190323,train
1112460,validation
146400,test
114606,validation
1177176,train
70780,test
369768,train
1641658,train
334295,test
157134,validation
2102896,train
120882,train
271507,train
1638469,train
1566685,train
618022,test
1757688,test
1027102,validation
37602,test
626299,test
738142,train
369607,train
1933916,validation
1887040,train
1233976,train
255931,train
214883,validation
241871,train
1600415,test
2111077,train
100710,train
1101320,test
2201598,test
1697954,train
222289,validation
290931,test
682250,train
1283047,train
193838,test
214264,test
1699637,train
1210214,train
1306041,validation
1348651,validation
290037,train
152444,test
1342327,test
117378,test
1248416,train
1062048,train
1041105,train
2094001,test
473157,train
490344,test
1109504,test
737293,train
1261668,train
1681743,test
1852653,validation
2026050,train
1705385,test
52505,train
1180866,validation
1288510,validation
748018,train
846405,validation
155753,train
2252565,train
1286916,train
1321473,train
432324,train
22738,validation
41951,test
1061366,train
1064882,train
5369,train
364914,validation
161624,validation
1737045,train
1617230,train
131022,train
1279037,train
2124330,validation
82090,validation
2034265,test
116569,train
2228461,train
1804498,train
1850354,train
1698532,train
1718881,validation
111605,train
301564,validation
1015218,train
1808087,test
1858067,train
1210842,train
606821,train
722969,test
263174,train
1303056,train
1232941,train
1146226,train
2038973,validation
326301,test
386975,train
393347,validation
1833275,train
1740673,validation
330404,test
1428171,train
133354,train
2235991,train
1948127,train
1872523,test
6079,test
1055421,train
275354,validation
141571,train
891291,train
9534,train
1070165,train
1692270,test
1836591,train
1303267,train
958981,validation
1971345,test
692974,train
1789303,validation
268755,validation
1698444,train
1896870,validation
1932564,test
1157926,validation
136595,test
2259186,train
390032,train
1649765,validation
2239343,train
355240,validation
2046584,train
1876555,validation
2010031,train
2093422,train
689696,test
1209375,train
498801,test
998672,train
401420,train
1347050,train
2233818,train
1055208,train
2174029,validation
574360,test
1217784,test
352909,train
1156349,validation
466515,validation
905592,train
1942394,validation
610316,test
952815,train
319046,train
1020639,train
211428,test
538829,train
1149075,validation
1668072,train
714901,train
61532,train
1234029,test
614250,train
1616464,train
1831590,test
710863,validation
1753452,train
1336821,test
1811601,test
1296004,validation
1782848,validation
1164666,train
921870,test
1750286,train
901812,validation
116236,train
619742,validation
420568,validation
251121,train
1183488,train
57152,validation
1844715,test
893151,validation
1060681,train
2218107,train
2180580,train
1910199,train
1852749,train
1307465,test
2053637,train
415805,train
1011317,test
167707,test
131366,test
372485,train
28339,test
260009,train
223974,train
892499,validation
144358,train
2189711,train
1848742,validation
1206275,train
105906,test
1067270,train
1297368,validation
405922,train
446727,validation
1869127,validation
905569,train
745083,train
1764891,train
110589,test
697763,validation
75314,train
168494,train
1787275,train
82435,train
331627,test
1349594,validation
1880683,train
1200983,train
100141,test
2015311,train
362439,train
185843,train
250112,train
112116,validation
1647854,train
86948,train
177985,train
1246153,validation
1174653,train
441135,train
1337144,train
1980593,train
33084,train
89960,train
1204794,train
1064385,test
51225,validation
34400,train
1054907,train
1066770,validation
1147090,test
646863,validation
185188,train
1884056,train
1893670,train
2039700,train
1236733,train
1818103,train
380198,train
1084490,test
325401,train
682578,validation
1139603,test
1211409,validation
558332,test
1869907,test
190416,test
1230986,test
361461,validation
953743,validation
1107272,validation
729659,validation
329850,test
667100,train
195757,validation
1262655,train
125097,validation
2060789,test
1844885,validation
1664933,train
2077772,validation
1174613,test
1190542,train
1779097,train
315590,train
446665,train
1311315,train
320412,train
419890,train
1490706,validation
1113000,train
1232186,train
1122727,test
1847755,train
2035368,train
64396,train
106261,train
1915475,train
2072416,train
1685389,train
298255,train
953864,train
1338211,train
2207523,validation
1751410,train
1947092,validation
1890921,validation
1922586,train
1239788,train
245487,validation
1706215,train
2138097,validation
688599,train
1812497,train
494166,train
1703190,train
1751994,train
1583007,validation
341153,train
1210017,validation
1036012,train
229638,validation
2205701,train
1322072,test
1649470,train
1049722,train
1843688,train
1860560,train
2034773,test
1138211,train
595721,train
14682,validation
328694,validation
1013228,test
1229094,test
191450,test
1163397,train
1242787,validation
1578763,train
1063751,train
241207,train
141863,test
1022933,train
1168420,train
1807339,test
1198729,train
1117672,train
1000272,train
1059122,train
2248690,train
219658,test
246213,validation
1250796,train
1873589,test
701112,test
201266,train
1302172,train
1999627,train
850878,train
1076208,train
345971,test
1255056,train
1287153,train
225937,test
495891,train
211130,test
625082,test
80828,train
858593,train
802187,train
1287442,validation
2124280,train
1666340,validation
1771955,test
1937704,validation
1100323,validation
1177036,test
1797184,train
1267845,test
709768,train
725441,train
1866553,train
684543,validation
1936800,train
1850276,test
99057,train
308172,test
2229160,test
2127444,validation
666262,validation
1766366,train
1052567,train
756549,test
254707,train
2179633,train
600193,test
2063208,train
1081368,validation
917565,train
863143,test
1809603,train
158252,train
1042728,train
27217,train
173426,train
2094131,test
250822,validation
167130,train
2041468,train
1288569,train
1298559,train
181710,train
350155,train
1963330,train
1981561,train
727670,train
1330671,train
134916,train
395554,train
585884,train
20966,train
2033748,validation
881291,validation
1295668,validation
1264664,test
171311,test
4669,train
1993961,train
1214251,train
295631,train
338239,test
121801,test
209100,test
1917404,validation
2059764,train
110809,train
1745188,test
282873,train
1790299,train
1807045,train
487906,train
1352163,train
144946,test
331528,test
988137,test
665532,train
1621348,validation
399792,train
116319,validation
1807975,test
373947,train
89048,train
108812,validation
1895087,train
1297162,test
1553130,train
261744,validation
1867161,train
1315422,test
1487557,test
2217512,validation
695818,train
57806,test
406474,train
1192531,train
1312247,train
1981511,validation
1238043,train
1140739,train
1220433,test
1656665,validation
1835052,validation
322678,train
10345,train
722035,test
324329,train
1272533,validation
1855605,validation
1257822,validation
1640698,train
1922806,validation
120196,train
377812,train
1351245,train
1121215,train
1735461,train
1741354,train
1182427,train
1125094,train
346222,train
1096985,test
1260978,train
328147,validation
358142,validation
989808,test
2204985,train
1622107,train
1043319,validation
1045005,test
696856,train
738358,test
1696786,train
1864769,validation
564014,train
604123,test
1638899,train
712805,validation
1905236,validation
598915,train
26435,validation
1761739,test
2098613,validation
1347402,train
126517,validation
1071620,test
1778080,test
1340747,train
2225469,train
1092156,train
1263320,test
256805,validation
1219399,validation
895917,test
1344498,train
515804,train
1247189,train
1941517,train
2024356,train
2064350,test
541446,train
1232613,validation
2225773,test
723765,test
206671,validation
1721550,test
362228,test
986381,test
918173,train
1943740,train
44920,test
1020028,test
1311858,train
1858804,test
228157,test
1266803,train
1322592,train
748164,test
2009175,train
360015,train
1635138,train
1228981,train
729937,train
1882909,test
418192,train
1501387,validation
1152761,train
2256921,test
896542,train
535931,validation
263338,train
999319,train
1920479,train
1820986,train
331708,train
1857779,train
1042037,validation
176128,validation
936349,train
1247316,train
1343885,train
167509,train
601478,train
983400,train
1605296,train
374581,train
442446,validation
1256870,train
1220926,train
1971745,train
1897891,train
1249070,train
624838,test
1604905,test
1705121,test
1795277,validation
1811366,train
384393,train
1276766,train
996604,validation
1849300,test
1613997,train
85566,train
1272178,train
1270145,train
47012,validation
1278178,validation
1346420,train
2012742,train
1341701,train
1039266,test
291667,train
2170970,train
1643148,train
2252101,train
155198,train
1820873,train
885012,train
907170,train
2137889,validation
545429,train
278444,train
1273019,validation
1075521,test
409487,train
478491,test
426738,validation
2194316,train
2213024,train
1962555,train
1148991,train
86968,train
63606,train
1649205,train
1725774,train
2088387,train
1251721,train
738877,train
188517,train
1835829,test
884902,test
1643618,validation
1275172,train
396335,train
289794,test
2172823,test
2014756,train
1829459,train
1734147,train
289005,train
1799947,train
386785,train
1087809,train
1297978,train
207929,test
1850940,train
372872,train
243473,validation
317688,test
102410,train
1263055,validation
1627023,train
281299,train
467983,train
1731349,train
1878170,train
1100740,test
1310537,train
91747,train
1689413,train
2247700,train
1270473,validation
1203268,train
714539,train
1601159,train
1538144,test
1614345,train
1788269,train
1142530,train
1141455,test
680585,train
1850587,test
1243483,test
1612320,test
1034101,train
238820,train
1348140,train
1907106,train
1769309,train
1904337,validation
1687018,train
1349496,test
1269351,test
414791,train
295511,test
1723172,validation
181366,validation
1890641,validation
1986219,validation
363473,train
1790634,train
364884,test
1345816,train
381867,validation
2160180,test
79851,train
1000039,train
1816214,validation
1555504,train
1782425,train
48035,test
392971,train
242150,test
1863414,test
80955,train
1888851,validation
115934,train
241363,train
685179,validation
804925,train
1961201,train
1964836,train
1287681,train
1049011,train
114561,validation
2259614,test
1349151,train
584842,test
1054671,test
288453,validation
1931773,test
1126822,validation
22743,test
1326545,train
106768,train
2250525,train
1788647,train
1912563,train
946317,train
1887094,validation
1991344,test
1629692,validation
555011,test
2239716,train
147712,train
1820316,train
1991401,train
2213715,train
1160510,train
43932,train
2251909,validation
1847528,validation
1275163,train
966353,train
1904840,train
992168,train
175389,validation
174345,train
1800036,test
24040,validation
1138074,train
1643594,validation
1231030,train
1095679,train
1494615,test
928208,test
20683,train
1990744,train
1910434,train
1115490,train
614029,train
1861059,validation
1989738,test
1292851,train
111321,train
2137216,train
1583602,train
1161879,train
1122196,validation
1676693,validation
717346,validation
2163063,test
1040145,validation
405345,train
263668,validation
1222491,train
1913499,test
1198139,train
267653,train
1219096,train
2173111,train
1185485,test
1213708,test
172011,train
25809,validation
363654,test
2159077,train
169338,validation
1029268,test
542473,validation
596624,train
1145562,train
1638160,train
985864,test
1020972,validation
165565,train
316273,test
193308,validation
16704,test
1139476,train
1694451,train
967575,test
997355,train
1235193,train
1816702,validation
653973,train
1149132,test
222132,train
1237139,train
1797768,train
2100480,train
1006651,train
1810375,train
294908,train
1269052,test
368681,validation
1924290,test
1925500,train
288547,train
2025101,test
653433,test
1980987,test
454069,train
113726,validation
1035719,train
93432,train
256544,validation
1703937,train
58585,test
1940170,test
61517,train
1843221,validation
1073731,train
1615901,train
955787,train
73759,train
1899358,train
275265,validation
1897271,validation
614373,train
246145,train
1184967,train
1630320,train
1807307,train
419582,train
2226794,train
2213998,validation
1897946,test
90269,train
285310,train
1158152,train
1819115,train
1339363,train
2069895,test
79133,validation
1075774,train
1125778,train
297848,validation
385378,validation
2093402,train
359463,train
1704549,train
91095,test
741174,train
1789974,train
363153,validation
192144,train
1762816,validation
404286,train
1279347,train
1980447,train
2007924,train
199221,validation
1200705,train
1836501,train
908619,train
371349,train
1878114,train
396344,train
101858,train
232772,train
58060,train
684366,train
1151927,train
1155099,test
946990,train
479284,train
1799812,train
2213764,validation
254285,validation
1336820,train
231338,train
2054665,test
279320,train
1781417,validation
300446,train
986580,validation
1783522,train
1714409,train
1286867,train
1916949,test
1129951,train
359677,train
1327363,train
2019120,train
1619455,train
1713660,validation
1834160,test
1213523,validation
1915125,test
106738,train
1753932,validation
192792,test
2166086,train
40691,validation
102712,train
974239,train
883944,train
1998514,test
55048,train
18752,test
88518,validation
1018816,test
687835,train
69097,train
954788,train
494299,train
110772,test
307539,train
277449,train
205181,train
411264,validation
1287645,train
276836,test
1084108,train
153292,validation
1804614,test
3900,train
404530,train
1298399,train
310095,test
181463,validation
1151477,train
284528,validation
307269,validation
2165277,train
1956257,validation
1815513,train
44741,train
2091550,validation
15358,test
1815014,train
1493053,train
1261287,train
1198719,train
711843,train
689293,test
715853,train
2030965,train
566416,train
520442,train
307971,train
1221135,test
1818342,test
354703,train
270279,train
464841,train
395587,test
1932135,train
1330033,validation
1296888,train
1874653,train
391088,train
119788,validation
465827,validation
1202202,train
1845805,train
144291,train
275066,train
70997,train
1109297,validation
645806,validation
605527,train
362297,test
711942,train
232471,train
75890,test
2046896,train
2015059,train
1314087,test
727271,train
716368,test
1893407,test
189312,train
1735693,train
173428,train
361518,train
173031,train
924178,validation
258837,validation
1873915,train
1253096,validation
99134,train
1154146,validation
1249053,validation
309270,test
109785,test
148364,train
983993,train
2113694,test
1816245,train
666263,train
1639305,test
669278,validation
968349,train
378358,test
2184989,train
383989,train
86176,train
310079,test
1252185,train
454172,train
96048,validation
1079276,train
1869353,train
1169773,test
102260,test
2074784,test
1756442,train
2139178,validation
1986914,test
968453,train
1753607,validation
1231376,validation
7990,validation
255509,train
1309971,train
1974391,train
1843931,test
2212221,train
256015,validation
1792577,train
1637696,train
756514,train
25698,train
332497,train
172225,train
1144044,train
976701,train
1174817,test
1255355,validation
1229982,test
1019943,train
1122536,train
106953,validation
1811167,test
126130,train
777864,train
307172,train
250896,train
875887,train
22104,train
1384521,train
711805,train
1015781,train
1784442,train
589996,train
1752625,train
152167,train
518127,train
82990,train
2169913,train
2158679,train
1813148,test
106683,train
636693,train
1198375,train
1767590,test
313990,test
625329,train
1720132,train
1134613,train
946743,train
439278,test
2201202,test
1896195,test
1750127,train
2090504,validation
1300390,validation
265500,train
1634080,test
241172,train
1647126,train
61212,train
1175018,validation
102062,train
1855357,validation
85474,train
1328065,train
371846,validation
1935231,test
2011352,train
416953,validation
395572,test
888268,train
1933390,validation
1330220,validation
238415,train
814903,validation
1914841,train
988119,train
309105,train
320845,train
177176,validation
1760207,validation
1243173,train
254114,train
1806981,train
93894,validation
2114710,validation
1072749,validation
325275,validation
2087274,train
696289,test
113943,train
1826825,train
603344,train
1805235,train
1978314,train
1360961,train
1300494,train
2102356,train
630946,train
55240,train
1848459,train
115238,validation
69335,validation
115278,train
699871,test
398432,train
1093392,test
1649260,train
1629782,test
98492,train
5602,train
145479,test
1774739,train
889055,test
1070051,train
259552,train
230871,train
1234903,test
896890,train
633403,train
67291,train
1115246,train
886734,train
1853566,train
1230079,train
1296877,validation
1734825,validation
1175307,train
1100854,train
294977,test
1293076,test
1162161,test
487704,train
1011086,validation
210615,test
1754342,test
30778,train
1213297,test
2067727,validation
2120438,validation
154264,train
1949527,train
684622,train
269108,train
1996463,validation
2158564,train
2113980,test
776789,train
341711,train
221527,test
741620,train
1293200,train
1843985,train
2256505,train
156049,train
314549,train
1857778,train
892624,train
1865436,train
1334177,test
584509,train
71575,validation
219235,test
1808026,train
667304,train
196506,train
1628057,train
2191752,train
119793,train
328983,validation
2030255,test
2005023,train
28187,train
694808,validation
1959859,train
1844316,train
1151367,train
310527,validation
2087107,train
2180250,train
163261,train
38615,train
1059197,train
1067385,validation
2219172,test
1687056,validation
1145015,train
180240,train
2172650,train
708722,train
388068,test
1839166,train
955108,test
32610,train
1770358,validation
987647,train
1000192,test
640959,test
1833976,train
69443,train
1745545,test
2200995,test
1686937,train
1909491,validation
1261848,train
1626736,validation
82814,test
61064,train
2167659,validation
1056420,validation
133559,train
1183775,train
541545,train
1940347,test
334047,train
146020,train
1046821,train
526245,train
1809933,train
334509,validation
1888521,test
1334624,train
1322026,train
1857990,train
1824123,train
1014420,validation
349750,train
1895058,validation
1177263,train
1960559,train
417434,validation
639082,train
925166,test
1901240,train
679979,train
1256371,validation
1017466,train
1195357,train
892427,test
1826958,train
1002716,validation
662068,test
695276,validation
1636976,test
22272,train
2118279,validation
664393,train
355177,train
1919064,train
745079,test
1642487,validation
1033319,train
1178599,train
305475,validation
129076,train
2239802,test
253524,train
1202215,train
1966199,validation
692031,train
1204504,train
1025697,train
1780663,train
1990821,train
10021,validation
698229,validation
1905651,train
645201,train
1102354,validation
203051,train
375532,validation
1770705,validation
1225172,train
1657186,train
2190986,test
147498,test
409980,train
1301290,train
384270,test
1118699,train
1320938,train
412183,train
104420,test
2174668,validation
1772781,train
2230551,train
1549048,test
1101991,test
1783134,test
1309821,train
673799,test
14806,validation
2140530,train
172488,train
672477,train
315568,train
1208377,train
359544,train
132802,train
389373,test
86690,train
534294,train
1743652,validation
263655,train
60115,train
986962,validation
284044,validation
764933,train
102641,validation
1311068,train
1636528,validation
2218139,test
739822,validation
627153,validation
1318130,train
2191663,validation
41590,train
453775,train
1010915,validation
1825563,train
1068853,train
270926,train
404214,train
137092,train
100569,train
1972160,train
257383,test
1130808,test
2116900,train
1838885,validation
133464,train
2125413,validation
699243,test
277606,train
183172,train
1182234,validation
567191,train
2019824,test
695360,train
1513930,test
1173054,train
1201921,train
398728,train
2033246,train
1766777,validation
2042518,validation
61522,train
1844552,validation
627775,train
1004720,test
1258981,train
374669,train
1853435,train
1894917,test
2228873,train
2129593,validation
1680632,train
1098398,train
2228599,validation
1716360,validation
1174097,train
2219823,train
1288422,train
1718689,train
1218029,train
1122453,validation
2195566,train
1071315,train
1058334,validation
605265,train
1026075,validation
1631088,train
1887270,test
363506,train
1751892,train
223445,test
3873,train
62608,test
1284492,train
329194,train
885736,train
685888,validation
1782214,validation
1866810,train
2005271,validation
1335626,train
1104589,train
180631,train
2070134,train
1900353,train
2134539,validation
1227903,train
1836019,validation
302585,validation
66625,validation
1845937,train
572382,train
1764009,train
1160046,train
37671,train
1749371,validation
2199184,train
652636,train
639057,train
982224,train
1213976,train
1252217,train
1084826,train
58046,train
111564,train
1220865,train
2155462,train
1597994,test
1801023,train
947487,train
1341879,train
1036094,train
108798,test
1225777,train
1620894,validation
149527,train
530469,train
1296696,train
1857175,validation
2132092,validation
2079612,train
1727942,test
1829501,train
1206086,test
354459,train
1246283,test
1086042,validation
1012344,test
799476,validation
88321,validation
2173083,train
383043,train
938598,train
1157576,train
1695538,validation
1256765,test
1106857,train
952833,train
1818311,train
123529,validation
355371,validation
1008083,train
1221745,train
2189997,validation
515634,train
416069,train
263962,train
1613332,train
1062625,train
487992,validation
1848027,train
136941,train
908423,train
1015292,test
1103366,train
738077,train
199837,train
1290345,test
1668646,train
267256,train
1826773,validation
1266652,test
394349,validation
142846,train
1843464,validation
1109084,train
353989,train
280043,train
2209351,test
2200306,train
1716777,train
704402,validation
1347723,validation
183430,test
1889141,train
1160808,train
1261935,train
1301238,train
1706913,train
1648772,test
1277925,train
1212185,train
45276,train
220104,train
38784,train
8470,train
318445,train
160382,train
1900954,test
2209709,train
569697,test
1874746,train
234033,train
636681,train
2187073,train
1700186,train
1626365,validation
379097,train
743493,train
1917265,validation
1898689,train
200846,validation
1878746,validation
339237,train
1077730,train
139316,validation
420454,train
602704,test
578977,train
153699,validation
2023637,validation
280867,train
1831967,validation
77597,train
1171723,train
1826635,train
1641513,validation
1973236,validation
123395,test
280980,validation
1781609,train
404136,train
120458,train
389829,train
617105,train
86839,validation
1626797,test
1249855,train
984813,train
1796032,validation
1975636,train
1087111,validation
2084029,validation
1853123,train
1937906,validation
1313645,train
1920465,validation
1115033,test
1701261,train
228370,validation
1946275,train
28808,train
1585740,train
1915711,validation
1083148,train
227684,train
1101714,test
1680326,train
1043816,test
1683250,train
1879425,validation
1769200,train
151714,test
1940391,test
1200229,train
1341959,train
288981,train
224579,validation
1742559,train
189366,train
1745211,train
264441,train
1172913,train
718461,train
1077001,validation
201055,validation
1634817,train
307171,train
1300874,train
1189898,train
1084821,test
2252311,validation
61731,train
1231904,train
641330,train
1202596,validation
2225279,test
1117669,train
110598,validation
1798943,train
1869280,train
986592,train
956260,train
643619,train
1167138,train
1458453,train
1306707,test
744587,train
93586,train
410024,train
129304,validation
1737795,train
937819,train
196096,validation
1881763,train
1324555,validation
514541,test
545008,train
1712786,train
1762358,validation
238945,train
1626617,train
1932447,test
1203180,validation
414972,train
1711636,train
2150703,train
297646,test
1839170,train
1808665,train
149770,test
2020025,train
317158,test
2216071,train
1034254,train
1292919,train
1999258,test
1720625,train
685907,train
196869,train
267238,test
1245867,train
308605,test
2177332,train
140657,train
514165,validation
80641,train
154294,validation
238312,validation
1775437,train
1610134,train
1710668,test
114981,train
130470,train
296294,test
1850089,train
241815,train
472974,validation
1331135,train
2247366,test
131166,train
1623341,test
748004,train
917273,validation
361604,train
418949,validation
1170973,test
1337334,train
39160,train
1851853,train
715437,train
1682037,train
1063413,train
1945259,train
1628688,train
1615332,train
63793,train
2158723,validation
1337374,test
2258741,train
386911,validation
1969658,validation
300978,validation
262828,train
2012789,train
295820,train
1208222,test
1910532,test
348563,test
1620957,train
680,train
33593,validation
1786547,validation
1880419,train
281699,train
1904575,validation
391672,validation
130864,test
1832699,test
1244411,train
729218,train
420416,train
1282109,train
1647795,train
1153628,train
120616,validation
678558,validation
57235,train
1220769,validation
1237903,validation
244642,train
332687,train
1808486,validation
1756349,train
732845,train
1736766,train
2241521,train
1875553,train
1753238,train
614438,validation
177453,test
39351,validation
2183273,test
1799683,train
1686880,train
1297766,test
1312414,test
202146,train
1217349,train
1812561,train
1343907,test
22053,test
1170793,train
481479,train
1868013,train
2242991,train
626968,test
60513,validation
2018236,train
54591,test
2085336,validation
2017658,validation
2134110,test
1202866,test
1199114,test
637555,train
4808,train
338626,validation
1089559,test
343564,test
1811780,train
2014803,test
1618892,train
1296010,train
2097010,test
1173650,test
204600,test
1251727,validation
2258250,train
317746,test
1155752,train
62,train
1908815,train
53473,train
500349,train
72109,train
1887660,test
2173451,validation
209145,test
745404,test
65725,test
1822234,train
2064744,train
1874521,train
316221,validation
1778994,train
77365,train
114815,test
2152855,validation
95770,train
1641405,train
1768729,train
738397,train
701505,train
1832281,train
245646,validation
58673,train
1798271,test
1117714,train
1803293,train
1639056,train
250888,validation
682486,validation
983552,train
1351477,train
290915,train
1327336,train
1337707,train
84346,train
1167827,train
1863706,train
126284,train
993423,test
905860,train
1293096,test
359626,train
1339278,validation
437405,validation
146703,train
1348403,train
1179429,test
1070742,validation
145389,validation
336690,test
1648996,validation
1128769,train
1964206,test
1243214,test
28090,validation
723644,train
1614527,train
1291317,train
1220897,train
1238754,train
1786280,train
20379,validation
110739,train
1096567,train
89790,validation
2168759,train
209853,validation
1986897,train
153548,test
2072684,train
104203,validation
743037,validation
365069,test
103228,validation
1162241,validation
1252950,train
1147626,train
1244451,train
2161171,validation
658591,train
2149219,test
1009290,validation
139790,validation
1752995,train
1222853,train
1900665,train
1987142,train
1622170,train
1117126,test
1785130,train
1341101,train
97587,train
1227528,train
1071354,test
103750,train
1780505,test
363082,train
1051154,validation
1836573,train
1328982,validation
1773335,train
190329,test
1218077,validation
1117726,train
208952,validation
951994,test
1965381,train
346563,train
1344181,train
44554,train
894398,train
271525,train
1255071,validation
383996,train
497821,train
1631112,test
1858396,train
2007935,test
1344201,validation
1257414,test
262093,train
1895151,validation
1343884,train
194429,train
5648,train
1894339,test
1081446,train
84232,train
1211218,test
1761865,train
691213,test
317607,test
607515,train
1099848,train
718349,train
58986,train
1794755,train
2165662,train
9581,train
183022,train
2002260,train
1277808,validation
2220012,validation
1139333,train
292810,train
893532,validation
1068408,test
2209820,train
95852,validation
1892324,train
92609,train
1342232,train
1655878,validation
1675967,train
678573,validation
1028892,train
126819,test
1638695,test
1769298,train
3298,validation
133781,validation
892616,test
379853,train
1985426,test
116447,train
366863,train
668210,validation
2236723,test
25990,test
1196692,test
1875913,test
1096801,test
1936374,train
701327,train
1942804,validation
1879789,test
175439,train
2138402,train
1986500,validation
1257,train
197748,test
22875,train
2003761,train
288007,train
1147588,test
1256894,train
1781435,test
1302395,train
1257034,train
1821895,train
1284754,train
1765384,train
104043,train
1808874,test
329147,test
1285882,train
1094985,test
1245046,test
47885,validation
2031998,train
2260123,train
1898795,train
2164016,train
108338,train
1625412,test
599575,train
191520,train
308721,train
148255,test
1877526,train
171930,train
1333414,train
1260617,train
1131175,train
1222728,train
142502,train
447606,train
845616,test
2196000,train
395154,validation
879744,train
1214140,validation
404532,test
606320,train
393533,train
1287743,train
195625,train
1758465,train
941913,validation
85183,validation
1892146,train
1665099,test
734054,validation
1051399,validation
1267682,train
1166460,train
1170990,train
1023339,test
1214035,train
1065701,train
356238,train
272565,validation
1105890,train
805254,train
1627217,train
1159528,validation
1824247,test
2222527,train
1063727,test
1166986,test
1205816,validation
733516,train
203120,test
195865,train
1861289,validation
248964,validation
1198639,test
264829,train
1769211,validation
345181,test
1033762,test
1309238,train
62474,train
1240504,train
29783,test
164658,validation
37793,validation
963917,train
1228786,validation
753044,train
2209939,train
1621524,validation
157221,validation
1774803,train
1217042,test
1130993,train
918630,test
1102211,train
1226698,train
1929590,train
1137226,train
594334,validation
1817900,test
1624549,train
1147511,train
245995,train
1983060,train
161774,train
2229250,test
110001,train
1915560,train
1104488,train
2183127,train
1332565,train
1025273,train
405930,train
1635837,validation
986898,test
29177,validation
75349,train
1151138,train
1111736,test
324986,train
244274,validation
245939,validation
1585665,test
1232864,train
307771,test
1896667,test
1756897,train
1160209,train
979365,train
205324,validation
1862148,train
1976781,train
1838455,train
11602,train
410593,train
944348,test
286780,train
1533345,train
163425,validation
1835667,test
1171016,train
2049018,test
1696325,train
227950,train
1176614,test
1618666,train
207572,test
1895237,train
227027,train
1812327,train
298574,train
596063,train
1961774,train
1746527,validation
1118927,validation
2008873,train
1314117,train
269567,train
947208,validation
123721,validation
1724955,train
1514372,train
36203,test
278559,train
1191408,validation
172252,train
1841087,train
338770,train
678947,train
1649621,validation
1679422,train
1185822,validation
1189719,test
1015383,validation
1959661,train
2248650,test
368153,train
199950,test
303354,test
1212558,train
937514,train
2210479,train
1650084,validation
1136902,validation
334326,validation
178717,train
659874,train
98941,train
1820736,train
1169273,test
1683727,validation
173398,validation
393694,train
186137,train
1049787,train
97153,validation
69366,test
1730123,validation
712415,test
267767,test
2068516,train
1174331,train
958626,train
146173,train
1134444,validation
1146123,validation
420019,validation
1177668,train
1154870,test
2172547,validation
696077,test
605541,validation
53495,train
1288099,test
1164213,train
1839947,validation
1083919,test
2073229,test
1209810,validation
688817,train
557328,train
1151235,test
1019493,train
2236873,train
1241932,train
27593,train
1223037,train
1300482,validation
97269,train
1261788,train
1897550,train
1806375,test
1888055,train
268900,validation
1076343,validation
214770,train
1135024,train
1754722,train
714809,validation
1026734,validation
1154763,test
1892259,train
1640466,train
1990599,validation
1971726,train
1076700,train
1636072,train
87231,train
716937,train
1187472,train
383961,validation
1336799,train
1848155,test
1613714,test
1321027,train
1823327,test
1625605,test
954547,train
1883821,train
207622,validation
255409,validation
399551,validation
376590,train
330097,train
378812,validation
1834436,train
621757,train
1120347,train
891860,train
133791,test
121978,train
1838610,train
1211953,train
34012,train
1626868,test
1098710,validation
1244941,train
668740,validation
886831,validation
746757,train
1763407,test
1554367,train
1087597,train
1118878,train
394347,train
2222239,validation
92832,validation
1118974,train
1135314,train
1349570,test
936944,train
2179623,train
2134312,train
1807791,train
1744059,train
376299,train
1257336,validation
1185785,train
485429,test
330200,test
1660278,test
1322837,train
33826,test
196745,train
1858227,train
1758897,train
986049,train
1861938,train
1958939,validation
1971969,train
334151,test
919899,train
1443759,validation
215424,validation
1254220,validation
2248939,train
903839,test
1092453,test
270213,train
1945557,train
2232966,train
2157257,test
980624,test
556634,train
1007382,test
88107,train
1888316,train
334985,train
897138,train
1752611,test
417374,validation
1762040,train
1700618,train
1633098,train
1130296,validation
1332438,train
295544,test
1096099,train
620139,train
1774579,train
1838789,train
2106851,train
2201009,train
902168,train
66229,train
1335257,train
1771856,train
1687472,train
1936816,train
293387,validation
1682748,train
2258692,train
1616841,test
311479,train
183150,validation
740776,train
1171270,train
654799,train
221565,test
1875278,train
1764390,train
1763585,train
1071343,test
2234707,train
306167,train
251933,train
1998810,train
94598,train
1138540,train
353685,train
702681,train
1086115,train
1675286,train
606949,train
200736,train
20460,test
1055839,test
2085815,validation
332989,train
1351301,train
398671,train
1757939,test
984736,validation
314561,train
1891280,test
132242,test
1826823,train
703359,validation
1147664,validation
141335,train
1997051,validation
2230933,train
1887329,train
2043559,test
1650423,train
2173636,train
1667753,train
85364,train
1618427,train
2020166,test
51751,train
1821049,train
938214,test
475465,test
914638,train
1498125,train
376937,train
269294,test
2111977,test
386295,test
459961,train
196553,train
2190389,train
88755,validation
1272289,train
1321966,train
724339,train
1022988,validation
2097173,validation
1635613,train
96591,train
1783625,train
1230049,train
2000848,train
1261593,test
1172604,train
594897,validation
199412,validation
2118780,train
1048008,train
1793971,train
1819001,test
234324,validation
1635172,train
1570321,train
1767736,validation
140837,train
1040787,train
1894608,train
67452,train
1055729,validation
2020999,train
1266107,train
1252415,train
1989038,train
1690077,train
2194592,train
392887,train
2164958,train
1445067,train
1673369,train
998650,test
1111404,test
584141,validation
690012,validation
140698,train
1819862,train
1114614,train
2236970,train
1216456,train
1066900,train
1268937,validation
355271,validation
1184173,train
230733,validation
2018953,train
1812834,test
131630,train
155081,validation
1839558,train
819020,train
1799060,train
54545,test
1347165,validation
688623,validation
709229,test
709720,train
1847413,train
1646134,train
109933,train
1147219,train
2108209,train
1789689,train
11390,test
1086822,test
1345664,validation
1933213,train
1984314,train
222739,train
1293886,test
748386,train
709140,train
157365,test
132453,train
1714813,train
1778491,train
2226460,train
1055722,train
625796,validation
79490,train
1656766,validation
1702025,validation
628333,train
1309394,train
1111431,train
894194,validation
1610056,validation
717804,train
749486,train
1185441,train
1776946,test
1689571,validation
1141974,train
698911,test
160933,validation
396535,test
1796617,test
1824571,train
2141758,test
437630,train
268597,train
257429,train
1841136,train
984521,test
878552,validation
288852,train
2224782,test
1098747,train
730695,test
1814401,validation
2019160,train
1330439,validation
1903545,test
9453,train
345110,test
2024456,validation
601589,test
1098288,train
1108259,test
1072362,train
1783148,train
1181768,train
1712386,test
674209,train
718192,train
66209,train
1729973,train
708507,train
1880232,train
1185946,test
1683703,train
1023740,test
207416,train
1319166,test
1751368,train
1027390,train
1014164,train
1276924,train
1971925,train
1970092,train
1665644,train
1329727,validation
408503,train
1007132,test
88126,train
1258855,train
1777798,test
1532407,train
537090,train
43406,validation
65589,train
139020,train
1847927,validation
91096,validation
2036015,train
927139,train
545264,validation
1237671,validation
1865673,test
959021,train
1105306,validation
2226654,test
78281,train
258400,validation
1762665,train
1865174,train
98360,validation
1999409,validation
168717,train
1800985,validation
1206104,train
1191165,train
1936252,train
1229188,train
1698442,train
997404,train
1750423,train
2027735,validation
1906637,train
1846166,test
1835301,train
1272895,validation
1878625,train
1172299,validation
976550,test
10914,train
1978273,test
1258814,validation
44430,train
925564,validation
1620061,train
121871,train
996952,train
540209,validation
885764,train
15874,train
1267030,test
92040,test
35381,train
1086918,train
100177,validation
2187221,train
1049307,train
367941,train
1081006,train
260043,validation
1309764,train
1965070,train
104905,test
623557,train
1980435,train
86357,train
1934815,train
895091,validation
2002902,validation
1836844,train
196476,test
150375,validation
1776228,test
919208,train
1810972,train
1074033,train
73056,train
1785983,train
2246896,train
1676235,train
229697,test
1997544,validation
2183484,test
733654,train
314816,test
1102041,train
692532,train
1215057,test
562949,train
1937122,test
1290386,train
941945,train
2211210,test
2132960,validation
684781,train
357444,train
279416,train
951801,validation
207473,validation
1067013,train
143981,train
111897,train
701670,train
1044853,validation
1410148,test
698957,train
1691032,validation
1756385,train
237381,test
1077393,validation
1677384,test
1300067,train
24649,train
2219453,validation
1171273,train
1777822,train
2007500,train
983060,validation
160565,test
1878176,train
745072,test
924825,train
1837030,train
1856479,train
1279858,train
721926,train
709984,test
419283,train
1626317,train
1245210,test
1071432,test
1633740,validation
1315671,train
457858,train
1612868,train
1876955,test
234368,test
1855263,train
1161110,train
1764577,validation
1045471,train
1649531,train
1846423,test
1891938,train
109224,train
387008,train
1241543,train
1234986,validation
1058650,validation
67038,validation
280141,train
619511,train
351048,train
411505,test
44968,validation
2248439,test
1155852,validation
1702271,test
160305,train
413181,train
2177740,validation
2220694,validation
1638082,validation
90982,train
417343,validation
1201261,test
1825515,train
2017218,train
355473,test
991012,train
296495,test
54386,train
1855560,train
438584,validation
128831,test
2171522,train
1821490,validation
880564,validation
1218470,train
219589,validation
1777120,test
208931,validation
2197361,train
1614854,train
1105272,validation
1646837,test
1315975,test
1028447,train
2236508,train
626290,train
1756984,train
184648,train
1896205,train
208318,test
564817,train
1151846,train
710823,validation
1804328,validation
165884,train
1086636,train
1127226,validation
157144,train
1268901,validation
1709871,train
255562,train
2194424,test
1145805,train
1015341,train
356155,train
1107342,validation
1304082,train
1855813,train
1219417,train
392975,validation
1834846,train
346013,train
1815508,train
841402,train
109559,test
1079444,test
1230330,train
1955853,train
501448,train
79302,validation
90634,test
909782,train
52579,validation
243449,train
287648,train
1497153,train
1243004,validation
1295869,test
1859893,train
928028,train
927245,validation
1863307,validation
365522,train
1048763,train
1285699,train
1754402,test
1910965,train
1761325,train
1332238,validation
1925743,train
28338,train
62582,train
921533,test
1901545,train
232001,train
1029071,train
670289,train
1508858,train
1793727,train
1146820,validation
1871686,train
1963450,train
2074373,test
608570,train
1000236,validation
1633448,train
970811,test
1794825,train
1197295,train
320686,train
1702383,validation
1298987,train
229142,train
1696341,validation
83447,test
172020,validation
685890,test
1344548,train
13252,train
1802118,train
2184656,train
1711877,train
2000200,train
150256,train
1527643,test
245710,train
1617324,test
122440,test
345132,train
621950,train
1105752,train
1232693,train
1480195,validation
1830202,validation
741831,train
2167449,test
1810204,validation
536436,validation
340691,train
227628,train
1236974,train
1214480,test
327483,train
2114928,test
1177441,train
1040802,test
1105280,train
672673,train
225212,train
1337958,validation
616853,test
232477,train
2239891,train
120704,train
1309093,test
394086,test
263949,train
1064591,validation
1626384,validation
147551,test
1151726,train
1951213,test
1889918,test
1898678,train
688321,train
140164,train
520298,test
605278,test
1647622,train
1909288,test
1210150,test
85777,validation
403053,validation
166649,train
292479,train
629109,train
88075,train
1617107,train
180600,train
47750,train
326029,train
382985,validation
732342,validation
2148505,test
2056660,test
1319533,train
70459,train
247311,validation
1622391,test
1064434,train
1943671,validation
904517,train
571301,train
1700322,validation
309438,train
190874,validation
147892,validation
1884928,validation
2157879,train
1082611,train
998530,train
939562,test
686379,validation
33393,validation
1415639,train
264147,validation
980607,test
565118,train
1830079,train
308119,train
19751,train
424620,validation
296980,validation
299443,train
270303,train
1325286,train
145470,train
1957317,validation
1960914,train
662111,train
1080077,validation
230556,validation
1228707,test
1239190,train
2098494,train
481129,train
1207815,train
1960405,test
1261923,train
1128246,test
1147923,train
1300753,train
2203605,train
984014,train
674405,train
1640891,train
269571,train
1233362,test
314415,train
52956,test
26745,test
1074423,validation
249561,validation
1679065,validation
1671971,test
1318429,train
1870314,train
1216176,test
2217856,train
273445,train
184864,test
583929,test
1763421,train
126756,test
1927275,train
1564002,train
996910,train
2019889,train
2005875,validation
919048,train
1890463,train
1321478,train
1241018,train
185215,test
1113693,train
1337139,train
276409,train
387154,test
225322,train
2235765,train
1344786,validation
153995,validation
1117229,train
1837897,validation
2106761,train
1135224,train
213419,train
1890020,validation
1532206,test
55208,validation
1778286,train
1453743,train
987887,validation
274002,validation
1842447,validation
615430,test
1899152,train
587426,validation
825150,train
105210,test
1272645,train
1767168,train
2061224,train
878420,validation
345953,train
589375,train
163740,train
181820,validation
1889702,train
268029,train
409625,train
638830,train
316093,train
1204104,train
335058,train
1263413,train
1126141,train
1283226,train
132156,test
1639367,test
952844,train
2197547,validation
104139,train
341655,validation
224746,validation
1938316,train
1173816,train
434038,train
296327,train
1199889,train
1793530,train
2230908,train
1811331,train
233606,test
280100,validation
666452,train
1173188,train
1320233,train
1335286,train
1054219,train
1328304,train
1544062,validation
1917037,validation
2017074,validation
1159605,validation
574088,train
2028006,train
1272916,train
413516,train
620502,train
1972677,test
1898278,validation
342834,train
1952711,test
2204499,train
2033582,validation
263022,train
149622,train
133222,train
1771621,validation
628867,validation
612923,train
1291489,train
2179370,train
1880687,train
171061,train
1208289,test
1997755,train
223032,train
706372,train
1707133,train
1836432,test
2158041,train
180373,test
1434288,train
84095,train
655434,validation
1081188,train
1928748,train
695151,train
225853,train
2106537,train
1075129,train
1967254,train
186269,validation
1349739,test
2199679,train
107694,train
1073979,validation
1160151,test
1140874,train
1264812,validation
922587,test
1089941,train
590944,train
1209880,train
247025,train
301158,train
21783,validation
1078119,train
1110778,validation
1226061,train
1724706,test
97722,test
1050931,validation
1687758,train
1332660,train
990266,test
1042101,validation
1529986,train
1872611,train
90324,train
415565,train
1192733,train
669351,validation
2229700,train
147605,train
152592,validation
1930094,train
330739,validation
1112852,test
1294004,train
990769,validation
1755171,test
740726,validation
1221797,train
1977107,test
1086730,test
2183673,train
1854410,train
184646,train
119902,validation
1074130,train
1142644,train
653115,train
1294725,validation
83707,test
1753651,train
169140,train
1644784,train
130807,train
279354,train
1161708,validation
923124,train
284577,train
1598487,validation
189197,train
1901013,test
348772,validation
60266,test
130601,train
283605,train
1544075,validation
1919649,test
1329467,test
356299,validation
203759,test
1961074,validation
1990638,train
2179388,train
676726,train
996102,validation
1052355,train
1152621,train
1617093,train
346080,train
413073,train
1107003,validation
961656,validation
1631254,train
412381,test
1614291,train
885522,train
2077646,train
321189,train
1531660,train
1343415,train
232694,test
1643659,validation
2010157,train
343101,train
1895013,train
665662,validation
1281293,train
1231315,train
717812,train
589151,train
43203,train
1159181,train
254236,train
1784558,train
739345,train
1276035,train
745850,train
1896615,test
1894602,train
1113465,train
1796428,train
389682,train
1334266,validation
2123502,validation
1269012,test
1983970,test
1047968,train
2174090,train
376333,validation
324699,validation
1208710,test
40455,test
1311882,test
1911389,train
541588,test
2183857,train
1043533,validation
2252034,train
927716,train
251842,train
392722,validation
1294894,validation
1239347,validation
264576,validation
110237,train
357962,train
1333160,train
1525274,train
219555,test
1617325,test
474289,validation
1271575,train
995248,train
55896,train
1071786,train
307740,train
38306,test
2173127,train
914843,train
1513019,train
2186818,train
344810,train
852192,test
294160,test
2183663,train
1270590,train
1324656,train
1351750,validation
1885897,validation
190677,train
135496,train
77437,validation
533298,train
985401,train
7569,validation
1778181,validation
1225956,validation
1877220,train
275816,test
1269758,train
1799293,train
1973984,train
114939,train
1323426,train
1789024,train
1739882,train
39525,validation
681000,train
2150376,validation
745047,train
290905,validation
1988029,train
1779969,train
1829208,validation
2198015,train
574691,test
11396,train
357325,validation
2234805,train
2137499,validation
408794,train
2212389,train
188457,validation
74536,train
339727,train
1648789,train
344971,train
326760,train
82402,train
1461365,train
26479,validation
1899797,train
1099114,train
77388,train
2164815,validation
1879101,train
1865215,train
9815,train
501395,test
1206953,validation
1973778,test
1124727,train
2197113,test
27979,train
1675746,validation
1764087,train
410450,train
2007854,validation
1752195,train
108260,train
1047231,train
1078192,train
1084816,test
2149475,train
1261796,validation
46658,test
1155767,test
1919765,test
2011974,train
1147957,test
1621020,train
2005790,train
1491725,train
2150345,test
1649553,validation
478630,train
119047,train
1840210,train
1310387,train
386050,train
120269,train
196093,train
137300,validation
2235070,validation
42134,train
1118829,validation
1454332,test
2014865,train
1842360,test
1019259,validation
87467,validation
60880,validation
1279868,validation
462289,validation
116912,test
1635929,train
2108256,train
1014198,validation
1253635,test
380493,train
1130990,train
86230,train
136696,test
1657257,test
385900,validation
379955,validation
2003045,test
1900967,test
1267773,train
1809240,train
1138153,train
60915,validation
1221638,validation
350920,train
983509,train
645921,validation
1180320,test
110814,train
2132729,test
1822844,test
142764,train
2124535,validation
119623,train
937235,train
642789,train
1761858,test
125032,train
1657650,train
162789,test
99516,train
1342353,validation
1620348,validation
1272323,train
1865753,test
1109490,train
1864225,train
1892865,validation
696012,train
76248,train
1983629,train
705909,train
1308292,train
1789937,train
1061224,validation
1103122,test
306636,train
2125242,train
95921,test
352843,validation
1286172,train
1887769,validation
1919928,train
186048,test
1342854,validation
98012,train
1536135,test
675297,test
1642716,train
1210027,train
57741,validation
1737485,train
1130092,test
2193474,train
1241058,test
222054,train
420632,validation
375176,train
25065,train
1211977,validation
1858140,test
2225298,train
52948,train
1846948,test
650289,train
1858544,train
1192706,test
37235,train
1257202,test
1825639,test
1719398,test
121163,train
9299,validation
714926,train
685429,test
194266,train
93360,validation
1277807,train
1617243,train
2007419,validation
1327225,test
674862,train
893164,train
1717527,test
142519,train
1128626,train
1162474,train
626395,train
548866,test
2120653,train
2688,train
141254,train
1904532,train
2154073,train
1205872,test
207895,validation
658406,train
130814,train
1306312,validation
93542,train
586295,test
1792545,test
1683366,train
1243612,train
415678,test
1635174,test
1260869,train
745057,test
303790,train
900934,train
1864852,validation
34311,train
1886990,train
2000075,test
1701108,train
129782,train
644907,train
1696181,train
347117,validation
292331,test
234119,train
596053,test
573165,train
2228555,train
1775326,train
1083294,train
291146,test
1755921,validation
356061,test
183265,train
1641958,train
1520464,validation
280495,train
1851831,train
1794593,test
1938023,train
77722,test
1863335,train
1760387,train
960007,train
2010666,train
1944883,train
1643181,train
1008156,train
151737,validation
1194415,train
909068,train
1614031,train
1974541,train
1894144,validation
1001427,train
676748,train
1041836,validation
1384447,validation
617659,test
1267223,train
1767171,train
677480,train
1908433,train
330569,train
1755475,train
1991201,train
382576,train
990926,test
654557,train
1340623,train
1283666,validation
1291201,train
1986426,validation
174843,train
1846681,train
1865245,validation
2218210,validation
367910,test
1915267,validation
148019,train
271247,test
1152906,validation
1942381,test
11041,test
1140965,test
691664,validation
1887808,test
2179583,train
1844509,validation
1981697,train
970640,test
396094,train
1723035,train
1856000,test
2167558,test
366380,train
1753571,test
718169,train
1675623,train
254826,train
1858031,train
1835033,test
1991446,train
700150,test
1860569,validation
2161150,train
334175,train
1178386,test
1360778,validation
1344703,train
1224115,train
1305226,train
1203577,test
1889067,train
984380,validation
1079191,validation
38589,train
1003257,train
1347635,validation
919564,validation
1835354,test
8499,train
1394176,train
1186559,train
406866,train
448385,train
2178765,train
1834755,train
1133895,validation
307815,validation
986756,validation
295972,validation
1483519,train
1966955,train
1301877,train
16958,train
377349,train
1930305,validation
1968199,train
378513,train
2182109,validation
1152357,train
1899958,train
169017,train
964795,train
1842803,train
1865585,train
549332,test
1792961,train
171774,validation
973431,train
1153536,train
1985135,validation
111957,train
996868,train
1102161,validation
985606,train
36145,validation
1650011,train
393115,train
55861,test
1254586,validation
498088,test
1309159,train
166720,train
171053,test
1263899,validation
363882,test
603327,train
118173,train
1169171,train
1859180,test
2148023,train
715208,train
1878783,train
146094,validation
1013350,validation
209212,train
1808395,validation
1639748,train
1338562,validation
302762,train
1104508,test
1082007,test
1349006,train
1041381,validation
1314546,train
1883158,train
1829054,test
1044789,test
1109844,test
1779342,train
2108852,test
334241,validation
536558,test
1622124,test
1931607,train
417285,test
999945,train
642194,validation
2142197,validation
695672,train
280568,train
2085352,train
395625,train
1206030,train
334043,train
1311711,train
1912085,train
325061,validation
1560435,test
176539,train
361739,train
312021,train
1831595,validation
304643,train
147757,validation
1885783,validation
1984991,train
1147448,train
1744716,train
116325,train
1038197,train
249876,train
110956,test
398170,train
677213,train
1285976,train
285222,train
1907191,validation
1408138,test
189828,train
1638666,train
2037498,test
375050,train
653786,train
1569701,validation
36597,train
1004771,train
1789535,train
276810,train
358082,train
302451,train
270365,train
375936,train
586409,validation
658922,validation
1084594,train
1869906,train
1297282,validation
1765951,train
1934831,validation
699118,train
269952,validation
1675022,train
1627822,validation
2014799,train
1300269,validation
1686121,train
1735771,train
57683,train
1128206,train
1618722,train
2094831,train
1223422,train
1001959,train
420442,train
1229237,train
683016,train
390465,train
2208569,train
1752433,train
730450,train
1621476,validation
1086215,train
1032620,train
1640299,train
690248,train
1926203,train
28194,train
339337,validation
1255200,test
396909,train
687037,train
729783,train
690949,train
2157534,train
250082,train
1841526,train
292039,validation
1018275,test
9062,train
1843000,train
1235086,train
47389,test
2186604,test
719689,train
1824957,train
1073608,train
1150662,test
970030,train
1084579,train
1245003,test
345126,validation
612855,test
1757539,validation
1837180,validation
110359,validation
1312131,train
134927,train
1279544,validation
65835,train
1622731,train
179223,train
1261712,train
879187,train
1861760,train
935568,train
215049,test
1178990,train
911551,train
2185559,train
1731934,train
235674,validation
1682696,train
1714949,train
1141210,train
1314777,test
2139986,train
1924299,train
1202076,validation
951002,train
628096,test
340798,validation
1209775,train
222512,train
286060,train
975612,test
175554,train
1067904,train
108698,train
344648,train
725921,train
20159,train
1927457,validation
305574,validation
1012228,train
2065143,train
638056,test
902869,train
101364,train
2207884,train
1612273,test
251242,validation
157782,train
1861313,train
162739,train
727534,validation
615275,test
1096253,train
1234604,test
1002941,train
149430,train
1117942,test
1405703,validation
1779273,train
2062517,test
1324052,train
1883976,train
269365,test
10111,train
1841952,test
70823,test
1991578,validation
930526,test
740286,train
1777773,train
1205123,train
1969308,test
1143216,test
15336,test
1881147,train
1860527,train
1038484,train
939502,validation
1713265,train
338974,train
1799296,train
368372,test
1116220,validation
1066300,test
543948,train
331179,validation
829654,train
1351260,validation
138828,test
65280,train
1066346,train
1763679,validation
1924794,validation
683103,train
1030833,train
1005451,test
577706,train
1029636,test
693568,train
421631,train
337940,train
693945,test
1946865,validation
1174761,train
296146,test
234390,train
151811,train
1255693,train
27372,train
305437,test
662326,validation
365396,train
2203418,validation
1068772,train
1167607,test
1992729,train
1334620,train
1680006,test
1899582,validation
1780568,train
2096821,validation
2238611,validation
1545699,test
2167444,train
2196351,train
143633,validation
409009,train
719351,train
1146073,train
1056126,test
1490765,train
1349488,train
732851,train
2168318,train
365197,validation
1278416,train
1904564,train
2190449,test
1906683,train
999300,test
260545,train
1907245,train
1218262,validation
2090619,validation
1642336,validation
140861,train
1915656,test
1083137,validation
1926846,train
1884624,train
1126502,validation
1128712,train
679063,validation
1124857,train
1078085,validation
12563,train
1091414,train
1675709,train
1110146,validation
2009528,train
1785963,train
1159247,test
1121058,test
683329,train
118260,validation
1793336,train
1732414,train
1303758,train
680925,train
1047920,train
662198,train
645105,train
1987720,train
1178257,train
1738796,train
1910632,test
1246396,test
1307219,train
1796155,validation
1541586,train
1202790,validation
938093,test
1614554,train
247913,test
1207632,train
644960,train
646494,validation
2211755,validation
400531,validation
699211,train
349090,test
1635032,train
340496,test
1097062,train
1976539,train
40769,train
390333,train
104240,test
2075499,train
1068697,train
77039,train
1060454,train
1904000,test
1827448,validation
939659,train
1176929,train
545351,train
1806082,train
689389,train
1872251,train
78363,train
1313309,train
376364,test
1864235,validation
1965842,train
2225189,validation
1949453,test
2018800,train
1172408,train
1116881,train
1018177,train
436164,validation
2188855,train
601714,train
1990205,train
1213377,test
123385,train
1803005,train
656773,train
324324,train
367752,train
1759114,train
384521,test
1642277,test
1787381,train
1183300,train
1344137,train
1250448,train
1002996,validation
1630182,validation
533892,train
1006852,train
1771943,test
2145535,test
1310815,train
368254,train
1262403,train
718350,train
1657626,test
463548,test
612560,train
2005209,train
412458,train
737624,train
72385,validation
1008102,train
955010,train
1050243,train
649317,test
1328966,train
681035,train
15574,train
2200660,train
678220,train
389721,train
358024,train
239428,train
99612,train
1870980,train
1909652,train
315564,train
1771436,test
1103823,train
1938166,validation
1285185,train
936544,train
175942,train
1289997,validation
1781689,test
327756,train
2232954,train
105248,train
1098361,test
1960176,test
50123,train
1930897,train
1271130,train
49611,test
1756816,validation
62790,train
202274,test
1064604,validation
1195008,train
1651030,train
276509,train
1662433,test
2181211,train
1096541,train
599836,train
1876577,train
1809807,train
1082824,validation
690858,validation
218965,train
1071010,train
1761561,validation
1021091,test
1740684,validation
1621009,train
1271008,test
1946194,validation
143022,train
932312,train
392692,train
1582968,test
318533,validation
1133008,train
1839113,validation
76044,validation
1698431,train
720494,train
472520,train
1849073,train
45707,test
1800931,train
946609,test
306594,test
301841,train
223215,train
1020394,validation
2069188,train
995199,train
1187870,test
1626380,train
1796600,validation
1958374,train
1713592,validation
405155,train
2065428,train
969941,train
1839008,train
565537,test
219444,test
1159959,test
1209979,train
245251,test
2000976,train
1779450,test
570782,train
360565,train
1727248,test
364674,train
676922,validation
1050750,train
1081627,train
1269045,train
1699638,test
155552,test
1898407,validation
1917489,train
1241139,train
1104873,train
2216255,train
347007,validation
1055212,train
1312812,train
1210586,test
1221233,train
1815808,validation
1139953,validation
1158383,train
301517,test
1274302,train
1213144,validation
649203,test
2247447,validation
90252,train
350228,train
1915974,train
1304433,train
1264100,test
2251685,validation
1717793,train
2001986,validation
1181682,train
29983,validation
1784744,train
1637887,train
1262735,test
2011720,validation
1771580,train
999440,train
300388,train
627631,train
580447,validation
1957007,train
2200337,train
358919,train
1015657,validation
2006383,train
1816870,train
470048,test
982825,test
1768026,test
1231756,train
1211049,validation
259942,test
1077270,test
77398,validation
2226144,validation
985199,test
1936101,train
1175515,train
276668,train
1134580,test
1920323,test
1717794,train
93076,train
1910554,train
1631606,train
2207306,train
1930245,test
537335,train
708047,train
1664920,train
1180300,train
1303968,test
1171798,test
2013406,train
2249447,train
2225264,validation
287717,train
2256450,validation
1935276,test
1192659,train
1274766,test
730996,train
1870614,train
1261305,train
2042078,train
2070208,test
175577,train
370059,train
1634375,train
195503,train
747603,train
329600,validation
136395,validation
598813,validation
1276605,validation
94103,train
975928,train
1054421,train
1808667,train
1544160,validation
1720280,train
1806575,train
351111,validation
636665,train
320962,test
670666,train
1152094,train
1829142,validation
695696,train
1257215,train
640327,train
205447,validation
21872,test
236015,train
721231,train
1838762,validation
1988917,train
529349,test
224903,train
1685344,test
1201201,test
677745,test
726138,train
1852670,train
2009434,train
1115726,train
1639906,train
115397,train
997119,train
1069320,validation
1018969,validation
1648148,test
1989810,train
238134,test
1213676,train
1005991,validation
1344805,validation
1273600,test
1657191,train
365407,train
1736855,validation
1907040,validation
1782454,train
141066,test
161761,train
2031685,train
1753341,train
1757567,train
171327,validation
974082,test
1659079,validation
136346,train
1260690,validation
1659247,test
1223286,validation
302440,test
2095421,train
1145160,train
1267260,train
2153188,train
1814783,train
263288,train
996367,test
290655,train
1106345,train
127574,test
1912735,validation
549299,validation
77916,train
734559,train
375495,test
716403,test
1772423,test
2163661,train
1092282,validation
1330885,validation
1648668,train
354395,train
185966,train
1352342,train
668134,train
1269337,validation
154226,test
653702,validation
320785,train
1893500,train
92570,train
1163228,test
1057241,test
5570,validation
410063,test
1920888,train
1158141,train
1129774,validation
1245730,test
1271389,train
164979,train
1153066,train
184684,test
94887,train
1853594,train
1923107,train
18431,train
1802681,train
1426716,test
227115,validation
1987074,train
1080478,train
362601,validation
159475,validation
173367,test
1632576,train
1081315,test
761389,train
1827754,validation
208450,train
1234004,test
879,train
280620,train
1053359,train
2189573,train
1904357,train
1758445,test
1612920,train
1661593,train
1883404,train
101353,train
1043119,train
1321503,validation
532320,validation
898570,train
238375,validation
1638692,validation
552250,train
1925304,test
99493,test
308770,test
690576,train
1284588,validation
1876888,train
1921071,train
1225621,validation
11464,train
395704,train
1047658,train
2034411,validation
1795126,train
1818559,test
1892357,validation
1618393,train
1835886,test
969363,validation
392584,test
382042,validation
209365,validation
1957403,train
711234,train
270420,train
408335,train
999904,train
687015,train
174089,train
282324,train
679699,train
960573,train
1257270,train
1064763,test
28935,test
2214133,validation
405544,train
417505,train
1279388,test
692941,validation
316592,train
2046244,validation
1786995,test
1117447,validation
1274120,test
2028093,train
348919,validation
1699654,train
1893717,validation
1687718,train
931254,validation
156150,test
1995116,test
1893553,validation
1898298,train
114763,train
1090323,train
1197513,train
466650,train
1249792,train
191630,validation
370391,test
1087390,test
23885,train
346323,train
389336,train
968277,validation
186095,test
1851337,test
114398,test
82078,train
2178029,train
1777197,test
1157032,train
1528396,train
111726,validation
292520,train
632754,train
1993227,validation
1316837,train
1909975,train
1721647,validation
115543,test
1723778,train
1643295,train
1000540,validation
6631,train
394355,validation
323137,validation
1974643,test
2078014,test
2095789,validation
592827,train
1101408,train
937860,train
212021,train
1049159,train
982104,train
1869801,test
397574,train
1893882,test
45497,validation
697168,validation
732094,train
1933396,train
1083246,test
1973308,train
1011374,train
1943370,train
1772112,test
1865846,train
69388,train
1823097,train
76543,test
1674308,train
1751162,train
1830806,train
149306,train
996850,test
1287431,train
392675,train
1174309,train
1284578,train
1212214,train
614607,train
1680784,train
69460,train
1625172,test
1761596,validation
1717208,train
1944503,train
1168550,train
355763,train
1883551,train
1120603,train
1756485,validation
1769958,train
1058459,train
116519,test
2021474,train
1178241,test
1119814,validation
1827527,validation
1750360,train
1638893,test
1156716,train
1041788,train
1318852,train
2254647,test
88784,train
1754970,train
332777,train
782260,validation
629093,train
953249,train
137128,train
1846547,validation
1020396,train
1623209,validation
1206575,train
718277,train
934374,train
1280043,train
1627707,train
165754,train
317603,train
1244713,train
958278,train
317009,train
1840048,train
1679681,train
974260,train
1718967,train
465077,train
33974,train
223584,train
1901549,train
1932081,train
256423,validation
1225532,train
206587,train
693979,train
1736203,train
155840,train
47301,train
417164,train
454537,test
1853792,train
2242235,train
670865,train
1860068,validation
2181937,train
1625542,train
191567,train
904778,train
1166533,test
958862,test
1969589,test
132355,train
1894146,validation
2074544,test
1175439,test
2109331,train
1722233,validation
1066025,test
1964021,validation
1777963,train
1170742,train
183299,validation
1091253,train
977441,train
1275658,train
1660684,validation
65041,train
1326543,train
1906983,train
346192,train
6271,train
990046,train
377136,train
102318,train
743010,train
2001672,test
230429,train
1818983,train
1845871,train
1002623,validation
2033079,train
1735715,train
1004280,train
49001,train
719331,test
1865600,train
29543,test
513378,validation
1941022,train
1801059,train
412231,train
685023,train
1849956,train
951925,test
1153138,train
1169238,train
81694,test
331585,train
196951,train
114631,test
902236,train
1616120,train
1063412,test
513880,train
632964,train
1157841,train
1320138,train
1038528,train
1634621,train
1885073,validation
400976,train
1991263,test
1069221,validation
1704881,validation
1112315,train
1635887,train
717355,train
2218938,train
116157,train
1555364,train
1845438,train
380689,train
1945629,train
2001182,validation
1639337,train
282987,train
1990232,train
1802037,train
1101038,train
558841,validation
510628,train
2187523,validation
1339179,test
1046068,train
92380,train
655249,validation
2007511,train
600137,train
1918518,train
1507556,test
1846415,train
622418,test
21021,train
554898,test
891779,train
252022,test
1967473,test
1612168,test
1865007,train
1004954,train
1338667,train
92991,train
868388,train
1547877,train
709449,test
1210697,train
1332196,train
1319305,train
2104368,test
399822,validation
1957742,train
147492,train
1719177,train
1921630,train
741279,train
1962143,train
1649143,train
1108500,train
321836,train
1854793,train
211840,test
383371,train
1292822,train
584994,train
129881,test
1947943,validation
987959,train
1847847,validation
1721479,train
416196,train
1841518,test
1014379,test
1989190,validation
1004883,validation
255813,train
1940147,validation
322172,train
1056785,train
14236,train
1271551,validation
1187986,train
1755305,train
391895,validation
2006386,train
72901,test
1189575,train
1540671,test
32110,train
125227,test
204285,validation
36011,validation
217874,train
1334871,train
1638292,train
706738,validation
988854,train
1887456,train
737807,train
884410,train
636625,train
87354,validation
1306327,train
611939,train
153017,train
1039892,test
1741527,train
134961,train
1891816,train
27795,train
1308282,train
1238741,train
1041590,validation
2242935,train
371022,validation
989547,train
731427,test
1264183,train
1070481,validation
1306660,train
1778697,test
2168202,train
2015121,test
302374,train
229498,test
1320040,train
1908810,test
1887530,train
391768,validation
386212,train
17393,train
1325737,train
1335229,validation
939291,train
322881,validation
1860216,train
346929,test
237048,train
1043952,train
1844596,test
1185076,train
414034,train
1136812,test
1862714,train
216513,train
1701474,train
951179,test
1293699,validation
2165434,train
1915386,test
1265366,test
1991900,validation
1081481,train
364702,train
85016,test
1090671,train
410320,validation
1926132,train
892564,train
1665046,train
2190431,validation
737704,validation
29211,validation
165715,train
734794,validation
169207,train
878664,validation
1894726,train
297494,train
1024981,test
296489,train
1259412,validation
1017141,validation
280819,train
1090728,train
380439,test
380607,train
1031062,train
1772175,test
310450,train
889767,train
367323,train
1721715,train
1914155,train
392069,train
1097050,train
2248321,test
395780,train
198510,train
1043645,test
1707054,train
1235261,train
610298,train
1150832,train
124063,train
1195737,train
43470,train
921611,train
2041097,train
802121,train
2057305,validation
1298094,train
1266617,validation
1262333,test
1854494,validation
608825,train
1959122,validation
76285,train
1121978,train
393866,test
370158,train
1794632,train
1141359,train
1791039,train
52358,validation
1287216,train
1080365,train
922991,train
1320028,test
417097,test
302397,train
1115786,test
1776777,train
410912,train
1351045,train
1291248,train
1301862,validation
1711551,train
1000780,train
230873,test
499269,test
595648,validation
983631,validation
347869,validation
1900470,train
1045426,train
84820,train
491751,train
499387,train
2245020,train
2214429,train
1031189,test
1755418,train
590312,validation
1074123,validation
594320,test
1246494,test
1752086,validation
2015468,train
1350114,train
1650862,train
2234830,train
1676203,train
985939,train
647452,train
598556,train
393475,train
1379340,train
146711,validation
1878420,validation
1640772,train
394687,validation
303293,train
1888874,train
703818,validation
399241,test
1273863,train
8346,train
1991724,train
1650647,train
1689470,train
301085,train
2220489,test
218008,train
139730,train
272572,test
941770,test
2197744,train
1317628,validation
371144,test
574388,train
269629,validation
1864044,train
210973,train
1761058,train
956756,validation
1200599,train
273708,test
1263554,test
885294,train
1147025,train
992791,train
545559,validation
877406,train
215342,train
1891790,test
1203825,train
1271467,train
1347312,validation
1163175,train
1291397,train
409813,train
1175959,train
267739,validation
81802,validation
382955,validation
1832975,test
319213,train
1327398,train
625994,validation
48511,test
138600,validation
503915,train
140119,test
351348,train
1781914,train
247030,test
1113848,validation
1683479,validation
85933,train
1032642,validation
704759,validation
1956608,train
1797206,test
444000,train
1632437,validation
1887814,test
188301,train
1903964,train
738869,test
1349019,validation
1312410,test
1727816,train
1267117,test
143297,train
1800205,train
1132253,test
1497274,train
2007649,train
209324,train
1690299,validation
992637,train
949725,train
1925944,train
1987393,train
29965,test
661440,test
1754449,test
16046,train
2108331,train
584266,validation
904918,validation
351034,train
248053,validation
1315691,test
259213,train
1320297,train
2007760,train
283169,test
2212741,test
1304143,validation
1636355,train
1840036,train
2183868,train
1753828,train
1251590,test
1163889,validation
1238402,validation
1630314,train
1835295,train
1827886,test
28273,test
2124325,train
717341,test
1685518,train
232752,validation
245618,train
1488284,test
1729907,train
31513,train
140889,validation
264469,validation
238314,train
343524,train
1902506,validation
1916097,test
1294283,train
1053454,train
367043,validation
652510,train
607057,validation
657651,validation
1115078,train
1321543,train
975080,train
2174380,train
2177480,train
133915,train
1197441,train
2090443,train
41790,train
107892,test
1953027,test
1787350,train
51752,test
853102,validation
2114931,train
1320748,train
1001843,test
1844178,train
1919053,train
956020,test
983105,train
1351876,test
42031,validation
658665,train
919497,validation
1330678,validation
1987101,train
356814,train
163878,train
617106,train
1713636,test
2247431,test
1270587,test
2107229,validation
345057,train
237116,train
997649,train
148205,validation
350419,train
1237973,train
348706,train
321485,train
1055057,test
502231,validation
2112340,train
826198,validation
981741,train
1249187,train
2247113,validation
1856252,train
1073692,train
2014900,test
1021899,test
1905362,train
1999976,train
1790296,train
741769,validation
184133,train
1629005,validation
2250212,train
1947058,train
1816972,train
2053964,train
157236,validation
1088392,test
1866486,validation
1278031,train
2240622,test
65301,train
1787106,train
720689,test
1637862,train
1706177,validation
1817364,train
2160625,test
886765,test
1238223,train
1885206,test
342743,test
1112160,train
1271373,train
1196022,train
2216103,train
1953408,test
653740,validation
258048,train
317658,train
159658,validation
1175399,train
1284387,validation
1067152,train
833047,train
1166956,train
2161133,validation
1892092,train
1894107,test
988059,validation
1718303,validation
731366,validation
304884,train
2219545,train
2216075,train
1079739,test
2217498,train
1259656,train
1181659,validation
1328550,validation
1270823,train
739785,test
1757197,train
449723,test
2112023,train
1927610,train
352830,train
327023,validation
1155143,train
697904,train
1644389,test
1755956,train
39413,test
267885,test
59609,validation
2139380,train
1643717,train
69761,validation
1792603,test
1071975,validation
2171056,train
1267604,validation
1230635,validation
2124119,train
1191129,train
1613876,test
1836130,train
353941,train
744020,train
270474,train
574163,validation
1251700,train
626450,validation
1659535,train
367211,train
1890251,train
1198480,test
959042,train
282260,validation
1780605,train
279901,train
1065225,train
244935,train
1788924,train
2009851,validation
1691800,train
142060,validation
1236848,train
1244406,test
1028665,train
1344789,train
222166,validation
1651171,test
64347,train
1104526,test
1766679,train
1774401,train
1251006,train
309815,validation
1979811,validation
301250,validation
1034698,test
1139066,train
1700676,train
297563,train
1834911,train
544037,test
1285312,train
596114,train
315944,train
531715,test
692137,train
1190820,train
219743,train
294353,train
125305,validation
935298,validation
716293,test
2233409,train
1909358,test
1882377,validation
944872,train
82031,train
358041,validation
517483,test
1208651,train
264646,validation
710882,train
309183,validation
1040542,validation
1037532,train
574743,train
2185515,test
877728,test
2228568,train
184841,test
340394,train
768779,train
1275133,validation
86270,train
1129631,train
2236670,validation
2176069,validation
42441,train
418612,validation
639299,validation
1190681,train
1644253,train
239285,train
603083,validation
497963,train
1192552,train
142325,train
1076656,train
2156528,train
330264,validation
1201405,test
105066,validation
1100761,train
2012674,validation
1163717,train
140588,train
606163,train
2220315,train
290712,train
667319,train
1073945,test
417896,train
932045,validation
1256788,train
1085614,train
1614273,test
1350331,test
1021241,test
497115,test
127086,validation
972343,train
1151121,train
688163,train
214503,train
1327133,train
2152533,test
19435,test
27555,test
2168406,train
988408,test
743771,test
1755462,train
292712,test
1660264,train
313406,train
379447,train
1763325,test
2166978,test
166105,train
677336,test
1201305,validation
1263014,train
361325,validation
182634,train
2115816,train
364100,validation
398134,train
1984885,train
711110,train
1037091,train
1504043,train
1993322,test
1721928,validation
234331,train
1764990,train
1185928,train
402606,test
1122781,train
2124645,train
1663340,train
177479,test
2192767,test
14873,validation
1242160,validation
174061,train
1864251,validation
830517,validation
2221458,train
1917341,train
2033493,train
1295530,train
512509,validation
2023528,validation
1619626,train
77572,validation
480237,train
1851202,test
290780,train
1749894,train
223558,test
1852328,validation
460401,train
1260709,train
1773929,train
162556,test
1684535,train
259948,train
2215409,train
1188967,train
2194457,train
1800018,test
49472,validation
355576,train
1278455,test
305780,validation
150658,test
1684597,test
168098,test
1824220,test
1324264,train
108221,test
1083339,validation
63836,validation
564665,train
192632,train
52373,train
895805,train
2219664,test
2033743,train
1247781,test
1765326,test
1755534,test
193204,train
1784967,train
1974036,train
1918355,test
607705,test
1352300,train
1214409,validation
1013818,train
2199239,train
1041644,train
221526,test
1823778,test
1811692,test
1702678,validation
1054492,test
953835,train
582260,test
63319,train
1141078,test
1325751,train
132053,train
1992264,train
1173923,train
1760421,train
148163,validation
441157,validation
324107,train
1977168,train
2217605,validation
1800401,test
220724,train
1641590,train
406044,validation
1181235,test
1741922,validation
718199,train
553169,train
982615,test
2175413,test
1887166,train
190279,validation
1619279,test
359827,test
2157772,validation
1220644,train
1841144,train
1781587,train
1180035,train
2085213,train
1310642,test
547419,test
999950,test
1640665,train
1965525,test
77679,validation
1005574,train
1647402,train
1626142,test
1006980,train
1789873,train
1141496,validation
1857755,test
1932386,train
1844101,validation
407858,validation
776373,test
174395,test
1790189,test
874860,validation
886346,validation
199492,test
1324721,train
65615,train
2002874,test
226384,train
201412,validation
1788289,test
1869321,validation
553094,train
1113145,test
1933442,train
45231,train
577810,test
1258919,test
1086499,validation
1924019,test
1259664,test
317262,train
985347,train
1351132,test
1348951,validation
1632230,train
1229078,train
32695,test
2211828,train
397238,train
11193,train
992449,train
1966633,train
376347,test
993757,test
1930290,train
155871,train
557667,validation
1286719,train
1253185,train
1585487,train
23034,train
146369,validation
1042821,train
29131,train
1097366,test
1856649,train
1848565,test
1859263,test
615557,train
379395,test
319379,train
34949,validation
1314819,validation
202514,test
743180,test
1720741,train
339251,train
2067625,validation
1851774,test
944261,train
1072540,train
289498,test
1310398,test
1281678,validation
1186972,train
173316,train
2099748,validation
723615,test
7414,train
2169027,validation
256273,train
1808125,test
1111202,train
1049893,validation
202401,train
1074020,validation
1151677,test
1779617,train
1342648,validation
248748,test
2172694,train
79873,test
2084367,train
1013110,train
1114608,validation
1137182,train
195960,train
238357,train
1249409,train
660880,validation
490464,train
1530730,train
2029981,test
1785275,train
1817909,train
1865088,test
100449,train
1103642,train
738694,test
1105908,test
1642787,train
415556,train
503578,train
2190861,train
385963,train
3803,test
1878770,validation
1036199,train
1149801,train
1112479,train
2251851,validation
1221384,train
49995,validation
690086,train
361521,validation
1792392,train
1079307,train
1283541,validation
6736,validation
193652,train
1077123,train
417213,test
1552648,validation
1790499,train
2184240,validation
311546,test
1973299,test
420604,validation
1790120,test
1801952,train
1979695,validation
1645980,train
1984860,train
1044553,train
1351089,train
1346964,train
1134062,train
1737729,validation
191864,validation
1985779,train
883604,train
533301,validation
1246584,train
1162550,train
716719,train
714573,train
214411,train
686539,train
1293396,test
1662336,validation
1111071,train
1154792,train
1878014,train
741940,train
1849930,train
186983,validation
418720,train
2080626,train
691861,validation
1794262,train
10799,train
889753,test
2014811,train
413637,validation
421431,validation
1762596,test
939755,validation
269270,train
1821123,test
1699534,validation
345361,validation
1269403,train
75112,validation
1204739,train
1759938,train
904218,train
194898,train
1118253,train
35415,validation
67954,test
370200,validation
163818,train
114290,test
932329,train
1862419,test
1145408,train
529615,test
1277891,test
1022280,train
1910747,validation
339299,validation
996111,train
1187342,train
1122040,train
415441,test
1938575,train
1650655,train
1849653,train
999771,train
165955,train
1899942,validation
738303,test
2248477,train
160480,train
157168,train
457791,train
2018566,train
1859320,train
996638,train
72174,train
333750,train
1807040,test
2070893,test
701312,validation
1345367,validation
386976,test
1333099,train
415946,train
2003107,train
2153043,train
179340,train
1781924,train
1534545,train
1322034,test
1923279,train
1193721,train
57382,train
1245138,train
481959,train
1978774,train
1007211,validation
1638106,test
1698896,train
2030330,validation
125450,test
1274755,train
298210,train
1008556,train
543609,validation
734506,train
1082617,train
249401,test
1234908,train
447840,train
1915327,test
533236,train
1774696,train
182494,test
1076012,train
761142,test
1915242,train
640859,train
919587,train
7968,train
679700,validation
1379311,train
949983,validation
1342632,train
1349481,train
160205,train
1780002,train
431117,train
229190,train
1935302,validation
28196,train
179203,test
1242765,train
2126919,test
725150,validation
351997,train
1179844,train
2214018,train
84854,train
258220,train
1918960,train
928575,train
709176,test
1060748,test
1007007,test
1178131,train
1272340,validation
354682,validation
232995,train
264305,validation
235776,test
1517726,train
2259065,test
33147,test
1607058,validation
376356,test
981163,test
1627189,validation
1926496,test
722301,test
243949,train
1019127,train
1091005,train
1599902,train
133787,validation
1233137,test
1979892,train
1090860,train
198044,train
408388,validation
1133374,train
1808537,test
139466,train
1025430,validation
1201617,train
1908162,train
2204856,train
1760099,train
686109,train
1625996,train
200712,validation
1708546,test
2025317,train
102585,test
67825,train
187767,train
623085,test
1123240,test
1056670,test
361279,test
312609,test
982335,train
1351718,test
57310,train
2190096,validation
1688566,validation
1932482,validation
1814017,validation
1831596,train
77906,train
1634035,validation
1848269,train
526153,validation
1169743,validation
379524,train
1783959,train
377295,train
1612053,train
226944,test
34218,test
1205252,train
1271258,train
674616,train
1131054,train
1283643,validation
1955743,test
1520255,train
1233059,validation
81584,train
701294,train
2183982,train
376436,train
287254,validation
385557,train
997468,validation
1197871,train
2008322,train
51375,test
307390,train
1830048,train
378887,train
1976174,validation
1884781,train
643086,validation
1044462,test
1161055,train
2242067,train
1237607,train
1934826,train
2258149,train
1241388,validation
1772644,train
1915463,train
2249788,test
1071526,train
298709,train
1617121,test
1919061,train
2033194,train
1210292,train
243741,train
1971885,test
716955,test
269344,train
408405,validation
523379,train
252095,validation
1974009,train
175059,test
2250414,train
474154,train
400608,test
1959241,train
19497,train
1643767,train
1256509,train
1879177,test
371536,train
1347348,train
405403,train
2114755,validation
256925,validation
1799626,train
638243,train
229898,validation
1070773,validation
1689985,train
44067,train
1210869,train
2016819,train
1251073,train
1239658,validation
1100396,validation
1614398,train
1900725,train
2246228,train
1719732,train
1036258,train
379743,train
1906137,train
2009659,test
1132050,test
553145,train
1160095,validation
1343861,train
1798086,test
947956,test
2047938,train
1242937,test
2209369,train
2198516,train
109493,train
1966636,train
910212,validation
1942367,validation
154856,test
1206979,train
329676,test
1838064,train
217274,test
1787099,validation
537863,validation
47779,train
363551,train
2165060,train
22345,train
1822611,test
2202939,validation
1200409,train
181799,validation
264662,validation
1268061,train
1818309,train
299246,test
53781,test
688120,train
1659933,train
1993230,test
1990484,test
2023235,test
575312,validation
1046736,train
1850047,validation
304099,train
1351364,train
293718,train
1086574,train
2107880,test
408087,test
113016,train
1127516,train
2134715,train
1009466,train
68324,test
93734,train
942824,train
1088588,test
6302,validation
1696668,test
71943,test
930361,train
1318527,validation
70540,train
1853696,train
223332,train
1168799,train
2011754,train
1907910,test
1032006,train
1627188,train
1223494,train
1861745,test
1691597,train
19470,train
2038336,train
1962335,train
1131773,train
2220670,train
1887898,test
927170,test
895973,train
1874642,validation
922108,train
1043847,validation
1944385,train
160506,train
1194879,train
1906257,validation
1767600,train
1113447,train
1835562,validation
134853,test
2150121,train
1258079,train
1278778,test
1968462,train
1160817,validation
1840508,test
1954255,test
267564,train
1771370,train
2248595,train
1891688,validation
2208219,train
1133493,train
2185203,train
2231954,test
33973,train
727304,validation
202282,train
1108657,train
1212939,train
1816429,train
988333,train
1845039,train
2226022,validation
257643,train
1739792,train
2206574,test
1339557,test
1593729,test
1098665,test
1908058,test
747236,validation
416549,train
2179324,train
28068,train
1281689,validation
1756670,train
1024978,train
1878191,train
652074,test
668716,train
176899,train
745879,validation
712239,train
1346739,test
407416,train
348466,validation
281147,train
144563,train
1333900,validation
1936907,train
273153,train
547501,train
1902475,test
989327,train
1187390,train
650719,train
77296,validation
1302973,test
710047,train
39281,train
1792313,validation
252953,validation
1185631,validation
1953596,train
230727,train
1110371,train
384719,validation
1929793,train
1852730,train
1098541,train
1046889,validation
1878249,test
331456,train
1894043,test
16779,train
1918993,train
702466,test
744777,validation
1209019,test
2218906,train
1329516,validation
1901451,train
1999317,test
1826709,train
2232260,train
667453,train
208999,validation
332199,train
1128275,train
1784731,validation
527147,train
991963,train
1793886,test
2050019,validation
663007,train
1300811,train
2221028,train
1869156,train
48322,train
1810450,train
1237414,train
78379,train
1772119,train
667687,train
883787,validation
1967366,train
1406242,train
1899724,test
1296418,train
1996208,train
2232563,train
1947460,train
11362,train
1337475,train
1641752,train
1152703,train
358240,test
1702412,test
1803990,train
989538,train
2253975,train
46358,validation
1928768,train
1838926,train
2232905,test
2165044,train
1861208,validation
268712,test
1647511,train
22710,train
301119,train
1907989,train
1207694,train
1577423,test
405907,train
2255227,test
1139893,validation
1988901,train
1085501,train
691369,train
1049941,test
384389,train
421023,train
1109538,train
1235277,train
2248277,train
1784857,validation
2157332,test
685130,train
82935,train
1352579,test
1850923,validation
1896504,train
1122826,train
1736781,test
2009614,train
1151406,validation
125383,train
1333395,train
1628445,train
736963,validation
152836,validation
272136,validation
2140722,train
367108,train
1337788,train
225242,train
1730092,test
170499,test
142607,train
1675985,train
1093297,train
1303313,test
1937009,test
1172166,train
1651348,train
78747,train
75605,train
787984,train
904239,train
15524,test
1723554,train
1928762,train
714607,train
1624961,train
1757942,test
1594634,train
236595,train
989050,train
172656,train
2182737,validation
1858315,test
1236973,train
1862372,train
277367,validation
1299300,test
1889365,test
1761340,train
1612548,train
1106037,train
1301007,validation
990798,test
100656,validation
301502,train
416201,train
629647,test
1032737,train
2203403,test
2224533,train
1620852,train
1571567,train
1845912,train
1724971,train
1630956,train
1163199,validation
1949131,train
663866,train
351731,validation
2056956,train
1786482,train
11108,validation
1310666,train
185155,validation
406534,validation
2065157,validation
1751755,train
1800315,train
1262433,test
1722896,validation
1001622,train
1340172,train
68610,train
108066,test
1625912,validation
1640317,train
94913,train
1917304,test
1769707,train
117966,train
1116595,test
417339,train
1960999,test
657296,train
1833330,train
679171,validation
69897,train
1845101,validation
1115376,train
1133720,test
1253436,test
673239,test
1137245,train
2138024,train
1182962,train
1873676,train
129900,test
350761,test
1238393,train
530857,validation
1067447,test
1987834,train
1647482,validation
927993,train
1244586,test
1899436,train
1884335,validation
1084090,validation
1628895,test
2174436,validation
969383,test
1274798,validation
1154539,train
1077851,validation
1736304,train
90915,train
98751,train
251576,train
1278892,train
682835,train
1101057,train
46503,train
255572,train
1925128,test
2202483,validation
1276907,train
405757,train
2186486,train
399190,train
203990,train
383083,validation
1227847,train
101892,train
1149922,validation
1945517,test
1218242,test
1128128,test
313200,validation
2034825,test
375681,train
1016803,train
1916849,train
1824624,train
1128040,validation
1922369,test
1617196,train
1090788,test
2158552,train
1023610,test
1823647,train
303412,train
1061090,validation
1650529,test
2238014,train
1176455,train
364120,train
35360,train
1788645,train
119224,train
267380,train
1290680,validation
1759896,train
170678,train
948402,test
1677122,train
595970,validation
1326686,test
200005,test
1790461,train
1853875,test
1222507,validation
396922,train
524314,train
1988351,train
1687593,train
360996,validation
1768295,train
44139,train
1300399,train
1934532,test
447746,train
1232075,test
113715,train
293363,train
1310744,test
1787189,train
2238347,train
1716398,train
1036504,validation
1334570,train
2109738,train
596786,train
649299,validation
387308,train
19060,test
312655,test
1041285,train
1229182,test
1829538,train
1896255,test
1854492,test
1855071,validation
1992611,test
327030,train
1001196,validation
1639394,train
115380,test
948768,train
109303,train
1212014,train
1923784,train
1280583,validation
1695505,train
1008561,train
1620559,train
1900722,train
394499,train
1708191,train
680054,train
61611,train
1167289,train
1086613,test
1545076,validation
133152,train
2227138,train
1185287,train
1978988,train
209889,validation
1712708,train
225808,train
1703540,train
603401,train
207477,train
601,test
2134052,train
397192,test
1163315,train
996087,validation
416698,train
1077725,validation
1826027,train
2172163,train
1872006,validation
1302206,validation
747485,train
2220472,train
1279575,train
1763696,train
1633189,train
404198,train
20249,train
1008187,train
197215,train
716982,train
236310,test
159173,train
1620155,train
1860402,train
1176986,train
2178696,train
409798,train
1754008,test
1651218,train
175500,train
1649562,validation
1328372,train
1339923,train
5438,validation
2010933,train
221007,train
1226549,validation
1129193,train
19817,validation
1344301,train
1684349,train
2032035,train
1215351,test
672513,train
1302812,train
633768,train
1482295,train
1303823,train
1108648,train
339255,validation
1800131,train
917161,validation
51989,train
2246390,train
2028941,train
736036,validation
221691,train
402143,train
237421,train
977227,train
421198,train
72788,train
1171242,train
373805,test
1232728,train
1188448,train
1851867,validation
73399,validation
30119,train
1932951,train
198807,train
1250493,train
1263159,train
1822624,test
1030647,train
1895070,train
1799836,validation
1632648,train
545199,test
1061822,validation
619390,train
1935135,train
1800577,test
1253945,test
1177447,validation
1750440,test
977173,train
1117878,train
288340,test
1026651,validation
1233507,test
124832,train
354579,validation
2145810,test
1212035,train
2013866,train
376035,train
1105919,train
12723,train
1864019,train
1245098,validation
1888187,train
313914,train
386912,train
1166860,train
1821799,test
402502,train
238560,train
1030219,train
1792607,train
1886797,train
1850965,train
1140935,test
1143304,test
1155007,train
2258842,train
711175,test
152870,test
2207594,test
1476484,train
1994022,test
271886,validation
33222,train
1785683,train
885443,train
1888371,train
2161424,train
1554825,test
1144688,train
1237051,test
2142601,train
960301,train
2254606,validation
540496,train
972178,validation
1222413,train
1061247,validation
1916342,train
1050067,train
1695831,test
355470,validation
23348,train
194606,test
1592832,train
1625982,validation
1079857,train
951477,train
242291,train
423727,test
1690291,train
401414,train
1235564,train
1037513,test
997419,train
912224,train
196094,test
1483728,train
1135032,train
1080905,train
997793,train
1087960,validation
63508,train
1248946,train
1069956,train
1178118,validation
159692,train
2260505,train
1787322,validation
378867,validation
419171,train
277761,train
29040,validation
598170,train
921856,train
13993,train
317955,train
1667542,validation
1772602,train
2013653,validation
35492,test
468189,test
1325656,train
1876401,validation
1035746,validation
1918138,train
1957379,validation
1994908,test
1931370,train
1641218,validation
1636229,test
1824540,train
964279,validation
371420,train
1324750,train
1697365,train
1905086,train
684042,train
2151484,train
965635,train
646619,validation
1808779,train
951039,train
302787,validation
193559,train
544303,test
2254968,test
1756836,train
227941,test
291585,train
1182914,test
494935,train
1879849,test
1192703,train
649873,train
1874998,validation
318857,train
1190263,validation
1879171,train
299530,validation
1266137,train
2200357,validation
285805,train
1777399,train
1871666,validation
1285877,validation
273430,test
2253402,train
2188461,train
1625116,train
1165974,validation
919789,test
667140,train
2036200,train
1342726,test
111593,train
997450,train
48811,train
1274113,train
101257,train
216082,train
1638368,train
605968,train
407603,test
606714,train
103752,validation
1293857,train
286578,train
1236350,validation
1765917,train
1756865,test
1820147,validation
243093,train
646092,train
1324023,test
1021679,validation
401055,train
687615,train
567234,train
1109028,test
1123527,train
257545,train
1038539,test
1198241,train
2698,train
1815988,validation
268317,train
405221,train
468504,train
2223277,validation
1238121,test
282848,train
1260134,train
61529,train
1128777,validation
1203323,test
272803,test
1089738,train
23165,validation
1727055,test
1906719,train
149181,train
1819102,train
1923740,test
1343950,test
145652,train
1719857,train
626705,validation
2037845,train
371572,test
1615675,train
261023,train
1752782,test
352738,train
274202,train
1267203,test
497695,test
1816980,test
301690,train
639878,test
1351894,test
1238255,train
1053267,train
1071670,train
1212767,train
1232181,validation
72962,test
1845137,train
141682,train
1281737,train
894215,test
526307,train
1092254,train
1121736,train
57319,train
2038716,train
730934,test
1033524,train
652001,train
21410,train
75562,test
1763480,validation
1329148,train
26884,train
924442,validation
512812,train
1989546,train
302389,validation
1269666,train
1196088,train
1693663,train
631082,train
841829,validation
2145324,test
1065753,test
1099492,test
383401,test
1636746,train
254736,train
248772,validation
1622335,validation
310873,train
1079092,test
1140384,train
1009934,train
1280194,train
1237806,train
563664,validation
1163411,validation
945455,test
1971397,train
2123619,train
271659,train
1211646,train
2221074,validation
677265,train
414366,train
1991821,train
2008471,train
1623201,train
1294611,train
472917,train
2202357,train
1942195,validation
1159998,test
1565594,train
2086447,validation
1277863,test
2035746,train
2155,train
11375,train
1926167,train
113337,test
1324275,train
1639766,train
1626137,validation
1699266,validation
1799396,test
678786,train
204496,train
1254886,train
1741069,train
1919175,test
1328410,train
105373,train
1779032,train
1732697,test
1842518,train
1820836,train
171263,train
432129,validation
382522,train
66309,train
1210966,train
212308,train
783775,validation
1760676,train
14975,train
147670,train
433862,train
1347707,train
1831074,train
1636618,test
645356,train
1755492,validation
219046,train
900038,train
204715,train
1951802,train
48703,test
123526,train
112054,train
1804060,validation
2252748,validation
1170424,validation
1085514,train
195095,train
2011489,train
1278047,train
104126,validation
1087861,train
1920436,train
583920,train
328541,train
1830175,train
1646020,test
2242887,validation
2196404,train
2255987,train
1952493,train
1692290,train
1338319,test
1272819,validation
230852,validation
1321528,train
496120,validation
2163388,train
1307912,test
82301,train
576453,train
229134,test
653671,train
1287637,validation
1267347,train
1912689,train
1670137,test
1617351,validation
239605,validation
1843160,validation
162082,train
1030654,test
41062,validation
424517,train
1836322,test
2257488,train
1847107,validation
2242381,train
2069922,train
1909283,train
1062489,validation
298157,train
1088639,train
1664206,test
335736,train
2007977,train
171911,train
1781345,train
2243242,train
1185220,train
536318,train
1084009,train
1137369,train
368597,train
2000388,train
748549,validation
1239136,validation
1112300,train
991703,test
759372,train
899220,train
1106188,train
384902,validation
1778164,train
882168,train
620661,test
1925056,train
1022479,test
528268,train
1151996,train
1325668,train
1633686,test
1911595,train
1125479,train
1002556,train
1249344,test
2007846,train
1302592,validation
1226256,validation
1065662,train
2197934,test
80308,train
1672573,validation
1049026,test
1263221,train
1328334,validation
1874897,test
1826349,train
1633021,test
49762,train
552181,train
2213713,train
1084370,train
1316626,train
1856596,train
2031216,train
713656,train
71849,test
24534,train
2218476,train
16170,train
157898,train
1214001,validation
2160965,train
1838698,train
2157909,train
1279197,train
1829547,train
1700798,train
1962571,train
950121,train
86140,train
1232308,train
2024591,train
1638726,validation
689429,test
2190543,train
395507,train
192058,test
996797,test
1118397,train
290530,train
1905418,validation
228030,train
363752,validation
990716,validation
169986,train
1614277,train
437578,train
1193687,test
252138,train
2131359,test
110875,train
903678,train
1831692,train
1155923,train
1090676,train
1238303,train
191593,validation
212788,train
1615620,test
1642485,validation
1126021,test
116404,validation
1888360,test
131488,validation
210117,test
40727,train
1336576,validation
297216,train
1894354,test
985315,train
2193647,validation
257830,train
1204224,validation
1656576,train
1004855,test
26401,validation
1628727,test
2117136,train
1639747,train
1069199,train
1624710,train
32722,test
1954748,train
1644143,train
1099746,test
2194937,validation
675432,train
1256456,train
1350533,train
2113321,test
2156457,test
2009152,test
327076,train
1545472,test
682201,test
1790570,test
135868,test
134148,train
225253,train
1739006,test
117936,train
1278862,train
3318,train
1992293,validation
716856,test
385358,train
2188146,train
2091593,train
1998349,train
2001917,train
190880,validation
668627,test
1468568,test
1626891,train
557857,train
1915953,test
192636,test
1857187,train
1702361,train
1825095,train
133016,test
414303,train
345373,validation
429216,train
391932,test
664273,train
2191015,test
100270,validation
293501,validation
1278579,validation
91490,test
2150198,validation
1052694,validation
2107715,validation
1752181,train
705813,test
362231,train
2145870,train
145434,test
1882293,train
1692950,train
1826182,train
1020771,train
1920396,validation
1198567,train
1839344,train
1710630,test
1170691,validation
61584,test
1681723,train
209788,train
685532,validation
1901498,train
751236,validation
221378,test
851752,train
352973,validation
1624328,train
1083752,train
158936,train
318235,train
1305708,validation
2048564,train
107656,train
2208027,validation
1184166,train
1850118,train
1865648,train
145474,validation
1833766,train
2233621,test
1337184,train
2237758,train
2002052,test
409234,train
1736861,validation
1151965,train
1039086,train
370422,test
531343,train
227354,train
1221647,train
1688415,train
882697,validation
994841,validation
235932,train
34991,train
1181694,train
1583863,train
2024366,validation
968539,train
1724156,test
185698,train
1285322,train
1235167,train
1971371,validation
174193,train
1794676,train
1306982,validation
41577,train
1809799,train
196538,train
1810106,test
346155,test
1926591,test
1134218,validation
278050,train
372773,validation
1054414,train
2023035,train
1622337,train
1667576,train
658229,train
344663,train
937342,train
2010123,train
1731295,train
429283,validation
1329569,test
571482,validation
1981516,validation
36078,train
1256712,train
2216711,test
260532,train
554366,test
1780932,test
557606,train
2037377,train
1195891,train
36165,train
718680,test
1101075,test
931381,train
971362,train
216757,test
1036340,test
65300,train
103253,train
1087065,train
1916657,train
1220183,train
354906,train
547867,validation
1814952,train
1621566,train
383473,train
248488,train
1037902,train
1949759,validation
1905514,train
1269418,train
1649957,train
2215773,train
25557,train
1863985,train
1685794,validation
1027478,train
1065121,train
316278,train
625690,validation
1821088,test
142358,train
910953,train
2033799,train
452664,train
1269271,train
1150310,train
737496,train
1313911,train
1864728,train
1873096,validation
1128992,validation
1784386,train
322132,validation
1906931,train
629664,test
1782418,train
1729119,train
1106745,train
310732,train
1237467,train
336513,test
858801,validation
1026276,test
2096892,train
303722,test
2117870,train
1086864,validation
1614433,validation
1276834,validation
1041076,train
1982893,test
327869,train
14112,train
956065,train
1185664,test
2000328,train
254908,train
156783,test
1208076,train
332918,train
553859,validation
2176442,validation
1874859,test
182778,validation
478983,validation
1206025,validation
1742752,validation
1575345,test
2151953,train
1846657,validation
1879861,train
409378,test
1201088,validation
1286885,train
2002582,train
441090,test
382274,validation
1104174,train
2170742,validation
912423,validation
299249,train
1317606,train
263689,train
1158958,train
405340,train
1759189,train
1136997,train
1885889,train
1630312,train
974983,validation
871676,train
1330669,validation
1794607,train
1801580,test
1799446,train
860202,train
2181663,validation
300743,test
327780,train
2249695,train
867147,train
1282853,validation
1163281,train
1914846,validation
188678,test
1266035,train
1116049,validation
2082728,train
1165285,validation
973129,train
404832,test
1733622,validation
1928401,train
1256553,validation
1691298,train
508251,test
1124558,train
1735637,validation
715097,train
1317900,train
38770,test
1708732,train
172740,train
1990489,train
53347,train
1096113,train
260109,train
1784868,train
351963,train
999003,train
722010,train
1052845,train
2124061,validation
989590,test
229425,validation
1292622,train
1348925,train
1216175,test
2176946,test
995376,train
1234947,test
1126729,validation
1303594,validation
1766793,test
15323,train
417416,validation
73229,train
1023251,validation
218490,test
358693,train
219618,test
1648354,validation
2115905,test
686219,test
1847706,validation
1905631,test
1883178,validation
1819409,test
51051,train
316126,validation
220164,train
1898589,train
264093,test
200318,train
1773573,test
2106206,train
566086,train
1339190,test
9758,train
1687463,train
1633687,validation
2040872,validation
160274,test
1346987,test
303483,test
1164002,train
1057817,test
21459,train
315093,train
325568,validation
1797473,test
2189215,validation
2032643,test
1095458,train
462249,train
663915,train
1589257,validation
1258829,train
1844336,train
1644982,validation
155626,train
932557,train
1623833,train
1875879,train
1775450,train
1193118,train
1832356,test
1751450,validation
1872660,train
2141396,train
1313244,test
2173047,validation
1107066,train
406347,test
1093656,train
1628215,test
675049,train
1870852,train
1926457,test
1925725,validation
76875,test
2244576,train
63770,validation
258661,train
69515,train
246423,train
1764199,test
379764,validation
1618277,train
280733,train
535259,test
1755250,test
511230,train
167226,train
1615284,train
408272,train
1123555,validation
1917294,validation
1750281,train
1716358,validation
705317,train
1156566,train
313278,test
149501,train
2225011,test
249229,test
1247098,train
224590,train
94700,train
2001925,train
1023342,test
1610549,train
1045174,train
1076693,validation
374423,train
933850,test
1614590,test
1095946,train
629968,validation
1117168,train
691033,test
1551228,validation
1905655,train
480751,train
1234111,train
222067,train
340233,test
1673396,train
1092742,train
1565437,train
970585,validation
1346119,test
710094,train
168462,train
1335684,train
1776351,train
2054679,train
173742,train
53027,test
1016529,validation
2215733,test
412325,train
1584333,validation
902608,train
674929,train
956899,validation
1076482,validation
1649969,train
1820876,validation
1236952,train
1099976,test
125831,train
417530,train
1794732,train
691335,train
1331851,train
322078,train
1834303,train
37584,train
1784612,test
1840441,test
1179217,train
1301029,train
642449,train
352804,train
1641991,train
1324025,train
1099597,train
1315662,train
1040324,validation
380374,test
1631534,test
1960222,train
305679,train
1221668,train
279531,train
930298,train
1705369,train
1032745,train
272214,train
33669,train
519529,validation
329392,train
402732,train
1774517,train
83854,train
278291,test
1665269,test
404650,train
732311,train
22339,train
841913,train
310718,test
2029142,train
299746,train
1635688,train
1939360,test
46176,train
353958,train
1213390,train
1606766,validation
1059779,train
1635414,test
1900949,test
652324,train
239810,validation
20881,train
1922262,train
970386,train
2223725,test
1266969,train
1916044,train
186273,train
987391,validation
925942,train
1834554,test
1738072,validation
2164086,train
1155255,validation
205950,test
330795,train
1827198,train
1874809,validation
96349,train
2258953,validation
725303,test
13372,train
1750899,train
1921676,test
1323999,validation
44631,test
2235097,test
1031806,train
450761,test
1752282,validation
453885,test
1784603,train
260633,train
628665,test
1229268,train
168367,train
983551,train
2077101,test
93543,train
1828551,train
1100718,train
1629156,train
2190780,train
1624294,train
377436,train
158501,train
682068,train
1620351,validation
1646418,train
327109,train
740599,train
1667602,train
915397,train
2003052,test
61214,test
1782543,validation
1196350,train
1061703,train
92838,train
2256821,train
1888365,test
541811,test
1866322,train
1313275,test
161085,train
1336737,train
2010871,validation
305692,train
978480,train
1619081,train
1884859,validation
1893044,train
1840044,validation
1184476,test
1638608,validation
1210343,test
62008,test
953337,test
1298569,train
481974,train
764252,train
1190357,train
1646976,train
1889133,train
1762257,test
200505,train
2152285,train
1242293,train
1180395,train
1169768,train
36806,train
1162415,test
1946217,train
1614925,train
1757200,train
1133696,train
1850141,train
1777606,train
1764082,train
1281198,validation
1031127,test
1875893,validation
17986,train
1177162,train
2043141,test
99873,validation
1950515,train
906535,validation
1320946,validation
1650633,train
797222,validation
2088877,test
1292054,train
279331,train
1186763,train
138660,validation
628641,train
1351708,train
1061874,test
1129770,test
1040801,validation
424788,train
23398,train
1074748,test
738644,test
756853,train
396556,train
999165,validation
1563527,train
1180012,train
77702,train
655067,train
434966,train
1073682,test
1309392,validation
668533,train
643544,test
1890060,train
1646201,validation
16486,train
70103,validation
733196,train
1912205,validation
176371,train
739578,train
1860620,validation
1952623,test
2259063,validation
1197003,train
2215660,train
1316258,test
1756471,train
1883409,train
1108580,test
622360,train
1015152,test
345351,test
1309852,test
992957,train
1975406,validation
1131878,train
290736,validation
1883751,train
1868796,test
1640112,test
1163586,train
2258545,test
188942,train
1055874,train
1836775,train
1912968,test
112321,train
87882,train
221725,train
1754907,train
670173,train
1857657,train
745478,test
1801342,train
2005241,train
199910,train
1623233,train
1882754,test
917912,test
642137,train
910757,validation
616155,test
1950331,train
176248,train
1997458,train
1791321,test
1794039,train
580327,train
175565,train
1298608,train
1339315,test
1028751,train
169601,train
927130,test
1814823,validation
655406,train
1023318,validation
1916739,validation
1025765,train
374336,train
1321373,train
2148078,test
1731975,train
1642034,train
1809602,train
1845396,train
934131,train
1101596,test
1147708,validation
650243,train
126550,train
162058,train
601094,train
185132,train
2182364,train
1760879,validation
1268696,test
733505,train
1187048,train
294654,train
464460,train
1003043,train
607975,validation
967379,validation
704051,train
2017089,train
1894414,train
665306,train
1162495,train
1098178,test
55799,train
1825132,train
1905304,train
1352623,train
366154,train
1138270,validation
1796440,train
1878313,train
1639210,validation
1752515,validation
1928993,train
435006,validation
1691082,test
676414,train
1759796,train
939753,train
881374,validation
177045,train
284920,validation
1342424,validation
1194889,train
416768,validation
992086,train
1648048,validation
164717,train
1181017,train
1260455,train
1828821,train
409303,train
658301,train
412533,train
1664332,validation
1812452,test
136420,train
26978,validation
399796,validation
1950519,test
1272928,validation
147730,validation
1855647,train
998194,test
1662706,train
1042660,train
1029827,train
1152341,train
2217368,train
745475,test
1618397,train
990557,train
1049870,train
403309,test
1775118,train
152232,train
1259426,train
1844399,train
1962945,train
203505,train
1842881,train
1067449,train
1917440,train
1921765,train
1943559,train
2134698,train
748932,train
2244958,train
314470,train
1236049,train
1644212,train
1967864,train
1522438,train
123138,validation
697859,validation
320512,train
686840,train
1258201,test
419368,train
326609,train
1863925,train
1875546,train
1892155,validation
1275407,train
204943,train
308367,test
1008525,train
1188120,test
694206,train
333250,validation
300888,test
123668,test
1704507,train
2124306,train
205048,train
1910250,train
1780374,validation
1022641,validation
355768,test
974939,train
1213974,train
60579,validation
617051,test
1142505,validation
1796968,train
178036,train
1985044,validation
162571,validation
2240875,train
348660,train
1779459,test
118711,train
1848669,validation
1855017,train
523473,validation
1285496,train
30044,test
390918,test
319845,train
157501,train
93003,test
702752,validation
1615986,validation
420812,validation
641567,train
1304910,train
142446,train
1299223,train
1289899,train
2249513,train
1080105,train
1982301,train
264490,test
289488,train
403281,validation
1911262,train
2238512,train
1002062,train
1037453,train
1255098,train
221847,train
1627672,train
288771,validation
2013706,train
198694,train
339713,test
1771167,train
1156999,train
251767,train
57481,train
672751,train
68222,train
1448668,test
1882563,train
2211466,train
1166821,validation
894124,train
1629046,train
154889,train
1260718,validation
386896,train
1810599,train
48911,test
1846079,validation
1790391,train
407806,train
329370,validation
2178508,train
701919,train
715063,train
556812,train
321327,train
3338,train
1728061,train
2078506,test
280175,train
389265,validation
241547,train
917935,train
2176454,train
1275857,train
1721626,validation
1161950,train
237694,test
75949,validation
954305,train
285976,train
1011489,train
336141,test
1683618,test
992915,test
681074,test
225445,train
516289,train
898897,train
1119611,train
153918,train
590454,train
209974,train
598962,test
659603,train
1117507,train
1210093,test
178603,test
120038,train
714084,train
1193569,validation
99396,train
1833196,train
288489,test
1348180,test
660336,train
1865247,train
61147,train
1837865,test
1897239,train
338223,validation
104599,test
998106,train
82740,train
2190623,validation
273750,train
1172811,train
58455,test
1026896,train
1096755,validation
236768,validation
227075,train
562125,train
1031243,validation
1778609,train
120238,train
204041,train
1918053,train
1834007,validation
1168916,train
769475,train
361395,train
1151536,train
1875766,train
1109748,train
1633599,train
202417,train
1919686,train
1294990,train
1885359,train
1813909,train
13234,train
1905058,validation
1148516,test
1637159,train
171984,train
135423,train
552690,test
167881,train
1773128,train
1313591,test
1995818,train
1765319,test
470968,test
320508,test
1925210,test
244863,test
1668622,train
1815846,validation
876520,train
1111650,validation
524158,train
379510,train
210046,train
1848943,train
1817033,validation
2195424,train
2145891,train
227010,test
1122985,train
1889233,train
114793,train
304021,validation
182800,train
103759,validation
1328308,train
1114125,test
940131,test
96038,train
1087914,validation
1977934,train
2190896,train
2206186,test
695861,train
1146212,test
1125347,train
1254087,train
91836,train
227206,train
2228675,validation
556120,train
1176888,validation
1281442,train
331693,train
23854,train
206726,test
1749359,train
717395,train
1630642,train
2093067,train
1107624,train
2163655,train
1302052,train
1869498,train
1713715,test
1863039,test
1628187,test
316997,train
165809,train
1001930,train
1755786,train
1023107,train
204048,train
1893012,train
68091,train
1853133,train
1756487,train
1635313,validation
1854058,validation
1909909,train
2211964,train
334657,test
607919,train
1030869,validation
43981,train
2256769,train
1022326,train
1932664,train
1942442,train
1793881,validation
1907035,train
918803,train
1113302,train
1270924,validation
294613,test
1637918,train
1613655,train
228330,train
1539318,train
1309555,train
1226082,train
1318567,train
1335873,train
11213,train
225272,train
1066192,validation
1929736,validation
450595,test
910578,train
364997,train
358697,train
1824857,train
160450,train
1311836,test
1234355,test
745883,train
333481,train
1161918,validation
1108520,train
95484,train
1293126,train
1210176,train
1841454,train
1888955,test
124503,test
1330294,validation
1079652,test
1264128,test
1167015,test
306438,train
2153598,validation
395763,validation
278487,test
299265,train
133935,train
285054,train
1946142,train
247309,validation
1067347,train
1929304,test
2254627,train
728900,train
558095,train
1893445,train
651430,train
1813014,train
1743349,train
1154979,train
960266,validation
1309096,validation
1760215,train
429534,validation
533934,train
1305229,validation
1612710,validation
2069389,train
770381,train
1781921,train
954876,train
1352419,validation
1230303,validation
1190089,validation
1307544,train
1769890,train
688849,train
1082989,test
574400,train
1718419,train
332153,train
1225284,train
1923358,test
1744340,test
348115,validation
336627,train
1024256,test
910831,train
207743,test
1644630,validation
1300002,train
302545,train
1835181,test
202134,train
909861,train
185092,test
77303,train
1197468,train
719465,test
2187420,test
38428,train
1141182,test
543376,test
1051470,validation
1145164,train
660216,train
2008113,validation
681892,test
1732333,test
1785151,train
1176515,train
2094485,train
1115764,train
509148,test
397081,validation
1930012,test
367365,train
1626589,train
1808939,test
225457,validation
2152489,test
2025705,validation
2082158,train
1155187,validation
388340,validation
1158087,train
1786914,train
2022034,train
1846558,train
948534,test
204913,validation
392616,train
1191017,train
1926573,train
1802396,train
1936573,test
1981311,train
294590,train
238705,validation
338303,validation
746366,train
724167,train
1879235,train
1593037,test
1797556,test
1151874,train
319320,validation
1741117,train
1833066,validation
1157452,test
527639,train
1293815,train
1776125,validation
337232,train
1245752,train
99551,test
1570190,train
1547108,validation
2147892,test
1806012,validation
1797108,train
189874,validation
999246,train
2207,test
1218976,train
1708323,test
1109424,train
561231,train
542257,train
906082,validation
972834,validation
1139512,train
413911,validation
156186,train
1862369,train
1949679,test
1998623,train
366866,test
201737,validation
1130794,validation
1482836,train
443121,test
1071772,test
1036701,test
1842636,validation
126137,train
730988,validation
306559,train
1803950,validation
411289,validation
1280333,train
1221650,train
1794759,train
2211426,validation
1281433,test
1262315,test
179689,validation
2059833,train
203410,test
692020,validation
486950,train
184358,train
1157493,validation
1080209,validation
1265109,train
1932674,train
2194884,validation
167459,train
1351468,train
1314080,train
1984052,train
411987,test
386317,train
1142044,train
1269935,train
46434,train
282496,train
710668,train
339869,train
1978564,validation
1280233,train
322395,train
299864,train
322743,train
1817216,train
1898024,train
149411,test
690174,train
2078292,train
218552,test
565685,train
1788975,train
2114329,train
1813069,train
1319684,train
87143,test
1561131,validation
1029336,test
984600,train
16708,validation
355914,test
1050797,validation
326671,train
1185356,validation
2207115,test
2260447,train
1115536,train
1329025,train
288924,validation
1251172,train
151015,test
261255,test
207843,train
693458,train
2177463,test
1627692,validation
932125,train
1648752,test
1104260,validation
206628,test
1768839,train
577805,train
387981,test
1698299,test
97917,train
890755,test
928678,train
437759,train
936066,train
963086,train
1305517,validation
2217172,train
1323085,test
1280249,train
3071,train
1391555,train
413004,validation
1134322,train
1684011,validation
2175336,train
1297890,test
140712,train
179621,test
303119,test
599588,train
1017978,train
250282,train
255175,test
1928598,train
958313,validation
1913295,train
1868988,train
1859990,train
2216726,train
322867,test
335179,train
1182497,train
1062082,train
742030,train
1735382,validation
123198,train
1277097,train
1343422,train
394425,test
1325149,train
902206,train
696035,test
1643145,validation
13940,train
1622626,train
1222613,train
1224054,train
1035340,train
1620098,test
1292728,test
2207309,train
45941,train
1809150,train
1048551,train
1934640,train
312340,train
559891,test
544851,train
1872443,validation
1849900,train
415103,train
1436470,train
2023598,test
36738,train
1349041,train
350777,test
152968,validation
467303,train
1759118,test
213276,train
1098703,train
1349987,validation
408292,train
1195606,train
125578,test
2185640,train
883255,train
292303,test
1901218,test
234906,train
392044,test
1007314,test
1202297,train
743690,validation
259285,train
1003607,train
1836480,train
1789085,test
1829146,train
282580,train
162952,train
659709,test
1783052,train
1161947,test
2012488,train
687983,validation
152440,train
1092515,test
1900403,train
1744636,validation
68146,train
1926279,train
66556,train
1778617,validation
1893983,train
1182550,train
585523,validation
1031372,train
1239791,train
1023412,validation
1635275,test
2017475,train
539398,train
4833,test
1695678,train
2219721,train
740311,validation
1153846,validation
1787929,train
341418,validation
1131126,train
1319951,test
195933,train
1256100,test
1197751,validation
1616339,validation
697803,test
1252897,validation
2060742,train
1188626,train
1826776,test
88588,test
2030758,train
2230337,train
1190422,train
130812,test
1235599,train
1270241,train
513064,validation
1861874,validation
1120746,test
1847171,train
1724442,test
136266,validation
1100142,train
38695,validation
1198805,validation
202810,validation
716220,train
1630992,train
1860401,train
1889222,validation
1146838,train
7277,train
1134844,train
294312,train
1005189,train
1748966,train
485422,train
708791,train
224400,test
1890485,train
302870,train
1273646,train
1331887,test
1574228,train
633889,train
223346,train
254110,train
5946,train
410213,test
115922,validation
68987,test
1896997,test
1730168,validation
274896,train
1248833,train
1026765,train
340432,train
1765881,validation
1125124,train
1783084,train
1972255,test
1160005,train
2216829,test
1935921,train
1942447,validation
127892,test
155302,train
368329,validation
1020548,validation
1792000,test
1343579,train
641860,train
978564,test
1799858,train
381939,test
1743993,validation
175637,train
65871,train
2159728,validation
1114950,train
1099244,validation
1017151,train
1108152,train
581703,validation
367602,test
147793,test
1687311,train
2067931,train
1648083,train
1872684,validation
2180016,test
1820625,train
1032662,validation
445,train
273587,test
1262545,train
1852988,validation
162026,test
211255,train
187338,train
268948,validation
237598,train
1189909,train
1703977,train
1968684,validation
1954998,test
1174322,train
1957513,train
1201762,validation
1794218,train
1728954,train
2173002,train
575130,train
141238,train
1613805,validation
1052692,validation
1194956,validation
109087,train
900864,train
283328,train
1900249,validation
1806967,train
1878799,validation
2178613,test
1984769,train
7929,validation
1618966,validation
1315421,train
287306,train
156312,train
1740590,train
86474,train
2243564,train
64237,train
1732968,test
893838,train
1592025,train
1037255,train
1267559,train
960039,train
1915115,train
113828,test
1890811,train
1352423,train
24779,train
133792,train
700163,train
1043275,train
80891,test
2003091,validation
1811607,train
1763564,train
342760,test
1082307,train
396430,train
2097752,train
1304901,validation
265134,train
1291936,train
2178825,test
1997772,test
412011,test
1851291,test
1241403,test
1085675,test
1678585,train
2206820,train
609414,train
860065,test
375585,train
267981,train
1312607,train
1926650,train
1482398,validation
137202,train
1014122,train
1925791,train
302933,train
1190552,train
1114215,test
1106978,validation
827186,train
214517,validation
1545621,validation
1020359,train
229752,train
1323929,train
135667,validation
91924,train
1346129,test
405505,train
129754,test
34671,train
2867,train
1250418,test
369104,train
1059795,train
121185,train
299554,train
639173,train
2236835,test
107934,validation
1716347,train
1189327,validation
207887,test
199165,test
1976968,train
217830,train
1538690,test
1130438,train
1038849,validation
1901209,validation
168569,test
1059068,train
1186824,train
1704553,test
1187257,test
1688493,train
507077,validation
1200698,test
1617734,test
1843013,test
1708637,test
401629,train
348450,validation
259048,train
1685633,test
670688,test
1076745,train
1332864,train
1996388,train
1897544,train
1151759,test
698004,test
2206456,train
332748,train
1784510,train
1968835,validation
1201702,train
680076,train
1331625,train
187137,validation
1042960,test
1022667,validation
1492720,train
1298397,train
2079918,validation
1821154,train
1272614,train
1267530,train
1034012,train
1160148,train
25562,train
1170567,test
889026,test
1925357,train
1911709,test
2154335,train
185051,train
2197940,validation
702348,train
1293271,train
113285,validation
398133,train
1234653,train
1857863,train
2168699,validation
1849901,train
663548,train
280491,train
1293537,test
147769,train
305231,test
1806929,train
134090,test
594646,test
223158,test
1223829,train
48252,train
1743606,test
96663,train
1156012,train
366136,test
1743266,validation
1883908,test
156664,validation
1272258,train
1057087,test
1137344,test
1520207,train
1826202,train
1877126,train
365625,validation
1079864,train
2215763,train
82770,train
677988,train
1032535,train
3739,train
693202,train
1777496,train
2011949,validation
1782126,validation
1633523,train
1639245,train
964,train
938594,train
402635,test
1583515,train
2248451,train
1070416,train
2233411,validation
2068891,train
268975,train
1943329,train
704687,train
31695,validation
1037599,train
13721,train
1044551,train
387664,test
1032571,train
1838273,train
1941099,train
1056995,train
127040,train
476114,train
898489,test
962993,train
181176,train
720974,train
1760061,train
269619,test
1087968,train
107515,train
1280965,train
1855900,test
192738,train
1864549,validation
1977890,test
1823862,test
154761,test
1662182,train
79350,test
2008197,train
1503500,validation
641550,train
134844,train
1624205,test
1690285,train
963014,validation
667271,train
2143572,validation
657670,validation
407570,validation
1757883,train
1795359,validation
1859415,test
1734308,test
1601748,train
1139596,test
1113238,test
1872720,train
545770,train
1984500,validation
989888,train
1019846,train
393092,train
1147590,train
343909,train
322144,test
262062,train
162616,train
1644366,validation
1794224,train
1647675,train
1900310,train
1955655,train
97492,test
1738639,validation
1797171,validation
1791373,validation
1723042,validation
7430,train
1827339,train
70470,train
1908774,test
1195572,validation
1205689,test
2227841,test
1884841,train
1618790,train
133654,test
1135389,validation
957499,train
1293334,train
1192764,train
232375,train
240916,train
631587,test
565894,test
1884238,train
1721572,train
1564463,validation
254757,train
877891,train
1222908,validation
1119666,test
607018,validation
1712269,validation
1161011,train
1870662,test
1782986,test
186114,train
2254144,train
266878,validation
922737,test
630265,train
704724,train
2243282,train
1127889,train
1895026,validation
1634067,train
1291370,train
951709,validation
1108533,validation
282064,train
664437,train
1731921,train
256091,train
272654,train
1315430,test
373480,test
1510575,train
248056,train
984612,validation
498055,validation
1229134,validation
2187326,train
2166330,test
691070,train
1613898,validation
1832071,test
1562893,train
152952,train
1169922,test
1311880,train
549743,train
46487,validation
1915568,validation
268796,validation
1055850,validation
492239,train
2243359,validation
236409,train
408121,train
1918126,train
88700,train
1821977,train
354610,train
1901976,validation
1845343,train
1659998,train
57127,validation
1677090,validation
1839122,train
1957472,train
739745,train
681330,train
1229568,train
2117813,train
1273815,train
1244440,train
1344367,train
59672,train
1280182,train
1316440,test
1928217,test
522472,test
637428,train
202815,train
1017612,train
1646814,test
1266288,train
268688,train
77090,train
717261,train
1138165,train
1949248,validation
1298517,train
46357,test
1215298,train
1829635,train
1835665,train
1584714,test
386356,train
19133,validation
1122474,validation
302580,test
1829322,train
95375,train
471989,train
2067679,validation
1657581,train
1230108,train
2063835,train
1836620,train
1232047,test
2236221,test
28531,validation
2225612,train
1848048,validation
1026865,validation
1154738,test
1056808,train
2159383,train
1342484,train
1118291,validation
306662,validation
951505,validation
341627,validation
985539,test
1003432,validation
299470,train
1860493,validation
1025888,validation
66461,train
1050279,train
1119861,train
1757993,train
501236,validation
1752702,train
575522,validation
331853,validation
1695929,train
251955,validation
710717,validation
1237434,train
1125854,validation
590168,train
630420,test
1280298,train
1888494,test
1775321,train
733634,train
1195745,test
2080318,validation
1172006,train
1255549,train
1031476,train
1673178,train
65179,validation
1325085,train
1854185,train
1231082,test
100338,validation
1224025,validation
1555007,train
106235,train
288829,train
566281,train
121280,train
1177088,train
1893759,test
392938,train
1915714,validation
1367222,validation
1866963,train
381903,train
1245192,test
164785,train
1772297,train
2149344,train
1171417,test
324101,test
1042726,train
313490,train
1101280,train
1906748,train
1852004,train
1349583,train
2182983,train
1754741,test
478214,train
85923,train
1158718,train
1864575,validation
2087467,train
1627196,validation
55923,train
1837424,train
310997,train
2256757,train
1711300,validation
1350539,validation
278488,train
2174635,validation
1649673,train
1926394,train
747383,train
218532,train
1613973,train
1117629,validation
705059,validation
1296601,train
1824070,validation
1909085,train
977407,test
65977,train
1349366,train
1205398,train
1350345,validation
1640555,train
627906,validation
410294,validation
1931466,test
73422,validation
522510,train
712243,train
1209727,train
1017958,test
2203419,train
1169966,train
1304672,validation
956903,test
666404,test
1899867,train
288516,train
941285,test
251199,train
1742241,validation
818396,validation
29576,validation
1162444,train
226653,validation
287318,train
1068410,validation
329391,validation
1763257,validation
1848758,train
662886,train
115147,train
683398,train
104156,test
393703,train
666828,validation
408438,train
995322,train
110897,validation
1083892,train
698747,train
1337082,train
106324,test
186280,train
1861505,train
1372152,train
1698061,train
700147,train
2233622,train
201318,train
2144650,test
1012249,train
1651525,train
1848431,train
1963955,validation
1006846,test
597941,test
1796130,train
513438,train
40010,train
1803366,validation
1775538,test
905002,train
587882,test
1989625,train
74935,train
1029426,validation
306648,train
1786404,train
1189600,validation
1616114,train
1911141,train
1838974,train
1213884,train
1110439,train
1861731,train
533365,train
523064,validation
1124271,test
417193,train
537089,test
229707,test
1766352,train
947850,train
406663,validation
1269710,train
75944,train
118717,test
1318802,train
1168854,train
1531181,test
2139081,train
292673,train
912433,train
1013088,train
1460181,train
240999,validation
1230215,test
1624541,train
84004,validation
565149,validation
17799,train
716667,test
1052401,train
1754322,train
251736,validation
1832473,test
168510,train
29426,train
1329672,test
1311492,train
2168719,validation
2235747,train
53751,train
675783,train
1807667,train
101208,train
1149965,validation
2076776,test
732290,train
2017871,train
1352064,train
1799035,test
1928914,train
2016348,test
1213326,train
1125070,train
1799018,train
52290,test
1619561,train
2014468,train
564086,train
1918499,train
677374,train
1158991,train
1255368,train
1021324,train
419929,validation
1077628,validation
932976,test
1874437,train
299810,test
2208395,train
2019570,validation
602238,train
1507284,train
2257937,train
1892262,train
119304,validation
653588,train
1012195,train
2160024,train
1853221,train
1059750,train
1168111,train
748080,train
1298886,test
1855323,validation
76872,test
932805,train
1126864,validation
1771498,train
1561806,test
89047,validation
405130,train
237731,validation
1242126,validation
282747,train
1812104,train
2141896,train
60041,train
88316,train
1888488,validation
370134,train
442431,train
203274,test
248733,test
1830589,test
723119,train
275356,train
1234938,train
1865855,test
712710,train
1891396,train
1991228,validation
1242686,train
2229514,train
6801,train
122120,train
979921,train
1718850,test
1848934,train
42873,train
2022219,train
2186994,train
1010366,train
228618,train
1789054,validation
942469,train
631402,train
2255218,train
490695,train
1860231,test
397711,validation
1932744,train
1690935,train
1186419,train
279162,test
409501,train
126856,test
952507,validation
1830620,train
1988941,train
1274511,train
1093015,test
1958539,train
631136,train
1286051,train
363075,test
1104348,test
1862434,test
318072,train
217928,train
2013470,train
673382,train
314938,train
1904006,train
52670,train
2247028,train
1733557,train
1055178,validation
219306,train
210703,train
1280028,train
1190613,train
104846,validation
1843711,test
328871,train
1917029,test
405107,train
2044605,test
1070044,test
1663200,train
261708,train
559704,train
670948,train
1825362,train
1164730,train
415935,validation
145745,validation
503272,validation
1739932,test
2242906,test
988244,train
1867241,train
219228,validation
633177,train
1881315,train
1220379,train
1200224,train
1180941,train
96721,train
1203104,train
653416,validation
156443,train
258263,train
964228,train
68071,train
1994992,train
2238057,train
103817,train
1189464,train
1172910,validation
73704,test
2255945,train
1851972,train
1623593,validation
65886,test
10540,train
1916915,train
2242048,train
199452,validation
573469,test
311023,train
382149,train
1836163,train
412336,train
915817,train
1159400,train
1939198,test
383399,train
1308039,train
86778,test
1825513,test
1320554,train
372174,train
1752589,test
1644194,test
249322,train
303574,validation
1285194,validation
403235,train
550861,test
69836,validation
1104303,train
226582,test
1176104,train
662151,train
192380,train
1960306,train
1926915,test
1788497,validation
2110849,test
1099920,train
1622861,validation
2006318,train
941699,train
2177602,test
197763,train
829632,train
303903,train
1141999,train
1753743,test
341274,validation
1614682,train
1039558,train
1090971,validation
1882561,train
1774459,train
1193578,train
71583,validation
13763,test
516313,test
283548,validation
146229,train
2015591,train
342421,test
1116141,train
1142311,validation
935359,validation
1898316,validation
1284262,train
1224619,train
1849750,train
1333698,train
2132117,validation
1216393,validation
749180,validation
1703999,train
197298,test
28916,train
1162137,train
1009844,test
704582,test
1178167,train
1856726,train
2194069,train
1755466,test
1983254,train
1880610,train
1140355,test
46941,test
1204510,validation
3624,train
1190939,train
1794912,train
1239307,train
112376,train
1148473,train
1819312,test
86539,test
504293,train
1935280,train
201804,validation
926411,validation
1423682,validation
1813698,train
1323841,train
141132,validation
1934440,train
1909660,validation
744133,train
705544,train
1082792,train
2189048,train
937246,test
396440,test
129003,test
14929,train
1822757,test
728503,validation
1799325,test
1623487,validation
1023194,train
1921211,validation
2246231,train
1888957,train
26717,test
1812323,train
52973,test
128156,train
553113,validation
133490,test
286597,validation
1802414,test
1615424,train
636670,train
1289561,test
1900061,train
35929,train
1057936,validation
1331333,train
1807067,train
136714,validation
1954047,test
1667155,test
2209867,train
998688,test
245049,validation
2149822,train
2221446,train
1922777,train
1842081,validation
1617037,train
330360,validation
724486,train
1881264,train
1896071,train
193100,train
130004,train
1805329,train
1728464,train
1774715,train
1774549,train
1245000,train
1795021,train
351701,train
2204577,train
2249847,train
1129182,train
1259356,train
2077056,train
1352051,train
2004048,test
1019844,train
2211065,train
2043320,validation
203878,train
1765975,train
1863838,train
160914,test
1920461,train
1779396,test
1579955,validation
632476,validation
78417,validation
378382,test
347948,train
1994678,train
218240,train
55321,validation
627125,train
414159,train
1828744,test
1200990,train
327606,test
1138713,train
1804504,train
188279,validation
1156285,test
82508,test
1335143,train
1074806,train
1886193,train
1886848,test
1157137,train
1826547,train
2184774,test
1248087,train
972466,test
959970,train
1689996,train
1289978,train
1115063,train
1612949,train
1267114,train
1190439,train
1809054,train
1315121,train
1681366,train
744661,train
1825947,validation
184662,test
234669,train
1247633,test
2204676,validation
1131456,train
584794,train
1784053,train
1755941,test
2235371,test
1141387,validation
349355,train
328176,train
700141,train
1310940,train
1187684,train
1197754,test
1973251,test
1784249,train
26391,validation
1159447,test
647542,test
352101,test
1227131,train
2009861,validation
2145662,train
1734734,validation
1459055,test
1263836,train
1261860,test
1257426,validation
2055094,train
669328,validation
1190888,train
1654978,train
1793328,train
31236,test
1890858,train
222068,validation
1631191,test
2070295,test
703412,validation
1123025,train
96954,train
228222,test
1830888,train
1035469,train
1705110,train
1052160,train
1807135,train
1112638,train
1933428,validation
1139191,train
271366,validation
66351,test
1182376,train
359569,test
671789,train
166050,train
1127859,validation
2189199,validation
1860501,validation
1316554,test
1216008,train
1734560,train
1218944,train
179823,validation
2118393,test
61420,train
1258804,validation
2251291,train
31923,train
629555,train
1697355,train
1757278,validation
259407,test
229662,train
1879210,train
628260,train
1781863,train
1819466,train
1041210,train
1711607,test
1904554,train
178374,train
107531,validation
1163663,train
196447,test
161817,train
324564,train
115004,train
206342,train
741253,validation
913411,validation
957819,train
1082062,train
1981669,train
2093211,train
682275,test
230746,test
949505,train
1112811,validation
2213362,validation
1806272,validation
42683,train
1154708,train
1693405,train
1060526,train
33963,train
191717,validation
1632128,train
1310185,validation
2250539,train
1263707,test
412762,train
619548,validation
1233532,train
1904329,train
1649307,train
285384,validation
1325039,validation
184945,validation
118550,train
280322,validation
688305,train
2196543,train
353267,train
1326211,validation
399432,train
16852,test
747253,train
2212662,train
931243,test
2112820,train
266524,test
273774,train
1160280,train
1025964,test
282263,train
1853574,train
202379,validation
1688464,test
772835,train
907712,validation
395805,train
1877252,train
1157275,validation
722006,train
1861363,train
97571,train
2002295,test
1086110,train
1314317,train
1935145,train
1857134,train
1900053,test
1763997,test
103256,train
1846359,train
136974,test
84619,test
942900,test
116274,train
2030941,train
1329556,test
2184948,train
999867,validation
2212089,train
1340705,train
354161,train
1786316,train
1624718,train
1942013,train
709054,validation
102699,train
1525880,validation
160087,train
1908583,test
1935780,train
1916954,test
1186520,train
61200,train
2206205,validation
632876,test
1086021,test
1268677,test
1784604,train
266394,train
2170132,train
1615302,test
1906390,train
200021,train
544578,train
372000,train
1982322,validation
143378,train
184717,train
584817,train
1342153,train
108553,test
1345983,train
50102,validation
2010575,train
214683,train
403315,test
2240962,train
1211846,test
1184191,test
1871781,train
502700,validation
1698567,test
1646936,validation
112844,train
863679,validation
1937943,train
1046013,train
2015850,train
800259,train
1289908,train
1772422,validation
1233955,validation
1614128,train
987856,train
1698659,train
213670,test
190458,train
2206457,train
1211149,train
1782060,train
700041,test
922383,test
237502,train
1033507,train
1281966,train
387215,test
1163299,validation
1257216,train
45918,test
190763,train
1839834,train
549918,train
310136,validation
191934,validation
1899918,train
1632296,train
351957,train
235933,test
1013067,test
1870001,test
1987035,test
1823337,validation
1904601,validation
20545,train
82525,train
1865491,test
171979,train
267824,train
44222,train
21489,train
2086143,train
720832,train
1570949,train
562596,train
1876052,validation
1255379,validation
1904767,test
1027617,train
1976538,train
1070205,validation
1793133,train
355458,test
1718722,test
1805459,train
1904599,train
2186624,validation
96891,validation
1015153,train
1157069,train
186040,train
2212090,validation
42606,train
178586,train
1862696,train
733775,train
409613,train
1354857,train
1164621,test
287122,validation
1043349,train
938957,train
2113429,test
1226238,train
1248052,train
1936042,test
1524525,train
1328448,test
362797,train
524201,test
175154,train
1690800,train
364479,train
14996,train
1112567,test
254313,train
1203473,train
1798605,train
1021337,validation
1163877,train
1229359,validation
1330660,test
1824316,train
1141427,train
256512,train
1984280,train
348311,test
1643382,train
1492069,test
1278687,train
1891978,validation
1307392,train
121604,validation
1289295,validation
356857,train
286364,validation
31196,train
1181653,train
266152,validation
1044971,train
1616042,validation
382215,train
1288533,test
2237466,validation
2121082,train
683786,train
1237242,validation
153126,train
2175171,train
245662,train
1707658,train
685501,validation
1062772,test
374134,test
1953449,test
416997,train
1904108,test
963792,test
732124,validation
303347,train
1928818,validation
111490,train
1218137,validation
2151648,test
1571685,train
1221446,train
1222172,train
1349312,train
330096,validation
676039,validation
2036000,validation
247683,train
1680128,train
623681,train
346999,validation
1219773,test
1830841,validation
659278,test
1839105,validation
1190086,test
508105,validation
80094,train
1640654,train
1218820,train
1770125,validation
341377,validation
200672,train
109689,train
2037301,train
1742062,test
456856,validation
1977208,train
169121,validation
2182257,validation
1231250,train
1186572,train
1986237,train
1132333,validation
1186961,train
1726366,validation
164308,test
361387,train
408134,train
113662,test
1811812,train
1872707,validation
1208136,validation
1632861,train
393981,test
10445,train
222321,test
2023766,train
18705,validation
1105914,train
942051,train
1764670,validation
1991414,test
56755,validation
1887780,train
664776,test
1733808,train
394876,train
1775583,validation
656428,train
137081,train
1798061,train
1908295,train
1101166,train
2021859,train
321462,test
1341986,train
375749,train
250131,validation
349801,train
1912744,train
83392,test
1181226,test
1249022,train
770334,train
305607,validation
1079680,validation
278215,train
1696941,test
2150274,train
391024,train
2256252,train
1877697,validation
458683,train
2160834,train
749242,train
987841,test
316274,train
2002690,validation
1847098,validation
1628887,test
220256,validation
21237,test
1919406,train
1645628,test
2151969,train
984276,test
284710,train
1783083,train
1668656,train
1280280,test
747058,train
1046808,validation
1784589,test
1912251,train
2128875,train
389332,train
1811814,test
2103753,train
106254,train
1327612,test
483363,test
934200,test
1861254,test
1013972,train
486677,train
2251400,train
562793,train
1805970,test
2168204,train
81453,validation
1753865,train
1828045,test
404627,test
1772217,train
2159475,validation
684852,train
530515,validation
1801758,train
1925550,train
650969,validation
2038188,validation
299490,test
1187203,test
1578027,validation
123015,train
1178933,validation
1316170,test
155948,validation
273719,test
1057183,train
2028308,validation
1898609,validation
1054169,train
1300138,train
1326828,test
1091994,validation
190638,validation
2072840,train
399615,train
190836,test
984580,train
988917,train
1206636,train
295587,validation
1753361,train
148456,train
250504,train
691384,train
1201866,train
1025841,train
422193,test
604527,validation
1797330,train
1769724,train
1124052,test
1631724,train
986362,train
1636532,train
736350,test
423220,validation
1722836,train
1135038,test
47079,train
334833,test
1327294,test
708624,train
405354,train
1198954,validation
1647581,train
1970649,test
1299228,train
1091835,train
1230532,validation
270861,validation
2256417,train
624476,train
1079992,train
2197315,validation
1120429,train
306497,train
1977352,train
1649786,train
802468,train
1944270,test
2056897,train
2259239,train
1004637,train
1131073,train
1629137,train
154453,train
1155986,train
2067410,validation
1239850,train
1850153,train
67496,train
1897885,validation
126119,validation
896540,train
220332,validation
257720,train
187832,validation
1772551,test
1843833,train
57775,train
710550,validation
906598,train
1620965,train
226191,train
1776895,train
202170,train
1954704,train
1080754,train
436734,validation
396950,test
355605,test
1224558,train
912485,test
406676,train
1755311,test
1818435,train
1177238,train
939930,train
178673,test
1956529,train
585511,train
1351038,train
309245,train
421863,train
1298809,train
1620495,train
323870,test
2182614,train
1823893,train
150528,train
402040,validation
747977,test
218396,train
356359,test
1928408,train
980317,train
1891885,validation
1828834,test
986599,train
452560,train
1269370,test
2184541,train
1874647,train
939329,test
2111687,validation
1168639,train
1299924,train
623027,train
1916437,test
926537,train
180266,train
1808195,validation
976786,train
412203,test
658575,train
1829070,validation
1047331,train
1081527,test
100328,train
2037098,test
95002,train
265819,train
16022,train
1779927,validation
1191355,train
1262665,train
1304932,train
1251468,validation
1117032,train
1108430,train
81294,test
1900694,train
1620915,test
71924,test
351333,validation
1863514,train
244386,train
103152,test
1122988,train
1908170,train
1910549,train
2123121,train
1014014,validation
2053770,train
92694,train
2032114,validation
1912874,test
1630225,validation
315064,train
562915,train
535272,validation
2241736,validation
436680,train
204635,train
1330597,train
1780845,test
1129828,validation
399135,validation
419791,test
593945,validation
74432,train
1269956,train
1898875,test
1831724,test
603109,validation
688368,train
2244943,train
1917187,train
602809,test
2080689,test
373431,train
1339388,train
346392,validation
105384,test
1624854,validation
2028026,train
2179940,train
44227,train
118672,train
1144192,train
1616005,train
1919281,train
1327018,validation
2201745,train
139636,validation
1798612,train
2003454,validation
1007974,train
1634234,validation
1118399,train
599315,validation
2238038,train
41027,train
911535,validation
514621,test
1284166,train
1879130,train
1203288,train
95886,train
2096763,train
1789229,test
337653,train
1276130,train
970630,train
1040394,train
428967,train
1066627,test
1802606,train
1761833,train
560617,test
204284,test
191980,train
281824,train
1188506,test
419514,train
426334,train
331768,test
1858816,test
561628,train
363850,validation
1283598,train
1665646,test
2058106,validation
1347840,train
691157,train
1142482,train
254527,train
1932400,validation
319667,train
731379,train
1612564,train
283020,train
1977596,train
980158,test
278693,train
416149,validation
1842009,train
1788161,validation
1139131,test
593752,test
82581,train
1329794,train
342265,train
162528,train
1496775,test
155675,train
1770917,train
113835,train
2158835,validation
1871634,test
584669,train
158373,validation
1301414,train
333371,train
1797002,validation
1182843,test
240163,train
8316,train
357730,train
59610,train
1059251,train
665305,train
1606058,train
42705,train
976895,validation
323368,train
553289,test
257048,train
1348474,train
1311022,train
2244292,validation
1082859,train
155821,test
2157481,validation
26307,train
1984024,train
1711661,train
1287520,train
1805908,train
240596,train
1679111,train
26658,validation
191316,train
1170490,train
155508,train
1458961,validation
2011155,train
720604,test
1245958,validation
144255,test
304023,train
2133004,train
1346627,train
689030,train
329528,test
686442,validation
1975405,test
630006,train
397478,test
755016,train
2213782,train
388531,test
1897694,train
1917625,train
625286,train
1303361,train
1700524,train
1224702,test
397602,validation
1851689,train
255637,validation
1869066,train
1821500,train
1612312,train
588713,train
68547,train
1699777,test
256589,train
2025945,validation
1519946,train
1485414,train
1845807,test
958263,train
2240571,train
1278101,test
1065553,test
325074,test
2252062,train
1706924,validation
388094,train
88833,train
1017326,train
2070555,validation
254599,train
1243279,train
470964,train
157670,train
18973,train
1830919,validation
1031052,train
1760436,train
1629611,validation
2144291,train
990335,test
1341829,train
1276392,train
1953138,validation
1250985,train
1685026,validation
705562,validation
303205,validation
990249,train
915623,train
463009,train
674693,test
234091,test
712987,validation
1091305,train
1636318,validation
1663719,test
947077,train
273265,validation
417105,test
1615990,train
186441,test
915423,validation
246069,validation
1189828,train
587336,train
1801020,train
1568113,train
625204,train
148452,train
956034,train
1720023,train
1039562,validation
1894512,validation
1710595,train
2010865,train
1866255,train
1235702,train
716901,validation
82778,train
207482,train
1810894,train
1647427,train
856262,train
696927,train
430567,test
1650097,test
1963473,train
2284,train
36378,train
1697039,train
144887,test
1338612,test
2000772,test
1642593,train
206802,train
2018275,train
163363,validation
1266430,train
419350,train
446072,train
1771573,train
361621,validation
1092734,train
138112,train
1783403,train
246072,train
203572,test
1643994,validation
1821421,train
1182249,validation
931114,train
1268717,train
1837914,train
93707,train
1759857,train
1785825,train
419630,train
374050,train
134363,train
2026587,train
1285551,train
2170934,train
1084745,test
389420,validation
408663,validation
261003,validation
209190,validation
1014074,train
272728,train
867382,train
2226999,test
1640147,train
111371,test
1046476,train
90199,train
974863,train
1926996,validation
1212860,validation
1240836,train
145318,train
98435,train
2037567,train
1180972,train
1260254,train
34452,test
234603,train
1859433,train
745665,train
2246383,train
272349,train
1881217,validation
2195294,train
1161443,train
1114972,test
38975,train
11299,train
294757,validation
171149,train
1877686,train
317979,train
685283,validation
403211,train
250102,train
531303,test
1893514,train
1872456,train
1650274,test
1021399,train
410874,train
1212857,train
171572,train
1121342,train
1228356,train
533356,validation
1774842,test
1940939,train
130296,validation
864964,train
1346480,train
708059,validation
2059865,train
901299,train
355065,test
7747,validation
1323634,test
104279,test
1836060,train
88352,train
1890626,test
1196233,train
978346,test
2231305,validation
1503898,validation
290855,train
336232,train
540501,train
49308,validation
1630767,train
1787161,train
644750,train
1291100,train
2031485,train
372900,train
1966091,train
1552926,test
1584064,train
985978,train
1186270,train
1620312,train
1140331,test
672053,train
1347565,train
1938822,train
1244224,train
198992,train
145815,validation
159078,test
1848563,train
288679,validation
1770415,train
405213,train
1706309,test
648434,validation
1756976,train
1808706,validation
1124262,test
2240406,test
1324002,validation
1877661,validation
1727699,train
404192,train
1134395,test
408947,train
1044170,test
728785,train
1955846,validation
472579,train
2057231,train
368195,train
219622,validation
78200,train
59877,validation
1776605,test
1649962,validation
962666,train
573867,train
409875,train
1022360,train
1146886,validation
1212514,test
316410,train
1917127,validation
1617584,train
936852,validation
984451,train
1064197,train
1639473,train
762150,validation
2031022,validation
712407,train
373353,train
901568,train
1938856,train
1767248,validation
342747,train
1758653,train
131447,train
1513939,validation
1071127,train
1618231,train
1152594,train
1331347,train
2185460,test
46619,train
121716,train
346826,train
361440,train
135369,validation
255765,train
15670,train
374355,validation
99676,train
1593625,test
1188280,train
156955,test
83175,test
1310228,train
1103387,train
1878462,test
2011515,train
1766145,train
1036053,train
1828472,test
1769583,train
442458,train
1734203,test
297059,test
1651207,train
246171,train
1142911,train
562634,validation
1644551,train
2021464,train
2003848,train
360026,train
920327,train
1111252,train
1936365,validation
367952,train
1135582,validation
1709891,validation
239,train
112173,train
339123,train
1348099,validation
468633,test
2131640,train
117934,test
1660137,train
205636,validation
1163164,train
1928141,validation
26929,train
1101914,validation
950513,train
1331742,validation
1754246,train
659613,train
442256,train
75777,train
1841796,train
225094,validation
880367,train
1170300,validation
1731910,train
260906,train
1884945,train
1921261,train
1884213,test
239128,test
378027,train
1071332,train
920980,train
2039797,train
1803168,train
1698588,test
1664908,train
1624341,train
380207,train
23563,train
1060181,train
189728,train
1026167,train
2002075,validation
425562,train
1031710,test
741413,train
244768,validation
372517,test
167702,validation
2198399,test
1272997,train
2174400,train
1727288,train
1075292,train
1475228,train
294182,validation
144844,train
100106,validation
1004265,train
2018539,validation
4961,train
278314,validation
685318,train
2135431,train
1836382,train
879559,train
1156685,train
54211,test
1219973,train
1021170,train
1764698,test
328261,train
361591,train
1916734,train
172037,train
2235904,train
364827,train
1635928,validation
101482,train
1328279,train
1350447,train
2025957,validation
1172356,test
545065,train
348712,train
1210909,train
195861,train
19194,train
1799453,validation
170881,test
536765,train
1688864,validation
134053,train
30359,train
1300481,train
1924075,test
1833646,train
1791729,train
1802287,train
572365,train
104110,test
348354,train
256967,test
1182779,test
2034925,train
1981810,test
987259,train
1764607,train
1874925,train
1713587,train
2014832,train
543757,train
1883277,validation
281456,validation
1298923,train
649667,validation
152335,train
1825853,train
77857,validation
1942931,test
407255,validation
1899701,train
1736551,train
2122131,validation
1066851,train
1106869,train
153028,train
353469,validation
2077592,validation
177587,train
1980314,train
1958278,validation
892290,validation
1755127,train
23049,train
2065032,test
2126032,train
117424,validation
1120854,validation
1619900,train
416705,test
328730,validation
377161,validation
130215,test
113607,validation
1614985,train
1275768,test
713745,train
174553,test
1577200,test
1133847,validation
1140299,test
111563,train
304424,train
1349077,test
162938,test
1869699,test
882988,test
262120,train
908882,train
2131799,train
1927276,test
715849,test
126220,train
240850,train
1273953,validation
725869,test
2163049,test
1963395,train
710745,test
2188319,validation
1264829,validation
1294814,train
173375,train
1632159,train
1323858,validation
1631546,train
1083462,train
284523,train
55612,validation
888079,validation
732781,train
12732,train
1883928,train
309966,train
177726,validation
1108314,train
1577021,validation
875985,validation
1011494,train
906471,validation
318271,validation
676274,train
549989,train
988233,train
1005423,train
1907729,train
1130411,train
1806377,train
395025,test
645071,validation
2204872,train
860619,validation
1174812,train
1958400,train
416710,test
106627,train
882274,test
1822483,train
1713398,train
1956344,validation
1771689,train
159690,train
2173334,train
1920443,train
1810499,train
1165662,validation
394161,test
2160908,test
1687305,test
1990918,test
1765540,train
1177589,validation
724658,validation
1766056,train
1141446,validation
1907034,train
1921253,train
586796,train
1045042,train
353054,validation
318040,train
2042654,train
2223285,test
2015082,train
1497488,train
216393,validation
918119,train
1105797,train
2254694,validation
4741,test
1623859,train
1308267,train
1885462,test
267788,train
314940,train
1715808,train
314126,train
40816,train
8947,train
1218300,train
1894098,train
28651,train
112721,test
1047955,train
714917,train
1159432,train
180550,train
1145345,train
925222,test
1119543,validation
961264,test
2036399,train
1127487,test
1949341,validation
1856533,train
2092385,train
2218951,train
2124308,validation
981104,train
1871269,test
870985,train
1006903,test
255028,validation
30455,train
1682453,train
1079757,test
303694,train
126715,train
1189295,test
621242,validation
2390,train
561151,validation
1533146,train
1445397,train
1927166,train
4493,test
283651,validation
1849881,train
1477836,validation
405207,train
1924016,test
1217982,train
114992,train
362721,train
1123698,train
355915,train
1794795,train
376570,train
330864,train
1124272,train
1906132,validation
163555,train
539631,validation
290803,train
1905819,validation
538188,test
356137,train
2230731,train
1769188,test
1006183,test
1289692,validation
1128583,train
1647499,test
1272193,validation
2239786,validation
1293423,train
1864151,validation
26010,train
285567,test
1872841,train
1613056,train
1698970,train
2249025,train
1192389,train
1851271,train
1812307,train
45366,test
1063016,test
168573,test
283408,train
33219,train
2092572,train
1843328,validation
2253334,train
1130883,test
726263,train
1310375,validation
1757493,train
1192775,train
1079427,train
1315865,train
1105678,validation
2016087,train
1176499,test
1096737,train
41753,train
1126073,train
1732461,test
215075,test
2200929,train
1792160,train
1170795,train
1677452,test
1079254,validation
2012864,train
2101998,train
212505,train
41221,train
243121,train
1250868,test
156211,train
376718,test
1029043,test
1081334,train
125446,validation
1700627,test
1753119,test
392696,test
284956,train
1766542,validation
330342,validation
2126325,train
2225112,test
911677,test
80872,train
211162,validation
996275,train
2033642,train
1638952,train
271136,test
305179,validation
1273992,train
358811,test
2233101,test
181397,train
109625,test
2186003,train
1767814,validation
573652,train
705642,validation
377393,train
645258,validation
82033,train
1047987,test
1680668,test
661052,train
1328310,train
1885924,train
1284163,train
566861,train
1341979,train
1494769,test
8301,test
1218378,train
1048061,train
220593,train
791030,train
2162757,train
446190,train
613077,test
216052,test
2194088,train
632837,validation
403893,train
1196392,test
362704,validation
1322717,test
695244,validation
1265691,train
1751380,train
287108,validation
1151731,validation
645645,train
1295649,train
720420,train
88526,test
1295036,train
1232959,train
1613418,validation
170281,train
237654,train
344234,train
1260358,train
987350,test
704534,train
2142784,train
167195,train
261506,train
1213861,train
1273075,test
1506917,validation
1978533,validation
407948,validation
1899929,test
1691955,test
1888997,test
2216927,validation
1934335,train
1299582,validation
1298452,train
360257,validation
482571,train
1894755,train
356111,train
1644528,test
2167384,train
1331510,validation
126681,train
21205,train
671622,train
2117640,train
137117,train
1171405,train
1180900,validation
1795476,train
2049238,validation
2205303,validation
155739,train
1113620,train
2124620,validation
1052678,test
577196,train
1444301,train
1789124,train
1019514,train
152759,train
1332172,test
175923,train
631250,train
1803567,train
1731277,train
93890,train
98651,test
598791,validation
1808634,train
582262,test
214684,train
1206717,train
142638,train
1230751,test
1851308,train
1864963,test
1781050,train
2212636,train
1014393,train
937639,train
724457,test
349207,train
1751160,train
127061,test
1936419,train
1346446,train
2034379,train
1968805,train
1012020,validation
1324175,train
1321000,train
895276,train
749261,test
706592,train
91181,train
264173,train
1332907,validation
436416,train
63871,validation
1723177,validation
1190119,train
691842,train
82171,train
1250409,validation
1215955,train
1511214,test
1859782,test
552284,validation
118661,train
44782,test
1024741,train
1486665,test
198275,validation
594601,train
561060,test
213757,train
22096,train
1990842,train
2182059,test
1968123,train
1845703,train
1700765,train
305014,train
1064863,test
1099598,train
2001569,validation
2162665,train
433217,validation
136139,train
1092934,test
1351464,train
1859280,train
2166229,train
1940430,test
1997290,test
1182197,test
2211879,train
1642668,validation
1873373,test
215204,train
190927,train
240336,train
1807962,train
1054027,validation
1767598,test
1093002,validation
119505,test
1853804,test
1932473,train
82792,train
1640947,validation
1838352,train
1161244,test
59816,validation
967818,train
1283481,train
131298,validation
564812,train
1038159,train
1197342,test
1595105,train
1001134,train
2154959,train
276403,test
73435,train
1338687,train
1347314,train
293029,train
425698,train
58843,train
1130638,train
2208954,test
1195172,test
1326633,train
391991,train
1905104,test
419027,validation
216363,train
1556083,test
321049,validation
1193476,train
503677,train
1804973,train
1803315,test
2176215,train
1223732,train
1081743,test
502564,train
16030,train
302690,test
1252051,test
1882201,test
117943,test
89553,test
18678,train
1094665,validation
999346,validation
1716477,train
1122611,validation
1961395,train
1150277,test
613949,train
1262046,train
1892434,train
1088171,train
1067646,train
1855407,test
615293,test
2022779,train
151059,train
668574,train
747846,train
2175233,train
306439,train
35066,validation
1553468,validation
374933,train
291855,train
1935741,train
73874,train
1820923,test
2260117,validation
245473,validation
310828,train
115705,test
1165485,validation
203977,train
1867837,validation
1772196,test
1257078,train
272925,train
135782,train
1634048,validation
1261425,test
297242,train
1228243,test
387752,test
2229391,train
401232,validation
329715,train
2161042,train
32056,validation
338485,train
924452,train
106306,train
181961,train
1612502,train
389803,train
203316,test
260727,train
690610,validation
1058065,validation
147074,train
162415,test
1788762,validation
1213591,test
1583154,validation
1547145,train
1642666,train
360146,test
1035025,train
1899285,train
303169,train
1739056,train
1898385,train
1133343,train
1947643,train
2046685,validation
251282,validation
1788754,test
747524,train
1770622,validation
2196673,test
143529,train
1727436,test
632596,train
612131,validation
1922903,train
385792,train
918864,train
478287,train
749472,validation
1013179,train
221086,validation
1064953,validation
1839541,train
1933356,train
153091,train
1333622,train
1281672,test
1257054,test
119148,train
1131260,test
1823908,validation
1162452,train
1243242,train
2185187,train
1048956,train
925970,train
722278,train
6673,validation
411787,train
1832550,train
1969978,validation
188645,validation
2256021,train
2157800,train
1776134,validation
2049299,train
1746166,train
1820373,train
308518,train
202217,train
246448,train
412801,validation
48283,train
1948887,train
1141889,test
1629709,train
1899077,train
2127746,train
341775,validation
1637988,test
185805,validation
2028514,train
1802501,train
1550668,train
368045,test
2147439,train
1877944,validation
1184348,train
1770526,train
2196156,validation
1550849,train
210066,test
692386,validation
1005885,validation
9696,train
1244974,train
2028949,train
2030883,train
2069384,train
2145258,train
1918308,train
1244779,train
2092551,test
1308801,train
1836028,train
232267,train
63045,train
1935770,train
2001078,validation
1161706,train
181643,validation
1192680,validation
122978,validation
415713,train
428244,train
303767,test
1616281,train
127605,train
1642062,train
1195408,train
429555,train
961652,validation
1933619,test
1197405,train
1307238,train
376785,train
1701503,train
196873,test
38255,test
1155566,validation
1842781,train
245757,train
2034080,train
1059737,validation
1057466,train
566871,test
188658,train
25736,train
1613254,train
306374,test
483357,test
1761232,test
127627,train
1919674,train
409706,train
1986724,train
1617650,train
320727,train
2246797,validation
540069,validation
724253,train
661424,train
693724,test
1178872,test
949592,validation
1541215,train
411640,train
598756,test
897423,train
2202161,train
1934950,validation
2020561,train
1595875,train
1281486,validation
242017,train
138652,test
766773,train
1249929,train
944143,train
2026417,train
2022715,train
143264,train
249464,train
1931380,train
1809721,validation
356456,train
1647115,validation
708265,test
1999598,train
975483,train
1090782,train
636262,train
1830458,validation
1716895,validation
1626214,train
235344,train
1631457,train
1841283,train
1277607,validation
165240,train
2218228,train
1180547,validation
40239,train
2157849,test
1192010,train
615639,train
1058527,validation
1428949,test
1242357,train
971182,train
1917188,train
1262323,train
384024,test
1623852,train
1292922,train
1094460,test
1136799,train
553401,train
1277813,test
1336208,train
2158992,train
1683705,train
1258770,test
722092,train
273189,test
1837003,train
137258,train
1847928,train
1333401,validation
83673,train
710951,train
1843878,test
1100918,train
1640508,train
2170318,train
312214,validation
125315,train
1987832,validation
345565,test
1931899,train
1789052,train
731337,train
1099765,train
1290197,test
193387,train
1250433,train
1183046,test
1830137,validation
1691111,train
2221418,train
1246044,train
1098189,train
1295972,test
2222634,validation
1976252,train
488277,train
1204046,test
243998,train
1960198,train
1350808,train
1872051,validation
135202,train
372333,train
1100226,train
2069371,train
1242824,test
1836105,train
396631,train
88595,train
2017077,test
523650,validation
420277,train
724015,validation
1071156,train
1112962,validation
997310,test
1836633,train
1853414,train
1228803,validation
1334583,test
510259,train
1783807,train
1700070,train
561790,train
963637,test
621315,train
362558,test
23791,test
1984005,test
659011,train
362742,validation
2081260,train
1929504,train
1273759,train
542957,validation
35203,test
1180068,validation
1288353,validation
323994,train
1778497,train
1304019,train
1283397,train
1321178,train
1767711,train
1824903,test
1006805,validation
1680133,train
2205476,validation
301991,train
743236,test
141823,train
1891849,train
1033781,test
142224,train
1099487,train
829169,validation
695165,test
950688,train
1914956,train
589649,train
134780,validation
1220537,train
375051,train
1115340,train
2170058,train
1253358,validation
907480,train
1281248,validation
111174,validation
1700077,train
1794519,train
1911694,test
89656,validation
297318,train
1116148,train
1253489,train
671899,validation
1084309,test
1549565,validation
294721,train
1725950,validation
182221,validation
1345553,validation
84288,test
1159411,train
1188737,validation
1331099,train
68248,validation
1902185,validation
453188,train
1092440,train
725783,train
1220989,train
1103172,validation
2170208,train
1647988,train
18315,train
1257877,test
1101531,train
1820444,train
270823,validation
1086862,train
1544658,train
50681,train
688589,train
309125,train
1313903,train
1270623,train
1729207,test
1671351,train
2108481,test
658280,train
1833731,train
1792194,validation
666252,train
154434,validation
910811,train
1181033,test
518689,train
1757724,train
1348727,train
356477,train
1993064,train
2194758,validation
1090241,test
678962,validation
418869,test
2252495,train
821833,train
1903761,validation
549258,train
1229728,test
717890,test
1859014,test
1748535,train
944298,train
1935949,train
288450,train
719962,validation
742530,train
738609,train
37114,train
38771,validation
248388,test
1843746,validation
410634,train
98305,train
321481,test
1053002,test
2169053,train
642053,train
1898003,train
995558,train
1991862,train
243593,train
1333273,train
1720122,train
923587,test
72526,test
664199,train
104592,train
1174815,train
333950,train
660584,test
583,test
992200,test
1250962,test
1643380,test
273114,train
1269430,train
1338520,test
1124187,train
95481,validation
1157885,train
1271910,test
1551229,test
984133,validation
1259450,train
747532,train
1785941,train
1935053,train
352216,validation
1748994,train
301587,train
30822,train
884155,train
1531830,train
275150,train
66033,train
1163731,test
1278279,train
1684742,train
1632919,test
1342519,validation
1309822,train
998939,validation
2030042,validation
2252921,validation
698205,train
180294,train
851260,validation
1776862,validation
1836231,train
1207991,test
556502,test
1259849,train
312911,test
465061,train
316044,train
1923338,train
1618916,validation
1742964,train
1120856,validation
519027,train
2168977,train
53010,train
2157244,validation
2197086,train
232778,test
1791417,train
1241136,validation
1833203,train
1842770,train
1011238,validation
1302853,validation
350700,train
1191004,test
2153476,train
1045972,train
1983740,train
1214404,train
2196752,validation
1237266,train
2133113,train
1938537,train
1916869,train
1817844,test
342676,test
113673,test
2249496,test
605466,train
726125,validation
1108643,test
2230854,train
1880760,train
1351703,train
1922891,test
1758933,train
1053991,validation
2105929,train
166709,validation
96249,train
1817812,test
2221919,test
7560,train
1274745,train
644057,train
1919681,train
1338293,validation
333235,train
586807,test
1878582,validation
1252803,test
2260486,train
1052037,train
681150,train
1038787,train
44965,train
1548970,train
1297928,validation
1069735,train
1022855,train
2196580,validation
1765734,validation
888746,train
602948,test
1291264,test
28846,validation
2222503,train
1234022,train
1241106,train
82762,train
1793468,validation
1114773,train
1039710,test
1162800,train
1628312,test
1007247,train
329113,train
20572,train
682594,validation
1646002,train
1226634,train
189286,train
2053887,train
731966,train
415863,train
318648,validation
1619203,validation
190905,train
694904,validation
1096930,train
1657154,validation
1194991,train
1874360,train
1866190,validation
1726496,test
1057763,train
951746,test
1742537,train
1842569,test
600230,train
25382,test
659640,train
1763690,validation
1301671,train
110675,train
2146480,validation
1308862,train
1277021,train
252182,train
1840471,train
1611630,train
698779,train
1040469,test
1865054,train
559690,train
169039,train
1129116,train
2238721,train
246738,train
300453,train
387747,train
1274934,validation
693885,test
1792166,train
151442,train
304769,train
1838985,train
1035155,train
500107,train
1940590,train
1936471,validation
1219668,train
2170198,test
341294,train
1337760,train
1917344,train
1767340,train
644317,test
195532,test
2199180,train
1689410,train
631204,train
986951,train
2126559,train
1732236,train
331430,test
353188,test
1266134,train
1855388,train
1619491,train
227353,train
1316534,test
346994,train
2146321,test
392719,test
691805,train
502510,train
1804168,train
88957,train
2038880,validation
2158717,test
2109975,validation
1308523,train
171029,validation
989887,test
1323110,test
1320606,train
332044,test
1698735,validation
2239275,train
1279104,train
1279901,test
1987081,test
1825499,test
1827517,train
1316410,train
249007,test
383317,validation
167722,train
1232574,validation
363101,train
1137314,train
972654,test
172425,validation
1174927,train
1827500,test
990021,train
2170512,train
1305323,train
1627666,validation
327135,train
1052548,train
175749,train
1098724,train
261161,train
1344734,train
1752644,train
1766293,validation
77340,train
1115158,test
298982,train
149948,train
2251122,validation
1771237,validation
2258742,train
1824732,train
1051075,train
1137577,test
161555,test
897633,train
1112968,train
108336,train
1234694,train
1017253,train
312262,validation
17398,train
1925219,train
1089668,train
1281620,validation
555798,validation
346956,train
93445,train
383699,validation
663279,test
1617392,test
1930487,validation
825196,validation
216843,train
1149214,test
1847921,test
1287352,train
2127151,train
2130719,train
415033,validation
1252589,test
289590,validation
970349,test
1195666,train
1000238,train
1636625,train
1877939,train
1984465,validation
1286620,validation
1026260,test
373377,validation
428501,test
1066442,train
1767473,validation
1888134,validation
2169227,validation
353068,validation
1620137,train
407713,test
1098955,train
1094930,validation
1001976,train
128598,train
1249062,validation
604192,train
220059,train
1875631,test
657831,train
1048837,validation
39262,train
993435,train
2231523,train
1780555,train
265379,train
1195271,train
1225457,train
53944,train
358421,test
294782,train
521814,validation
161939,train
405980,train
1965550,train
593726,train
315116,test
88931,test
1039090,test
156110,test
151747,train
1151412,train
1147396,train
2256970,test
1056726,train
320331,train
378732,train
1259996,train
1106776,test
2001251,test
257769,train
2162366,train
1983558,validation
578664,train
1087302,test
224850,train
11282,validation
1033610,train
32640,test
1314841,train
150808,test
2131289,train
343247,train
602770,test
2242993,test
1759072,train
204375,train
1766696,train
665767,test
1889051,train
1645164,test
1843425,train
448335,train
1822737,train
56441,train
452472,train
716862,train
1936393,test
1314383,train
1779417,train
2209488,validation
1815141,validation
11656,test
176390,train
1835340,test
1519367,test
1202386,train
1058687,validation
889028,train
1229925,train
1081451,train
1276703,train
1111901,validation
1837433,test
2101559,test
736769,validation
146042,train
943319,train
1904893,validation
71100,train
61347,train
1800354,train
42861,train
329710,test
2255832,test
933966,train
1072682,train
386863,train
383252,validation
587522,test
7667,validation
396559,train
1098360,train
74879,train
218001,train
1488123,test
675767,train
68496,validation
1696051,train
1001214,validation
1767316,validation
1811009,train
403516,train
1129616,train
1182874,train
162100,validation
701804,train
1615921,validation
1239892,train
1059268,test
1134010,train
1874344,train
2225806,train
2254127,test
1755364,train
1098744,train
1223886,train
2019230,train
1211594,validation
767089,train
1144974,test
379839,train
1810151,train
1183684,train
1152848,train
396919,test
873400,train
1290122,train
1259901,train
1048622,validation
448091,test
1235283,train
2235660,train
285739,validation
1043883,train
2255385,train
1261783,train
1757607,train
1306165,validation
1254222,train
935763,train
1172357,validation
1091441,train
47395,train
1009431,train
1502979,test
1765057,validation
1186530,train
303307,train
1247601,train
1673453,train
2222602,test
1948905,train
690680,train
36706,train
317782,validation
651264,test
1931322,validation
1807397,train
1305098,train
1783703,validation
1880900,test
1782400,validation
662531,train
1865421,validation
1159541,train
260921,test
1021526,test
48248,train
1137341,train
188581,train
184694,train
1305613,train
369311,train
23602,validation
96765,train
642439,train
1057393,train
1670114,train
401522,validation
1342889,train
2127343,train
975249,validation
1271131,train
59477,test
2235824,train
383755,train
718909,train
720386,validation
2215138,test
614294,train
1121679,train
1982763,validation
1122136,validation
1767132,train
1666826,train
2035969,train
383739,test
917210,train
373066,validation
1797139,train
1118969,train
1330692,validation
663679,test
1344036,test
1659152,train
217200,test
1925761,train
230058,train
368460,train
637331,train
1028257,train
991757,train
1477420,train
213175,train
337289,train
244433,train
1926023,train
1870701,test
613829,train
746086,train
2010709,validation
204729,validation
556621,train
210084,train
331722,train
563379,train
1645240,train
1893716,validation
1957229,test
958042,train
1993822,validation
1211127,test
81151,validation
1320592,train
1685417,train
1873208,train
730399,validation
112282,test
1880031,train
1089441,validation
1059950,train
878697,validation
1849114,train
1741557,train
417917,train
90179,validation
1524020,train
1011092,train
145630,test
1245601,validation
748168,train
239615,train
1529406,train
267769,train
1921989,validation
941486,train
2186442,train
1300915,validation
1030741,test
2158742,test
1349995,train
1341542,test
1084102,train
1209617,validation
1296337,test
694461,test
1810461,train
2008435,train
1288160,train
977291,validation
89246,train
1086643,test
1912606,train
1077442,test
2011695,train
308667,train
1218906,train
18758,train
968525,train
294424,test
1937199,train
2234270,test
588368,train
820794,train
177543,validation
2037383,train
1341507,train
1543430,train
1970339,train
1172566,train
1289995,validation
349702,validation
1026830,train
1727454,validation
36838,test
391457,train
125027,train
280026,train
1295675,train
900156,train
1242197,train
1900333,train
402236,train
1744520,train
297304,train
129513,test
1281290,train
708730,train
1325223,validation
892683,validation
985009,test
1136472,validation
30938,train
154864,train
1855923,train
1180699,test
62618,test
38882,validation
1991265,train
1789709,validation
16063,train
1051094,train
2012614,train
674655,validation
137151,test
445281,train
980793,test
1874305,validation
2197208,train
1761071,train
273285,train
729944,train
2024838,validation
319132,train
1124709,test
916358,test
591808,train
1823291,train
851973,validation
1843459,test
1294212,train
1807168,validation
2258016,train
1918469,test
1772592,train
1252996,train
1031014,train
1149230,train
1884870,train
1852048,train
2064291,train
1672195,validation
1233787,train
1514003,train
1251095,train
1830471,train
1873545,train
264986,validation
1276472,validation
203830,train
2030364,train
699362,train
1861182,train
995182,validation
6372,train
227783,test
63522,train
523885,test
348646,test
387919,train
663393,validation
458522,train
98809,test
1282017,train
1963216,train
498738,validation
178122,train
1164252,train
365675,test
1224046,train
2154288,train
122895,train
146312,train
92891,test
1128021,train
1344209,validation
288211,train
2126678,train
1084758,validation
1782909,train
104217,validation
25463,train
2071580,train
270601,test
250849,train
1963612,train
746279,test
177990,train
2053278,train
842701,train
385291,train
1792530,train
1633716,train
803388,train
1058782,test
1181004,train
1901915,train
1091432,validation
2206498,validation
1950036,train
215093,train
1195330,train
1876673,train
1085416,validation
1016900,train
507772,train
222881,train
1277198,test
1263215,train
1223928,train
2075097,train
1347033,train
125511,train
2152208,train
61104,train
1256862,train
336203,train
673652,train
1188636,validation
188433,train
235025,train
887062,train
1644473,validation
992778,test
1963994,train
496571,validation
1034611,train
548698,train
25012,validation
656865,test
2025149,train
1830320,train
1723218,validation
1973612,validation
654950,train
381190,validation
494667,train
400314,train
325814,test
1935148,train
1778094,train
1848055,test
1938979,train
241772,train
1663441,test
117340,train
1162265,validation
899764,train
1208227,test
616743,test
1745609,train
1241197,train
1799277,train
37057,train
399729,validation
1629323,validation
20502,validation
1111999,validation
411882,validation
181087,validation
355500,train
408129,test
1148415,test
1189583,train
580369,train
393806,train
1176585,validation
1230928,validation
1154734,test
705052,train
1855738,test
1165466,test
1673314,train
1305970,test
1793731,train
895122,train
194862,validation
21028,test
1661952,validation
477010,test
1048088,train
878104,validation
2171844,test
1742202,train
2077437,train
322070,train
2203744,train
1634232,validation
2038151,validation
96026,train
1105076,train
1012834,train
1196705,train
1701456,train
2178823,train
909502,train
2257259,train
2245540,train
1034271,validation
1303652,train
1044528,test
566109,test
2015597,test
528045,train
1867722,validation
1781572,train
2099616,test
1628175,train
1094441,validation
1334726,test
700187,test
1133462,train
46154,validation
2224463,validation
974235,train
1543117,train
355788,train
286344,test
1747194,train
996765,validation
1322399,test
146056,test
1333882,train
1176321,train
1344743,validation
295132,test
1068369,train
1845195,train
273802,validation
338839,validation
68309,test
1806611,validation
186625,train
1054498,train
1231803,train
1922241,validation
1222846,train
98731,train
120878,train
2054159,train
1897543,train
214822,test
283908,train
981108,validation
1270285,train
209960,train
203700,train
1916371,test
1032458,train
164679,validation
2023702,train
206713,train
1067887,validation
1088219,validation
371009,train
1330930,train
1296867,test
88230,train
963851,test
1240019,train
1895573,test
1079916,train
1019575,train
1803726,train
633065,train
1215097,train
1089188,validation
1176935,test
2251409,train
1861022,train
1914673,test
1061997,train
102350,train
1802168,train
132379,validation
1330289,test
1791447,train
615127,validation
344749,test
311078,train
1702107,test
1087340,test
1628344,train
691346,validation
983597,validation
218707,train
1248924,validation
1902719,validation
398060,train
1133832,train
46766,validation
1674293,train
1199279,train
1283998,train
272598,train
1348325,train
629834,train
1711691,train
153202,test
1342935,train
316183,test
663104,train
349305,train
17301,test
253879,train
1169799,train
244028,train
211491,validation
1385598,test
1918988,train
90425,train
2008148,train
408142,test
1811465,train
1215694,train
220701,train
95969,train
350597,train
1199217,train
1774185,validation
1662139,train
158474,train
259679,test
1626105,train
1258947,train
115303,test
293071,validation
982181,validation
1683157,train
1172575,train
1979341,train
1954523,test
1323455,train
400757,train
721055,train
41700,train
1620298,train
1342076,validation
1206585,train
1772014,train
883619,train
1081734,test
1944713,train
700990,train
2231998,validation
529873,train
1750766,test
1351521,train
1012759,test
179126,train
1670051,test
6345,validation
1867777,train
1014894,train
1895681,train
1197708,train
1803259,train
506578,train
608917,test
1217878,test
1628680,validation
1182881,test
2010369,test
890053,validation
1267840,test
1101788,validation
1052459,test
384207,test
1619293,train
16542,validation
2002186,validation
1149463,validation
1341730,test
320493,test
187891,validation
1751705,test
2133718,train
1291437,train
2184258,test
1667711,validation
364052,train
1504966,train
2207547,train
255956,validation
171654,train
239422,train
1318947,test
1908799,train
1330043,validation
1706473,train
1134434,train
1079796,train
873508,train
265882,train
185147,train
1171830,train
1344912,train
1795584,train
1913920,test
742797,train
1086681,test
236201,validation
1721509,test
298213,train
1128031,test
266693,test
1322923,validation
445188,validation
1251871,test
1783150,train
1834789,train
347731,validation
17678,test
200145,test
1758596,train
1632625,train
1022947,validation
1777828,validation
397805,train
309529,train
572447,train
137880,train
1786660,train
1724745,test
1102590,train
1497321,test
1619780,train
218358,validation
408727,train
2169729,train
265639,train
1773073,train
1911431,train
53670,train
1920967,train
1634113,validation
1407327,train
1800863,train
1152449,train
673647,validation
71297,train
270914,train
1151316,test
1881948,train
370680,train
1230283,train
74097,train
2180658,validation
918331,train
117207,train
1846801,train
2244122,train
1811363,train
1286517,validation
1982637,train
174252,train
1108897,train
666122,validation
335298,validation
615903,train
1707539,train
465579,train
362846,train
240731,test
11192,test
1140118,validation
1124111,validation
2030808,validation
1173958,train
77125,train
1690812,train
1612736,train
2034447,train
452621,train
1041543,test
1177017,test
300511,train
1581721,train
39277,test
2224291,validation
582840,validation
238482,train
728122,validation
338840,test
34312,test
1339160,train
1116960,validation
314159,validation
1783668,test
161213,train
289025,test
679355,train
1991289,validation
1316948,train
1945927,validation
1620979,train
405453,validation
1886361,train
1246954,train
929750,test
980412,train
263358,train
1563117,train
346857,train
2016089,validation
531355,train
1103754,train
1782970,validation
1747009,train
35347,train
42970,train
639773,train
1183430,train
369853,validation
1767795,test
170361,test
383729,test
1261998,validation
1198555,validation
684443,train
1320016,validation
1964955,train
429399,train
2171161,train
1110943,test
680750,test
29720,train
151449,train
418226,test
2183265,train
1037866,train
275387,train
737796,train
674036,train
404910,train
1853003,test
1858060,train
1922085,test
1805392,test
346598,train
1324057,train
652584,validation
695306,test
61953,train
2063122,test
918065,train
564865,validation
1066857,train
1639771,test
34075,train
977898,train
1995327,test
236455,train
312384,test
1693617,train
235499,train
507212,train
1194661,validation
1916618,test
112857,train
940719,train
2127332,train
1880594,validation
740456,train
1979542,test
1661288,train
711522,train
1108036,train
110655,test
232365,test
142896,validation
2023245,validation
686653,train
14395,train
1111601,train
590957,test
1908322,train
2178167,train
1992458,train
1182602,train
67086,train
1993916,test
339911,train
2088189,train
26780,train
4274,validation
1879672,train
554883,test
1228905,validation
546840,train
55727,train
123238,validation
325289,train
223238,test
1876220,validation
316808,validation
341463,train
478142,validation
1767295,train
1170694,train
2139316,train
1331826,train
1089599,train
1018338,train
86679,test
1819399,test
407279,validation
88783,test
180282,train
1977633,validation
1717639,train
931553,train
1945365,validation
1624618,train
2059085,train
188342,train
1816349,test
2200245,train
1582735,train
1970842,train
1812145,train
1266484,train
1985914,train
1232676,train
2197488,validation
260212,validation
2107138,train
1816407,test
2084505,test
1731935,train
674886,validation
972055,test
172583,train
498241,train
324510,train
1149384,test
1848438,train
78234,train
1211607,train
266083,validation
1107238,test
1020863,train
892016,test
1278647,train
105822,train
1321614,train
117234,validation
1759472,train
990819,train
1077848,train
734397,train
802163,train
43610,validation
1268049,train
378486,test
1176001,test
1139491,train
1650305,train
961464,test
1771448,train
1023057,train
562163,train
1022532,test
1154443,train
1632109,train
133429,train
1787427,train
1888981,test
71882,train
2167265,train
331149,validation
1089532,train
1644087,validation
1911153,train
1842695,train
1230159,train
1232704,train
147583,train
1802666,train
830977,validation
1176304,test
1862044,train
1524021,train
1041822,train
2011738,train
139938,train
654019,validation
1198506,train
614678,train
1077785,train
589707,validation
1944206,train
60148,train
984808,train
1798397,train
1221963,train
1158728,train
152314,train
307078,train
2032550,train
1177828,test
1895731,test
331056,train
1634819,train
1616284,train
1841618,train
746866,validation
379260,train
277560,train
1525742,train
20797,train
680246,train
164367,validation
377352,train
516387,test
1304166,train
980534,test
1121353,train
1962964,train
916869,test
78130,train
1104802,validation
1289485,train
117623,test
2039246,train
1233119,train
1876508,train
1670217,train
1785430,train
1867588,validation
1330088,validation
1611900,train
2128597,train
202246,test
12961,train
1153520,train
245517,test
653936,train
1113048,train
1715701,validation
325052,train
1313469,test
2221497,train
289023,train
1595399,train
1211709,train
63000,train
1832608,test
1620641,train
1333054,train
1193701,train
1315647,train
118779,train
1767326,test
174937,train
178180,test
1713336,validation
1352067,train
1241253,train
340018,test
1768806,train
2183712,test
1941946,train
338507,validation
2232710,test
231370,train
1213583,train
209933,train
413787,test
1202050,train
1085114,validation
1887749,validation
1907939,train
1870749,train
276633,train
1343473,train
1185747,train
239192,train
1292081,train
1911161,train
1271696,train
1122755,train
1740136,train
1332844,train
610739,test
1339329,train
1937939,test
1279679,test
738039,test
393212,train
1627105,validation
1954770,train
1939998,validation
2162724,train
43905,train
1111610,validation
157311,train
1666065,train
1930971,train
1746748,train
741810,validation
1545112,validation
1182568,train
1883173,test
465876,test
586210,train
1913324,train
1282372,train
1037584,train
945158,validation
990155,validation
1278911,train
126311,train
401688,test
279793,validation
741257,validation
1005191,validation
91892,train
1341899,test
1041088,train
1528140,train
404319,train
2041680,validation
43455,train
338658,validation
2249011,test
937004,train
1681899,validation
693695,train
1568887,train
1765994,test
388971,train
154176,test
1690991,train
59268,train
1485567,train
57011,train
1270721,validation
1984926,validation
52720,train
1120420,train
881949,train
1213771,train
229312,train
1190787,train
407224,train
113919,train
278615,train
1969414,train
1773359,train
1167765,test
1870559,train
1289032,train
1816347,train
1182398,test
1111588,train
251706,train
1668491,train
2189345,train
645188,test
261354,train
1914403,validation
1131235,train
136992,train
1809939,test
1296642,train
1819190,train
978408,test
13312,train
1279325,train
1918047,train
148748,test
1181289,validation
1843598,train
269481,test
1776484,test
1044025,train
1293960,train
1476214,train
908528,train
575521,train
1144320,validation
1892385,train
753082,train
1021866,validation
1994493,train
1905150,train
165013,validation
2216761,train
1115730,train
1942470,train
2030157,validation
2108407,train
2901,train
1775042,test
412222,train
648082,train
1240838,test
1777,validation
1805579,train
1190707,train
1094895,validation
111542,train
561186,test
671566,train
1011297,test
1239998,validation
99914,test
1694152,test
695301,validation
1861114,validation
1937944,train
1232474,train
276941,test
1813040,train
676051,train
345843,train
723226,train
709295,train
1212616,test
1112388,test
1164090,train
1017859,train
1314162,train
1760743,train
357234,train
1056524,validation
1051207,train
1757318,validation
563963,validation
1254721,test
1292010,train
1261091,test
658117,train
2046280,test
203330,train
1773238,train
2252013,train
215403,validation
1164326,train
1102471,train
562335,test
653131,validation
1096208,train
2013684,train
1070921,test
1752855,test
1713692,train
1858537,validation
1109290,train
1071113,train
383880,train
679288,validation
1886817,train
2210427,test
129209,train
984216,train
992460,train
32823,test
1635559,validation
1802375,validation
60188,train
1832521,train
1791755,test
23346,test
244069,test
2193689,train
1056174,train
460140,train
363703,train
365654,train
1314227,validation
1270193,test
1912451,train
1890506,train
172166,test
32473,validation
2040134,train
651238,train
1016668,validation
2026852,validation
1044918,test
2032672,train
1096646,validation
1927474,test
363998,test
283159,train
367261,validation
1612219,test
135364,test
1542668,validation
746351,train
376587,validation
1822170,validation
393449,train
1256758,validation
703420,validation
1709238,train
363834,train
121975,test
1283760,validation
263191,validation
1502095,test
1224865,train
713664,test
1185562,validation
373790,train
739854,train
714246,train
1146948,train
156657,train
517495,train
1133235,validation
1794049,train
1948267,validation
698698,validation
246875,train
745124,train
2244347,test
1891340,validation
2154452,train
105218,train
914960,validation
1312943,test
2025140,train
569651,train
242293,validation
554767,train
1806994,test
1271199,validation
445673,train
120665,validation
203600,test
1051291,train
1312986,test
1244199,test
1891942,test
1811381,test
2079881,validation
74581,train
1756241,test
384828,train
347348,train
43583,test
1887313,train
1029534,train
1608104,train
1797118,validation
1498828,test
86870,train
549944,validation
1746880,validation
1114913,train
1303246,train
164233,test
919296,train
1987912,validation
2000928,train
1071582,train
5413,validation
1174185,train
388489,train
741965,train
106381,train
1896642,train
1000757,train
272965,validation
142569,train
839066,validation
1978540,validation
1340036,train
1594696,test
1326803,test
1622909,validation
335684,validation
1226098,train
951760,train
1764929,train
1038188,test
1869282,validation
241726,test
397029,test
1820117,train
12930,train
327239,train
904984,train
1889924,train
1198109,validation
33470,train
1674568,validation
279189,validation
1906407,validation
2142704,train
411183,validation
1193434,test
1093543,validation
1349944,train
1138645,train
1806479,train
520807,train
1905159,train
169575,train
1225296,train
526476,train
1168242,test
64386,train
177415,train
546279,test
1698672,test
1295274,train
1646217,train
1977741,train
94480,train
1682442,train
273289,train
1003861,validation
1229257,train
1893016,train
1211545,train
1867996,test
1329524,train
1685274,validation
1246842,train
1273969,train
1632634,test
1044054,test
1758365,train
228031,train
2205803,train
43738,train
1874932,validation
529655,train
1067730,train
1635158,validation
1106501,train
1888794,test
1956227,test
2184886,train
1319466,train
1133041,validation
1848589,train
158838,train
2004261,test
1258769,train
722641,train
398498,train
158957,train
1038420,train
215777,train
1934767,train
263836,train
407516,validation
69928,train
1134730,train
662480,train
1649744,test
266327,train
1500414,validation
1815275,train
106480,test
979772,train
1995271,test
672529,test
1096483,train
2194030,validation
1338801,validation
1111087,train
1817151,train
140853,train
692648,train
83601,train
267353,train
2027476,train
1078826,train
1061564,validation
64557,train
1618170,test
1300985,train
1204847,test
715012,train
336578,train
1965361,train
1331642,train
534623,train
2088242,train
1922909,train
1694511,validation
1038913,train
185999,test
940490,train
994454,train
1037879,validation
1065180,test
1310425,train
1541310,test
1245629,test
166307,train
190576,train
1107560,train
183649,train
1707091,test
1915297,validation
1691731,test
2210466,train
1770397,test
1905837,validation
1753697,train
1102692,train
1052725,train
1616450,test
912222,train
1833664,test
1796672,train
1834854,validation
1440135,train
263027,train
1295671,test
878164,validation
144574,train
84391,train
2221894,train
374747,train
34369,train
94852,train
88268,train
1329322,train
2064759,test
306653,validation
1878816,train
1526520,test
14933,validation
1084526,validation
1069365,train
1145629,train
1880214,train
1874041,train
189247,train
1089922,validation
1124945,train
1141467,test
1167144,train
375086,validation
33261,train
746015,test
341907,train
2240537,train
184012,train
1509981,train
369341,train
260028,validation
1900145,train
2186409,train
1023537,validation
888671,test
1740766,train
192313,train
21607,train
1225833,train
466492,validation
892362,validation
1025263,validation
1863531,test
320840,train
395316,train
301634,train
117481,validation
1342209,test
1312243,test
1625054,test
247622,train
267852,test
1813770,train
1014287,test
1345064,test
740007,train
648982,train
66825,test
367958,train
551180,train
1839837,test
1792952,train
1779571,train
2242360,test
1255836,test
1115913,train
1347649,test
1166686,train
239841,train
1238626,validation
98370,train
332996,train
1846582,validation
1142472,train
1836622,train
27270,train
1016162,train
2197008,test
744671,test
1767665,train
178819,validation
1787723,train
1211341,train
2039202,train
154475,train
1852049,train
426666,train
29265,train
396068,train
354029,validation
577486,train
1086353,validation
1817749,train
2181642,validation
55696,test
356101,validation
1101483,validation
1344176,train
94772,train
228900,train
1802217,train
1316135,train
1858628,test
1639019,test
118296,train
1149150,test
878027,train
1189550,train
1036621,train
1311892,train
150889,test
1786405,test
2252015,validation
1818777,train
1123608,train
1341919,train
1128282,test
2109930,train
320103,train
2072638,train
1719346,validation
1935659,validation
1257694,train
611200,train
1638709,test
1288904,train
988556,test
734024,train
164168,validation
639777,train
1854474,train
1774474,test
1270527,train
703110,validation
134554,train
1323454,test
1862061,train
1040500,test
134794,train
222990,train
2253526,test
283128,train
1063925,validation
1163901,test
961624,train
1805317,train
1056165,train
1845465,train
2222723,train
645935,validation
2172016,train
2125132,test
126288,validation
1603123,train
674703,validation
606739,test
533476,train
1123123,test
1987835,validation
1229977,test
1301152,train
1314192,validation
1191607,test
1238753,validation
1708330,train
22691,train
1299827,train
1194940,validation
172848,test
1826757,test
1645630,train
148651,validation
1058370,validation
1777085,validation
1244648,train
329688,train
1893944,train
1919260,train
1877520,validation
1914815,test
245699,test
1110442,train
2184905,train
1217536,train
1348145,validation
2035295,test
1175624,test
59428,train
1931128,train
676727,test
1080228,test
257281,validation
639759,train
1916251,train
1691030,test
1308997,train
1630862,train
361040,validation
268331,train
1776301,validation
300317,validation
1751221,train
1688964,train
474617,test
1613243,train
124700,train
1117493,validation
1688391,train
481381,test
892058,test
1918840,test
572258,train
648912,train
11750,train
912103,test
1169727,train
63940,validation
1757128,train
308033,test
1240518,validation
2243156,train
1177831,train
287305,train
1205650,train
1785046,validation
279033,test
1851719,validation
483763,train
1257633,train
42384,train
611684,train
1858165,test
2171948,train
832004,validation
142063,train
582303,train
1231152,test
1867914,test
260578,train
160783,train
1262814,train
280040,train
327992,train
1765002,train
444271,validation
1153117,train
1266957,train
1889407,test
1916423,validation
241123,train
1774641,train
271938,validation
406094,train
2207711,train
1186502,train
385662,train
171098,train
1225846,train
32380,train
303331,validation
1316956,test
276567,validation
1775423,train
2316,validation
621066,train
994253,train
1782087,test
1005293,validation
1110548,train
987343,validation
1346616,train
2109820,validation
198693,validation
1811197,test
733910,train
320590,validation
1623749,train
1551193,train
1770479,train
965898,train
689627,train
1776796,validation
1937282,train
306100,validation
219678,train
1563877,train
1247160,test
1856619,test
963315,test
1722493,train
608259,test
717321,train
1236962,test
3461,train
1795567,train
902868,train
175207,train
1347837,test
345687,test
1483489,validation
1198667,train
1115822,validation
1888750,train
255018,test
1207141,train
703713,train
1561295,train
1809713,train
990324,train
1141119,train
732610,train
1125763,train
887323,train
1027099,train
1627766,train
9968,validation
1772695,validation
1082466,validation
1035865,validation
802736,test
1408633,train
1223425,train
1259683,train
1242762,test
1128268,train
340236,train
1232974,test
1195525,validation
308543,test
1950728,train
2168073,test
359403,train
105845,train
2248410,train
1832008,train
1923614,train
667116,test
78915,test
1090029,test
2001404,train
245220,validation
273359,train
1072254,train
2111841,train
1222203,train
326823,train
1612928,train
209214,train
1168640,train
2226057,validation
2232737,train
1644414,validation
266193,test
68057,validation
640642,test
1583950,test
2174880,train
1198764,train
603873,validation
266232,test
1632454,test
1792324,train
743305,train
1343476,test
653605,train
293033,test
282236,train
356528,train
1765882,validation
604676,train
1287561,train
90449,train
416961,train
342618,train
1042603,train
392471,validation
2179541,train
1526383,train
1280055,train
1220754,validation
1965695,train
1780270,train
1978532,train
141665,train
687581,test
2188214,train
1613926,train
1302296,train
196406,train
20796,train
1263267,train
1244916,train
1535173,validation
1704067,validation
1768152,validation
1029994,test
1055546,train
983905,train
538300,train
1785480,train
403616,test
2011109,train
1851891,train
1040123,test
409958,train
379339,train
1298101,validation
1182685,train
2205254,validation
1755293,validation
289836,train
1294100,test
1895299,train
1829634,train
1641580,train
1309684,test
1637545,train
1864236,validation
1119734,train
416918,validation
2156572,train
28376,train
1326900,train
1193769,train
1740387,test
374702,test
812608,test
718501,test
298455,train
2207633,validation
1979721,validation
1862102,validation
1177240,train
1862780,test
435202,test
926831,test
710615,train
1669770,train
1128770,train
1641692,validation
1226376,train
109134,train
408533,validation
1129879,train
350812,train
1035462,validation
1762146,test
1088682,test
1887273,train
80193,train
172144,train
28794,validation
2249528,test
119647,train
108490,train
1910930,test
1802465,train
1908411,train
878011,train
1345582,train
1087903,train
574111,train
384119,train
1782974,test
1058759,train
1278286,train
351446,train
1063143,test
910711,train
276700,train
1931135,train
2042497,train
77234,train
403813,train
1254398,validation
1096715,train
601029,test
1311744,validation
902757,validation
1254477,test
1917391,train
1855001,train
87010,validation
714119,test
2251655,test
1115728,train
1841832,train
1189631,test
743351,train
1793283,train
1243305,train
1989760,train
642003,test
1267332,train
1091802,train
1088483,train
1059952,validation
968632,test
1508657,test
218628,train
1051328,test
1900462,train
1142670,train
960449,train
1842801,test
1315679,train
1992280,test
2089075,train
1077245,test
2188820,validation
252377,train
1067543,train
2207807,train
1027266,validation
2022470,train
1675365,test
229168,train
1245772,train
1619062,test
191588,train
101624,train
1555708,train
40867,train
596247,train
125143,train
1084598,train
179926,train
927561,train
1191964,validation
1269926,test
1938747,train
1693238,train
1909385,train
2226615,test
2151043,validation
1254966,train
1913308,train
94926,train
1505710,train
1800843,test
2119277,train
890736,train
1643660,train
14730,train
1630339,validation
1140233,train
1182785,train
214274,validation
79763,validation
687355,validation
2046554,train
921205,validation
1079129,validation
1918337,train
1901093,train
113976,train
302801,train
1050640,train
356983,test
1938566,test
1167543,train
2158306,test
352324,train
484818,validation
1344841,validation
1230189,train
1148605,train
1875141,train
1799689,train
180131,test
1174156,train
839694,train
308071,test
1248818,validation
1615020,train
745787,train
357071,train
249752,train
992236,train
1340377,train
1174245,train
250879,train
971948,test
1757998,test
2861,train
419622,train
1202044,validation
43291,train
1313584,validation
2202756,train
30432,train
2259381,train
2202496,train
1152422,test
1614953,train
85684,test
187561,train
1249639,test
1185537,validation
1699033,train
949688,test
1525329,train
3981,validation
2215307,train
487995,train
383481,train
1252742,train
1809430,train
1123957,train
1700897,test
1225541,train
1072642,train
309495,train
1834265,train
1793506,test
2231653,test
1290416,train
1012724,train
630816,train
1697233,validation
1853986,train
1904317,train
1336884,validation
1810736,train
190860,test
243426,train
411660,train
163762,train
181482,test
1132330,train
1995343,test
1618600,validation
279203,train
1070960,test
261199,test
340001,train
1660447,train
1080523,validation
2181022,validation
218862,train
117538,validation
1217831,train
1910331,test
1184175,train
2221735,train
2202697,validation
1903584,validation
192395,train
1304434,train
2228918,validation
321742,train
339189,train
1858980,test
744853,test
103350,train
304586,validation
706314,train
1614785,validation
2091407,train
2185759,test
1641109,train
929088,train
326425,train
1156099,validation
1989115,train
1088686,train
725418,test
226548,train
1336758,train
1048308,test
2077751,train
320843,train
2005706,train
1785905,train
701075,train
1632638,train
153410,test
1759192,test
100722,test
193015,test
33922,test
1094632,test
1313666,train
2108962,train
301244,train
1879392,train
172853,train
1340787,test
230364,train
1282752,train
548647,validation
1246270,train
1006204,train
2022588,train
1826553,train
1334580,train
383284,train
1242297,train
1282167,train
310076,train
56787,train
1032325,train
1921440,train
288883,train
177842,train
1064787,test
1816125,test
1214433,train
1146879,train
1181877,test
1288954,train
661345,train
835749,validation
1038425,train
192601,test
2246545,train
1318030,train
1339258,train
927,validation
1090947,test
1197179,train
630549,validation
79764,test
321345,test
112459,train
399339,validation
1790222,train
1244527,train
1352458,validation
1637004,validation
1039421,train
2218162,validation
52751,train
1877744,test
154759,test
963138,validation
1022024,validation
1136251,train
1007787,validation
915704,train
318442,validation
345417,validation
908737,train
492505,train
127267,test
1904087,train
1917342,test
2155769,validation
302140,validation
1615852,test
1771724,train
1037230,train
1171199,validation
1534341,train
252149,validation
378996,train
322862,train
715628,train
1852998,test
1133242,train
1765782,train
785795,validation
1905501,train
304120,train
2068762,train
1152040,test
2174070,train
1757144,train
265625,train
2165840,train
974873,train
736591,validation
1199524,train
1156132,train
929267,train
1958073,train
1107908,test
1492282,test
891654,test
30671,test
709860,validation
157734,validation
19238,train
1624790,train
1925801,train
244595,train
1771418,train
406686,train
2017690,test
1227092,validation
342664,test
149390,validation
1922161,train
711052,validation
1624704,validation
1824577,test
438315,train
1282652,test
1902777,train
1350018,train
1329684,train
1061555,train
579242,train
1923807,train
1099576,train
169614,train
1950548,train
1747200,validation
178424,train
390463,train
313130,validation
1924570,validation
342656,train
1189331,train
175247,validation
299793,train
1264355,train
294094,train
1243211,validation
407732,test
1821214,train
2068017,validation
1252924,validation
1307790,train
1112286,validation
1788105,test
1159254,test
224432,train
1815537,validation
12596,train
677052,train
345228,train
126800,train
414276,train
1337650,train
1348736,train
2228304,train
727960,train
1054976,train
1803169,train
717938,validation
694238,validation
1141454,validation
1911633,test
1828364,train
1325446,train
1216840,train
1886017,validation
378931,test
98694,train
1155801,train
1316569,test
1628503,train
2136976,train
1016521,train
2188327,test
494841,train
1199259,train
289795,validation
2248954,train
1068241,train
53133,train
1627400,test
322879,validation
245835,train
391332,train
1763653,train
985112,validation
1895216,train
98917,validation
1804533,train
1920659,test
2032051,train
1641879,train
1086434,test
2161309,train
727593,train
1663249,train
1386675,train
542513,train
1750901,train
1939729,test
176117,train
250645,validation
943911,train
1255147,validation
420881,train
1613288,train
1794562,train
668964,train
46957,train
1042129,train
1893734,train
275897,train
170718,train
1540760,train
308023,test
242129,train
123820,train
1340089,train
2195032,train
77889,train
1628837,train
1281331,train
2255166,validation
1226859,test
1967755,train
1992576,train
692349,train
904680,train
2016150,validation
1169471,test
1845724,validation
508909,train
1322630,train
1334450,test
354037,train
872550,train
2061000,test
1254437,train
2240249,train
1157207,train
227457,train
1639363,train
35343,train
1230451,train
1858974,validation
151836,train
88100,validation
1623892,train
676109,train
1307090,train
1818576,validation
106044,train
859864,train
2206655,train
1333244,train
1319410,train
1143197,validation
1309588,train
197890,train
624734,train
394767,validation
187578,train
179981,test
1061946,train
537086,train
150193,train
1635752,validation
127316,train
268981,validation
1913231,train
1852904,train
199181,validation
1344259,test
1138764,validation
1837232,train
704721,test
214362,train
627352,train
1300972,train
1045890,train
235592,train
352683,test
671194,train
16584,train
1228892,train
1937226,train
1280065,train
950765,validation
1079558,train
94634,train
326086,train
415957,test
2102449,validation
564472,validation
91336,test
1335559,train
1629986,validation
162758,validation
1012097,train
1227782,validation
1236748,train
2136988,train
1908851,validation
392899,validation
1278849,train
1705691,train
159702,train
1676289,train
935729,train
1922624,test
931160,train
379913,test
1283413,train
1924137,test
1846525,train
19219,test
130738,test
623623,validation
1303449,train
161784,test
1738087,train
1888950,test
1216633,test
1824757,train
43819,train
586075,train
2062342,test
1174917,test
623655,train
1299081,train
1781018,test
201041,train
56553,validation
737220,train
1191228,test
1914927,validation
1017625,train
2013798,test
901473,train
1985176,test
268643,train
1701434,train
1010244,train
1135110,train
2064779,train
1247035,train
2201991,validation
1268621,train
1612207,validation
549182,train
1057359,train
1303701,test
1184467,validation
1752732,train
274704,train
1718862,train
1884569,test
399293,test
1103181,train
1784721,train
296424,train
5387,train
7578,train
970214,train
2011589,test
2116642,validation
299039,test
1210829,validation
320245,test
243108,test
205903,train
690372,test
337856,validation
1125892,validation
699751,train
1838468,train
60018,train
272680,train
1985685,train
145798,test
509862,test
1906555,validation
1144788,test
17700,test
252780,test
1625668,train
1783013,train
379917,test
199569,train
172304,train
171130,validation
188614,validation
966020,train
674776,train
114974,train
1325445,train
1861146,train
1292934,test
1199048,validation
2217161,train
1896980,train
548139,train
1064235,train
1812231,test
1334771,train
85509,train
682655,validation
1875272,train
201398,train
1274241,validation
404082,train
1128540,train
87641,train
154104,train
1222655,train
892974,test
321740,test
215623,train
384235,test
1631923,validation
878356,test
2201002,train
1332345,test
1775836,train
636096,validation
415764,train
1991782,validation
1063334,test
1095748,train
959198,train
355157,validation
554511,train
1750695,validation
1924047,train
374273,train
366816,validation
216072,train
741716,train
1905241,train
690280,train
1451008,train
1344653,test
722841,train
1717205,test
120156,test
378691,train
19677,test
286595,train
287611,validation
1887086,train
574204,train
773630,train
310089,train
599741,train
1777898,train
1959160,validation
265614,validation
275518,train
1219689,train
1174145,train
1133551,validation
1008828,test
347532,test
1944439,train
1162067,test
1787724,validation
1197361,train
228647,validation
51872,validation
2175784,train
2001983,test
1055216,train
502950,train
1885547,train
1190092,validation
937575,train
2034236,test
1915260,train
1308397,train
1731624,validation
1088266,train
61666,train
26178,train
550018,train
634073,test
70417,test
102069,test
320504,train
1279631,train
269120,train
1906644,test
187723,test
359177,validation
1118310,train
2160817,validation
641299,validation
1310554,validation
1348654,train
1872183,validation
37821,train
2224238,train
2208806,train
2029158,test
1754109,train
1224005,train
206699,train
344003,test
627627,validation
1092807,train
1276948,validation
993078,test
766030,validation
737219,train
1772977,train
99701,test
1302818,train
1306840,train
221225,train
1252093,validation
35931,train
39093,train
2250740,train
1769504,train
2219747,validation
1822877,validation
1866154,train
1242272,train
1042472,train
1946553,train
27209,train
1858069,train
1350358,validation
1194365,validation
2028730,validation
348941,train
1317862,train
2171997,validation
103917,test
1865464,train
72434,train
1999996,test
51777,train
1954032,train
1686638,train
1907401,validation
731150,train
538353,train
1159579,train
1654657,train
274960,train
1578765,validation
275505,train
1292677,train
1896910,train
1987477,test
1248773,train
371940,train
260219,train
159524,train
1980634,test
354771,train
1091392,validation
371002,train
152850,validation
121125,train
2105141,validation
1050799,test
1337430,train
1203916,test
1078218,train
1838708,train
1240448,train
895406,test
1868016,train
2222568,train
1342571,train
402717,validation
1629974,validation
1896133,test
1083412,train
328545,validation
879165,test
186900,test
929376,train
1341441,train
741460,train
1855834,train
1734103,validation
1804528,train
1975396,train
1332005,train
635751,validation
529882,train
380547,test
1340501,train
96136,test
83108,test
1579234,train
625583,train
1927061,test
217510,train
152916,train
1117828,train
230226,train
334723,train
1016070,train
1876703,train
446347,train
381712,test
1807640,validation
2174872,train
49244,train
408158,test
479400,test
1147235,test
990605,train
176975,test
1811443,train
2036934,test
993343,validation
1087709,validation
1243399,test
159326,train
887219,train
1098801,test
1801575,train
1197745,train
1926707,train
2255961,validation
909527,test
1799944,train
1193992,train
604829,validation
2108027,train
1834525,test
1645900,train
1072066,train
1112359,train
1249665,train
1096233,train
1739492,test
2214336,train
267300,train
1025039,train
891458,test
2181295,train
736860,train
1284133,train
328842,validation
1709512,train
1298860,test
882283,validation
388617,train
994123,train
601871,test
2101951,train
1842117,test
1920912,validation
52330,validation
727107,train
1280380,train
1257131,train
523806,train
1093450,test
1643874,train
1923222,train
1446646,validation
342494,validation
1293457,test
1672729,validation
134230,test
188874,validation
1791422,test
1634068,train
1180507,test
322297,train
1112210,validation
1130626,train
1797887,validation
706550,train
1335125,validation
677809,validation
290124,train
1236886,train
1579602,test
1933314,train
1239623,validation
37528,test
32246,test
1133090,test
129617,train
84173,train
1313435,test
953907,train
329647,train
1233140,validation
336506,train
1804896,test
1339102,train
1158054,test
1746391,test
124109,test
596956,train
1865116,validation
1297869,train
725347,train
968564,train
2195604,train
304299,train
361293,train
1311162,validation
1819211,train
380571,train
724713,validation
1613022,validation
61594,validation
89789,test
1176371,validation
107474,validation
2087509,train
1754537,train
986793,train
656629,train
1902521,validation
1164022,train
1198222,train
1021320,train
1893342,train
1276430,test
328053,train
964425,validation
747458,train
1857073,train
1837632,train
1306899,validation
1750376,train
1270811,train
698908,validation
1082881,test
1046349,train
1782313,test
511817,validation
416764,validation
530938,test
111670,train
2166415,train
183539,train
2252951,test
2195628,train
209415,train
1929903,train
1066439,validation
1086418,validation
1092825,train
981410,validation
1097503,train
1300895,train
2034248,train
723669,train
1339309,validation
1615948,train
695455,train
1278429,train
984147,validation
2131045,train
263362,train
1153199,train
2220969,train
1769090,train
1258270,test
237362,validation
1194650,train
338861,train
2164129,validation
131138,validation
335535,train
1338639,test
2076040,train
2240888,train
1116442,test
1812377,test
1239223,train
383879,train
1901268,train
404750,train
1026832,test
1883456,validation
323981,validation
2139972,validation
657394,validation
37231,train
1803124,test
300282,test
709867,train
143576,test
916794,train
1201560,validation
1027524,validation
1912622,train
1679717,validation
536942,train
1894996,train
270858,train
80466,train
210905,train
420722,validation
1162753,train
1809876,validation
2237796,train
366675,train
1705910,train
1237493,train
1231417,train
1815861,validation
1843029,test
990932,train
1840004,validation
714817,train
336528,validation
1988294,train
1812360,train
169033,validation
69181,train
384214,train
653317,train
1876752,train
31745,train
33362,train
655639,validation
1623911,test
1214081,train
547206,train
21093,train
213743,train
240283,train
1337147,train
1775489,train
1108920,train
1268231,test
1279227,train
727023,validation
131184,train
166527,train
1119672,train
54198,train
1243878,train
1174860,test
1041869,train
499067,train
53662,test
557695,test
1160153,train
24168,train
1291535,test
1927236,train
413889,train
1639888,test
902182,train
1840444,train
931183,train
1970093,train
726949,test
1095914,test
1206780,train
1125830,train
44972,test
222997,validation
214428,train
1721576,train
45143,train
92196,train
536282,validation
1265524,train
90469,train
729976,train
1825818,train
2216905,test
997740,test
1634976,train
2171118,train
234518,validation
798497,validation
1858203,train
1103694,train
1283699,train
56362,train
1052237,train
1260451,test
1026877,train
172109,validation
2081373,train
718518,train
590625,train
2200906,validation
1787400,test
1104692,validation
735188,validation
1226467,train
1010757,validation
1199085,train
358214,train
287931,train
356973,test
186524,train
1867178,train
326640,test
161840,test
1176022,train
44559,train
1321383,validation
316521,validation
2167332,test
2079151,train
344745,test
1817884,test
285736,train
1914895,validation
2115662,train
2214980,train
2186114,train
652166,train
1351311,validation
11801,train
1196413,train
1872641,validation
742274,train
1808358,train
8828,train
1147778,train
201492,train
265031,validation
26457,test
139070,train
1762870,validation
1065522,train
1305950,train
112047,test
1323848,train
1573698,test
246965,train
1225634,train
24807,test
1145628,train
364201,test
998706,train
1865320,train
345910,train
55790,validation
1182294,train
1473706,train
87484,test
1843488,train
44431,test
191629,train
1345848,train
419658,train
1238305,train
1057891,train
2097003,train
1138670,train
1095917,train
1900531,train
1997846,validation
325587,train
1864878,train
638608,train
1332940,train
888438,train
706585,train
1879564,train
1773508,train
276604,train
645589,train
1759092,validation
664185,train
393382,test
1886035,train
1232736,train
261146,train
403692,test
1827484,validation
1277385,train
229178,test
1782074,train
1186396,test
1964822,train
1893031,test
2203732,train
229261,train
1581103,test
1248610,train
2238203,validation
307154,train
13628,train
1328223,train
1287751,train
1159580,train
49608,test
1194344,test
393901,train
233896,train
1962768,train
149966,train
2248680,test
930367,validation
367456,train
1271543,validation
1728203,test
340631,validation
948028,train
162118,validation
1924703,train
1771568,train
1613106,train
152252,validation
1350975,train
2041883,train
1136528,test
2201444,validation
246894,train
1326215,validation
194029,train
373574,validation
2235661,test
63983,train
376031,validation
405890,train
1991025,train
631877,train
707676,train
1957910,test
719715,test
144943,train
1253700,train
614720,validation
1774500,train
1856438,validation
1270171,train
251528,train
1803644,train
84142,train
947933,test
909074,train
25534,test
1326121,train
634926,train
1226909,train
695392,train
123244,test
235604,train
1924313,train
2196754,validation
1489838,train
1314934,train
126430,validation
1819445,train
1938736,test
510417,train
2226499,train
1809224,train
1101420,train
550595,train
1624656,train
179681,train
1085385,test
1768592,train
1719638,test
1168560,validation
638097,validation
1334596,test
1042884,test
47552,train
276264,train
139654,validation
1925325,train
1724813,train
2085588,validation
1837342,train
84729,validation
2213023,validation
166932,validation
1986956,test
1765115,test
532268,train
2234651,test
1895222,train
1296656,train
51616,train
55680,train
1713317,train
7405,validation
294280,train
377282,validation
2111168,train
1321192,validation
1027643,test
1823763,train
2103662,validation
1943807,train
62859,test
1642785,validation
136059,train
54953,test
1296749,train
59415,test
1710652,train
1206444,test
1080169,test
2259948,test
1210318,train
1070135,train
1282894,train
53916,train
123069,train
148611,train
244319,validation
401887,test
477548,validation
1881452,train
678197,train
273406,validation
62326,test
199637,test
297801,train
315653,test
1665430,train
1342344,validation
112594,validation
1647536,train
1271514,train
1835121,validation
1800918,train
1175191,train
1053878,train
1013877,test
1680569,train
1612684,test
673841,train
1944701,validation
1947576,train
697943,train
280466,train
2234871,validation
1279902,train
172856,train
164394,validation
1536672,train
1120435,train
1801376,train
1849946,test
2067776,train
554068,test
635849,train
496664,test
1802647,train
1815005,train
2109131,validation
1217299,train
1657838,train
1779576,train
1284862,train
1139683,train
1289661,train
1534932,train
2206412,test
21188,train
1727704,test
1036893,test
1039679,train
408139,test
380419,train
1299202,validation
736691,train
1833787,validation
366188,validation
296697,train
595849,validation
1934391,train
302280,validation
1621199,train
1052622,train
977530,train
1820951,test
713003,test
1009468,validation
146436,train
768360,test
1795293,validation
59322,test
1293077,test
1325240,train
1273549,train
1139695,validation
1671866,train
500335,train
638583,train
225952,train
1098382,train
2193028,validation
371688,train
99947,train
19973,train
2189834,train
1417193,train
731816,train
665333,train
206596,train
342521,train
1338923,train
1304100,train
2101646,train
1209564,train
368720,train
1951375,train
1011609,train
1144076,validation
1188497,train
1177422,test
82227,validation
1983969,train
139871,train
1070048,train
335440,train
1908717,validation
273101,train
920682,train
1221645,validation
996004,validation
144346,test
38188,validation
1099751,train
278249,test
1040978,validation
1105736,train
2153451,test
91790,train
1873600,train
2245205,train
229065,train
218992,train
118888,train
701608,test
1256807,test
1156935,test
230285,validation
990725,test
911561,train
95609,train
939880,train
1860588,test
2000154,validation
299683,train
1754365,train
1915978,train
588844,train
1073811,train
466111,validation
1352460,validation
675761,train
2034939,validation
199872,train
1068629,validation
1908770,test
320014,train
1215141,train
302055,test
1857741,train
2055741,validation
709531,validation
643796,validation
253331,train
318335,train
969961,train
1325056,test
386171,train
1157604,train
1049491,validation
1824187,train
986140,test
1279513,train
1943230,train
2191691,train
913520,validation
1533242,test
542364,train
1823191,validation
2003028,validation
12045,validation
1108410,test
650698,test
12580,validation
1914656,train
42069,train
1500132,train
411410,train
1121466,test
1070527,train
2244375,train
1287927,validation
1949783,test
1642874,train
1573936,validation
594535,test
1105364,train
242023,train
557806,train
1176002,train
922688,train
1502520,test
1911121,train
89906,train
319996,validation
170327,train
133488,validation
1845690,train
133693,train
989633,test
996721,train
217784,test
1221194,train
1302368,validation
2189251,validation
1326386,train
1143578,train
1181696,train
374246,train
2186325,test
403378,test
660594,train
642430,validation
1266194,test
1995510,train
1340652,train
2179491,test
1270713,test
674329,train
331297,validation
1113520,train
62054,validation
1989499,train
1308979,validation
1782955,train
1810341,validation
1346920,test
1004578,train
1782120,train
1806182,train
776841,validation
302952,train
975535,validation
260835,train
1116535,train
1787856,validation
2080110,train
103795,train
1126930,train
758859,test
222137,train
1162504,train
141846,train
1189419,train
342706,train
1898664,validation
1164065,test
1793765,validation
1683615,test
1128860,train
1072369,train
1133820,train
714568,train
899766,validation
1979541,train
169422,validation
1301074,train
1824752,train
105798,train
300344,train
2208310,train
543332,train
1070239,train
1211273,train
232254,train
893014,train
270297,validation
1312248,train
438236,train
270788,train
1066394,train
1703060,validation
48580,train
1972368,train
1078344,train
1792002,train
22615,train
1956029,train
1912030,train
1891221,test
288918,train
295993,validation
1260934,train
1920858,test
53224,train
242310,train
59010,validation
1710295,validation
85734,train
150287,train
51547,train
1226281,train
2116601,validation
2106707,test
321729,test
2252257,train
10997,train
157082,train
416733,validation
507380,train
406460,test
1007980,train
1624126,test
1845930,train
2227092,train
882461,train
2204063,train
1925437,train
476713,train
285251,train
1932746,train
1182735,validation
2232784,train
612107,validation
1779991,train
1823180,train
193063,test
680727,validation
205086,train
84492,train
785,train
28271,train
222056,train
237247,validation
376191,train
1951249,train
1132931,train
311881,train
657519,train
1830652,test
1927743,train
454602,train
1985134,test
1321975,train
358414,test
1641986,train
557834,validation
33671,validation
1771256,train
1297451,validation
275584,train
1238060,train
1067198,train
1547104,test
940369,validation
1810880,train
1218042,validation
1327731,train
1825902,train
1762032,test
591476,train
1063482,train
1987150,train
1184566,train
631297,train
1618188,validation
1053945,train
1136923,train
1924011,test
1844393,train
1831315,validation
376104,test
96120,train
1923272,train
1244321,train
137996,validation
2002525,train
672808,validation
1874711,test
352432,test
1161409,train
226522,validation
395284,train
280610,train
2040586,train
1729615,test
882782,train
146650,train
1914081,train
1667926,validation
1161897,train
1646530,train
1300182,validation
391555,test
1621046,train
988276,train
192341,train
1753700,test
295796,validation
140639,train
2182457,train
1853824,train
314760,train
416712,train
303914,test
284611,train
1640491,train
400193,train
366417,train
2245140,validation
1084842,test
604063,train
1728944,validation
1255036,train
1244013,test
327470,validation
17727,validation
1029223,train
1907315,train
1708803,test
1197126,test
1073186,test
2113130,train
190092,test
1646302,train
1275656,train
961346,train
1498953,train
1579312,test
1892363,train
1987776,train
1907993,test
674433,train
1324340,train
1239955,validation
221012,train
415815,validation
1312189,test
1107273,validation
183480,train
540662,validation
596109,train
2207127,train
1016225,train
595270,train
1146785,train
402261,train
228528,validation
1033865,train
1010536,validation
619906,train
1174396,train
1905962,test
667328,test
1161051,train
176921,validation
2095587,validation
2007497,train
250854,train
983472,train
102717,validation
1820531,train
1887265,validation
2180599,train
344890,validation
689631,train
523213,train
2215547,test
2157486,test
1752179,test
926224,train
1829996,validation
1960570,validation
228329,train
168383,train
145857,train
1098501,test
1975280,validation
2211636,test
1763226,test
596274,train
1854843,train
33867,validation
1903699,train
1334903,validation
2062763,test
1934835,train
1619680,train
103468,train
131458,train
1345309,test
1157667,validation
1247413,validation
1752275,test
1647123,train
315038,train
187735,train
1661337,train
1323086,test
1994235,train
1786888,train
237438,train
453972,test
1831263,test
1338408,train
357542,train
1937816,train
1818574,train
1345514,train
1935443,train
967446,train
2169480,test
1167317,train
184259,train
2196906,test
241111,train
1224510,validation
1516805,train
311008,test
1299123,train
1017090,train
1300588,train
1208499,train
1845007,train
243990,train
913769,train
1123095,validation
1845632,train
1778865,train
1019580,test
1716177,train
1938364,test
1305977,train
129849,train
1045297,train
1082416,train
1051590,validation
1062223,validation
657179,test
1756337,train
703061,test
581599,train
81588,train
10038,train
127994,train
1660411,train
1321549,train
1237223,train
386175,validation
1121707,validation
1833608,validation
1063710,validation
1908515,test
1843368,train
1153679,test
89247,test
1053549,train
1244698,train
1755544,train
1165115,test
1134375,train
2182680,validation
102018,train
1937045,test
906942,test
387418,train
1764164,test
1105728,test
1856552,validation
1253640,train
1907228,train
1637667,train
1305665,train
1854994,train
1859624,validation
416842,train
660037,validation
1122065,train
407179,train
1157946,train
993890,train
1768617,train
274,train
308840,test
1758625,train
1799546,train
2214864,train
2012521,train
831376,train
1687921,test
171617,train
64206,train
609762,test
11696,train
1824001,train
1837317,train
2196139,train
324303,test
1333672,test
373671,train
1074090,train
1169557,train
654876,train
809109,test
1062284,test
1777574,train
2161455,test
1865892,train
2254224,train
660705,train
213014,validation
2203,train
1912082,train
235042,train
1725829,train
1855798,test
158814,train
967571,train
249157,validation
1935864,train
1956845,train
417363,validation
1870105,train
938289,validation
194275,train
41910,train
985986,test
2204339,train
1228875,train
1824127,test
1218827,train
1965195,validation
372532,train
1671003,validation
2138834,test
261663,validation
1705245,train
191197,test
2201638,test
1813441,test
1959380,test
529096,train
619603,validation
863917,test
721906,train
747642,train
1183421,train
1352489,train
299193,test
143738,train
1413920,train
1645300,test
927280,train
76003,train
165196,test
1771898,train
881560,train
306732,train
1156752,train
1812272,test
1032609,train
146880,train
489660,train
1277539,validation
1637840,test
1004789,train
588816,train
1054140,train
1249919,test
605540,test
216953,train
2074385,test
249800,validation
1166558,train
1201720,train
678478,train
2228432,train
469877,test
1153612,test
1669142,validation
1266520,validation
380646,test
409827,train
1083026,validation
1120423,validation
94501,test
302138,train
703268,train
1183913,train
1047859,test
393664,train
1646426,train
1023042,test
1041081,validation
676382,train
113672,train
1841180,train
1649368,validation
976722,test
319724,train
1618065,validation
343652,train
1773244,validation
1203258,train
227516,validation
2157500,train
65417,validation
1799373,validation
1859255,test
1134732,train
1636514,train
1923594,train
705475,train
390179,test
1225529,train
1955845,test
971226,train
1997553,test
674138,validation
1542646,train
433822,test
1157688,train
1885991,test
123869,train
236998,validation
949605,train
1178808,test
1879727,test
2123813,train
1617198,validation
288107,test
1196688,validation
2222834,train
1020212,validation
1204149,test
1798044,test
1765363,train
1157080,validation
1101110,train
2129305,train
1894263,train
287105,train
1311421,test
1004331,test
1675945,validation
1680696,train
1884162,train
256267,validation
907721,validation
1194097,train
1249256,validation
2102691,train
109516,train
939112,train
845137,train
957217,validation
1716224,test
1804966,validation
1839953,test
1213148,validation
208283,test
1006483,train
740717,test
2086758,test
1059838,train
479200,train
1106860,train
387922,validation
378730,train
1874429,test
1351716,train
919368,train
1798880,train
120074,test
236044,train
416756,train
136489,train
651738,validation
1549209,test
662518,train
2036829,train
1856024,test
1906311,train
210176,train
66776,validation
903846,train
1122424,validation
2184659,test
1498673,test
1125900,train
1756384,validation
2177618,train
740615,validation
942658,train
717659,test
1847039,test
1343214,validation
1104316,validation
47348,test
1003263,train
983851,train
720008,train
1769450,train
1284333,train
911969,train
7186,train
1080423,test
1241461,validation
1843630,train
2192903,validation
2130317,train
414375,train
2017540,validation
257560,train
199301,validation
1173546,train
1086885,test
1857899,train
1131522,train
1295031,validation
1919266,train
256070,train
2001189,train
1318856,train
416057,validation
307968,validation
1055459,train
583570,train
641638,train
1896948,validation
92868,train
361323,validation
1222209,test
1698240,train
1944537,train
1139817,train
685749,validation
177294,train
1628120,train
1741078,validation
1262461,train
684429,validation
2024159,train
1314168,validation
985571,train
1778124,train
1224008,train
1874876,train
1530130,validation
365785,validation
287548,test
1844901,test
1269144,train
1137849,validation
1983773,validation
2142098,validation
408416,train
1178626,train
859973,train
1116639,train
888906,test
423769,train
23917,train
192932,validation
1175507,validation
1913826,train
198308,train
110033,train
2157079,test
1841195,validation
238527,train
335763,train
622224,train
172299,test
1970778,test
2143559,test
1656293,train
1946588,validation
26643,train
1897415,train
720075,train
1936168,train
958361,train
1989201,validation
1372648,train
769273,train
1172364,train
1331786,train
1643528,validation
1820439,test
393953,train
1188194,validation
1711123,test
1225868,train
1306965,train
1032989,validation
404557,test
1020422,train
339403,test
38279,train
118470,train
1071245,test
1077139,train
221852,validation
1853143,train
1793713,train
585690,train
1293910,validation
1570390,train
2125356,test
661978,train
973339,train
1819161,train
383486,train
1317579,validation
1771238,validation
1821792,validation
1648153,train
1175848,train
1012649,train
1817358,train
275379,train
128617,validation
1304304,validation
1131123,test
1173128,train
443347,train
1131082,train
1071264,test
1175263,train
1076214,train
1781904,train
687165,validation
2076391,test
1063291,validation
1796040,train
974365,test
161075,train
1267748,train
2110243,validation
213567,validation
1283947,validation
1691250,train
1836951,validation
1249104,train
1280176,train
115023,validation
2118449,test
929474,train
2226898,validation
1897215,test
2206377,test
694265,train
2085980,train
1059083,train
294466,train
728602,train
1869563,train
1614828,test
1999259,train
1211979,test
347851,test
581947,train
628394,train
342704,train
1933188,validation
1028667,train
1726422,train
68190,train
260718,train
1805053,train
1242225,test
386700,train
225656,train
1628606,train
1426794,train
967008,test
1225265,train
177183,validation
8503,train
34749,test
684770,test
1826162,train
68400,train
657862,validation
1778116,train
1737609,train
317212,train
389972,validation
1098481,validation
1327514,train
863562,train
125670,train
1344605,train
390089,test
101889,train
1648638,validation
1873077,train
418446,train
1740771,test
1063997,validation
2096685,validation
2000123,train
37940,validation
535334,test
229372,train
1999771,test
358148,train
1847454,test
641524,train
688956,test
1004397,train
282078,train
1773862,train
1346932,train
1960112,validation
1080020,train
726499,validation
1808752,train
919837,train
1881440,train
1121211,train
472085,test
321892,test
946,train
386068,train
929171,test
2223460,validation
1237337,validation
1778304,test
1704219,train
1193012,train
1744099,validation
1935623,validation
1183516,train
2223259,train
1329256,train
1253675,train
163332,test
714807,train
1297814,validation
1834382,train
1224484,train
1147231,train
71979,test
11612,train
1818886,validation
616243,test
2169208,test
222918,train
2066902,validation
2226321,test
948487,validation
278370,train
1967521,train
242728,validation
1970691,train
14008,train
260294,train
741177,test
1888715,train
712989,train
1881602,validation
1211203,train
238338,validation
984184,train
1051446,test
1970482,train
357263,validation
2065630,train
1094946,train
1897031,train
1279460,train
224505,train
1285866,train
156130,train
1806783,train
1060307,test
1779458,train
1903198,train
383548,test
325499,train
1618321,train
1948486,test
1885771,train
1916615,train
557899,train
1623544,train
723166,train
1796759,train
1785690,test
324078,train
348809,train
1183074,train
162421,validation
1801870,train
1901959,test
1768171,train
641853,test
410817,test
2022911,train
976611,train
1058534,validation
1273590,train
1096842,train
1666500,validation
174146,train
653254,train
322800,train
128675,test
1649489,train
356641,validation
638689,train
155006,train
840212,train
1769780,train
4870,train
316813,train
1308376,test
894621,test
1306570,test
1271782,train
1906680,train
1998106,train
2010335,train
146265,train
705708,test
59818,validation
740035,train
1625024,train
1955835,train
1055529,train
1790665,train
1008172,validation
1666387,test
1281805,validation
1731637,test
342342,test
1105021,test
1663457,test
102132,validation
1063182,train
33776,test
1342549,train
1557222,train
407588,train
97431,train
1262197,test
1699135,train
2076383,train
233100,train
1799671,test
862952,validation
1625743,test
1823486,train
1326011,validation
2174886,test
277723,train
1662689,train
1074146,train
1205064,train
1912938,validation
1082588,test
1859547,train
107200,validation
1625691,train
183818,train
1812632,train
240218,test
72292,train
2255799,train
1071637,train
1340808,train
1081780,train
1920783,test
792923,test
383446,test
1704004,train
146370,train
2255326,train
218112,train
413512,train
1717903,train
1620408,train
1011322,train
1859465,train
1021911,train
1239054,validation
1871485,test
2236286,test
647753,train
1152610,train
9535,train
1080385,train
1966108,train
1612383,test
1659778,train
952791,train
1331840,test
220659,train
1163265,validation
371462,train
135395,train
1310825,train
1947749,test
1350698,test
2004209,train
724994,test
1645762,test
1211430,validation
1884331,train
1623748,validation
1621506,train
1081761,validation
787725,test
1982518,validation
2228874,train
675246,train
1622324,test
1194779,test
1141699,test
1885252,train
969879,train
479236,test
250308,train
1884716,train
241699,test
1324522,train
1047874,validation
2229336,validation
1231022,validation
377674,validation
34580,train
2007494,train
325473,validation
1092706,validation
195192,train
1809780,validation
2185188,test
91132,test
1846071,test
1187668,train
214290,test
550875,validation
1315063,train
1625324,train
281399,test
1897073,train
1796877,train
1824803,validation
1862728,train
1924441,train
534956,validation
318502,validation
985641,train
1319595,test
222850,train
151166,test
1883542,train
2184678,train
1842358,train
2026299,validation
1140089,validation
1761870,validation
1796405,train
1309134,train
2244686,validation
1302061,test
664967,test
284357,train
1064379,train
1722654,test
917893,test
262472,train
129241,train
2204726,validation
383775,train
1750319,validation
517618,train
2231666,test
1805243,train
1993827,train
1749152,validation
1314644,test
1969194,validation
1842490,train
62522,train
25960,train
1619842,test
81950,train
1675301,train
1174610,test
213212,train
875017,validation
46724,validation
1665580,validation
462717,train
263656,validation
1200538,train
969105,train
1899553,validation
1015229,train
337167,train
1836205,train
1763267,train
193783,train
1854917,test
142245,test
1309829,train
1802108,test
1937506,test
667833,train
98873,test
406906,validation
1921568,validation
303704,train
1029651,train
1916611,train
2115701,validation
247984,train
2033595,test
114778,train
1124859,train
707213,train
37475,train
267993,train
1243778,train
1829954,validation
1337324,test
195669,train
2180561,test
268586,train
1116145,train
1110513,train
1619474,validation
545584,validation
255992,validation
1271650,test
115818,validation
751664,train
376156,validation
699258,train
1332153,validation
1089841,validation
945889,validation
2219226,train
1014131,validation
1106960,validation
1451398,train
2052761,train
211419,validation
690624,train
683509,validation
1292389,train
308680,test
53730,train
570296,test
868855,validation
32554,train
1340765,test
922370,train
2237272,train
1821676,test
1867333,validation
1302076,train
1819922,train
1683647,train
1875701,train
2239009,test
1838397,train
2077903,train
886312,test
145973,validation
1757201,train
1337246,train
1037358,validation
1886069,test
1782607,validation
355755,validation
1212683,train
1180052,validation
265734,train
482372,train
1641100,test
1024004,train
1813613,train
523767,validation
2172100,validation
204341,train
1082957,train
1676651,validation
980554,train
1238214,test
1879108,validation
106737,train
246650,test
2151053,validation
301992,test
1004791,train
2222388,train
1775845,train
2006893,train
1885031,test
567273,train
1876996,test
1280910,train
1784652,validation
15459,train
1688662,train
1294883,train
371410,test
1867228,train
271167,validation
1205812,train
2188127,train
339130,test
1901251,validation
1089807,train
59583,train
1032575,validation
1967337,train
178475,test
1951919,train
2010592,train
134892,train
1182604,validation
1173803,test
1781045,train
120067,train
975636,train
407826,validation
2180,train
1666011,train
954533,train
1732436,train
1106194,test
208115,test
1774238,train
1757232,train
1134279,validation
711101,train
1052945,train
1917710,train
2187426,validation
521219,train
1208022,train
619007,train
1335409,train
1857534,train
2007909,test
1109292,test
954279,train
899888,train
275415,train
1839264,validation
1797425,validation
1342676,train
241173,test
1313918,validation
404357,train
166797,train
367921,train
1197168,train
371192,test
214557,train
42129,validation
1262379,train
377039,train
1086694,train
1844947,train
1136443,train
1733584,train
1084229,test
1285575,train
1889664,validation
1615467,train
1190834,train
2247370,train
1146744,train
1851901,test
2222176,train
47252,train
2014298,test
1730616,train
268875,test
1250705,train
1759066,validation
997877,train
1742189,validation
1857841,train
1334606,train
987629,test
2165071,validation
1787836,test
189424,train
93669,validation
344284,train
2011517,train
1025535,train
2241821,train
162977,train
584300,train
1835664,validation
2009329,test
1801531,train
1867637,train
1747136,test
163529,train
1766868,validation
561985,validation
44988,train
246079,test
1988274,validation
347996,train
1263573,train
179693,train
1759946,train
1323935,test
2012242,validation
1842238,train
1179508,train
1684893,test
1619945,train
2188106,test
1160863,train
569798,validation
1794110,test
2192310,test
1185047,train
710527,train
1049911,test
658061,test
134132,validation
1019792,test
952802,test
2061453,train
2140972,train
1106505,train
259594,train
246137,validation
197411,train
374115,train
276727,validation
1252854,train
320136,train
1635980,validation
1922896,train
270219,train
188443,validation
1041770,train
1159324,train
283075,test
1216460,test
1287009,train
1813892,validation
736783,train
1635154,test
1246036,train
689192,train
2230812,test
1913994,train
980167,train
2130184,validation
641872,train
1698630,train
1019032,validation
742734,train
1226618,train
1867979,train
269378,test
2229869,validation
1303432,validation
294468,train
1104013,train
1634729,train
338562,test
1823861,train
1623964,train
1982045,train
1109019,train
1349147,validation
24745,validation
1998225,validation
664293,train
590105,test
1947669,train
322917,train
1789147,validation
1852583,test
1887126,validation
993398,train
1808017,validation
2224100,train
1334347,train
1178052,train
1934153,train
743394,test
1269033,test
517062,validation
1620803,test
372320,validation
1834033,test
1988695,test
1019281,validation
1949619,validation
2200134,validation
259324,train
1058554,train
918197,train
302578,train
1096910,train
740037,train
865669,train
140618,test
986682,validation
1238236,train
393898,test
1350490,train
1203707,train
1200266,validation
2238918,train
29595,train
266169,test
1890347,test
1033412,train
2173831,train
984116,train
39559,test
221168,train
2137123,train
1777053,test
303742,train
634232,train
268582,train
315784,validation
1926529,train
1245976,train
2194188,train
342779,train
1236686,test
1080658,validation
2082456,validation
99920,test
1029020,train
320259,train
651824,train
1649394,train
374324,train
1693048,train
204978,train
2084235,validation
1634595,validation
727942,train
1752456,test
1817667,train
205702,train
1062171,test
1698986,train
1035620,validation
621120,test
1852056,train
1094500,train
732436,train
181333,validation
1286458,train
1292475,test
702399,train
554112,train
2005608,validation
1720613,validation
520561,train
708510,train
358379,train
1085656,test
654205,test
1827168,train
978535,test
60757,train
1957263,train
257592,test
1901611,train
243145,test
544592,validation
1232782,validation
1256931,train
277884,train
1931290,train
398127,test
203921,train
47972,train
1347869,train
958004,train
1837779,train
1255578,test
1872601,train
71245,train
46097,train
365825,train
1801247,test
617130,validation
1340170,train
1119302,train
1987954,train
262015,train
2182712,test
2170416,train
2115744,train
1006956,train
1073821,train
1246055,test
1800079,train
2227141,validation
1024412,test
253844,validation
159157,train
1815271,test
1178767,validation
111939,validation
134464,train
1909377,train
230574,validation
1182654,train
1965165,test
120891,train
1278517,train
1218937,train
1859112,train
1352034,validation
370819,train
903782,train
1023805,test
1045122,validation
2214870,train
178212,train
650101,test
317410,validation
1156882,train
1161880,train
423383,validation
1065187,test
1774754,train
1877474,train
654672,train
116037,validation
59604,test
959632,train
1868926,train
1930780,train
172096,train
950198,validation
1993168,train
1165081,test
1158872,train
1282189,test
607230,train
343644,test
1780141,train
118152,train
1859037,validation
951941,train
1667774,validation
1038237,train
1732911,train
275141,train
1881018,train
289222,train
34283,train
2236998,validation
1712532,train
1931508,train
700117,train
1866949,train
1959725,test
1190738,validation
192904,train
139695,train
1880084,validation
1128639,test
248471,test
2254638,test
1249029,train
183031,train
1289595,validation
1195874,test
505508,validation
1881720,train
344939,train
1036119,train
2206946,train
102474,train
1086836,train
1660297,test
1091666,test
1760282,validation
1771445,test
2007374,validation
2089819,train
360342,train
279054,validation
1651549,train
1969697,validation
1071006,train
261289,train
1827122,validation
1827772,train
139400,test
1182351,train
210866,test
1173690,validation
1796061,train
732380,train
974665,test
384267,train
1142791,train
2126281,train
332436,train
1105019,train
1758990,validation
54248,train
697345,train
2186628,validation
560154,test
1991517,train
166305,validation
6245,test
303925,train
1151651,test
2055805,validation
1250331,train
2015839,test
78221,train
1868322,train
1865924,test
1010322,test
327069,validation
1856116,train
548677,train
1616530,test
55557,train
1757523,test
1849097,train
1859102,train
1026149,validation
2065809,train
1269923,train
1713798,train
1892975,train
1779234,train
1315360,train
205160,train
1622111,test
1296288,train
1669305,test
356293,test
2064145,train
229120,train
198190,validation
1821484,train
549891,train
897296,test
1063304,train
127131,train
1237861,train
285370,train
559848,train
1547568,train
2030376,train
1761248,train
1297463,train
1928673,train
2063706,test
515828,validation
304148,train
596442,test
2045176,test
1802678,train
1269532,train
1168602,train
1146168,train
556700,train
2065988,validation
1072456,test
1813574,train
264594,test
1994141,train
1854554,train
1650681,train
1749887,train
2186816,test
1776473,train
1619925,test
1128411,test
1850253,validation
1048179,test
1331058,test
360163,test
1825735,validation
769187,validation
136546,train
1777369,validation
1196073,test
1931910,train
1514368,validation
979242,test
2244723,train
107705,train
664448,validation
444925,test
1640771,train
87196,validation
658709,train
675076,train
1142425,train
299487,test
1026492,train
222334,train
86745,train
1863515,test
1281096,train
205896,train
709700,train
1744989,train
494308,validation
1180719,train
930985,train
1240451,train
1150484,validation
412688,train
926135,train
35361,train
1708594,test
1275058,train
1878962,validation
351986,train
2015236,train
1156238,train
1793951,train
477259,test
2249976,test
2137622,test
178169,validation
2165177,test
1806784,test
1203182,train
1859178,validation
343013,train
1630993,train
414783,test
1262152,train
1270985,train
1332754,train
1034190,train
1256832,test
1740248,test
210483,train
308835,train
688912,validation
1736859,train
147230,train
1790933,test
882582,validation
1042024,train
365848,validation
5053,validation
1017417,train
262434,train
2172394,train
1651070,train
1912553,validation
963866,validation
263297,test
1248450,test
134295,validation
2196095,train
1930465,train
617947,test
91954,train
2211415,train
689497,train
228180,validation
50080,train
702046,train
1614302,test
531705,train
360326,test
1871423,test
1895866,train
218853,train
2196304,train
1629989,train
1060750,validation
1927149,train
1952624,train
681248,train
653473,train
1055720,validation
1398214,train
1917789,train
1179112,validation
1032641,train
1147958,validation
1657909,test
95465,train
2124589,train
128498,validation
410946,train
1755158,train
600116,train
1323240,validation
321770,train
1349685,train
163364,test
1250118,train
718105,validation
1821125,train
1888006,train
2224605,train
1671017,train
256276,train
1757804,train
272422,train
1756528,train
2241409,train
1861391,test
1200375,train
1238878,train
102577,test
957890,train
154329,train
1251115,train
1859898,test
17213,validation
2214435,train
2138908,train
608918,test
1889257,train
1999076,train
1834647,validation
2210879,train
962446,validation
189053,train
1140346,train
1288146,validation
2127230,validation
699212,validation
355143,validation
106669,train
192182,validation
243756,validation
1049680,train
2219621,test
1297396,validation
47620,train
63310,train
1151091,train
1194777,test
374045,test
86809,test
389347,test
1077921,train
682998,train
1851241,validation
2015849,test
2015949,train
1790846,validation
1713880,train
1808671,test
1693925,test
37801,train
1120231,validation
157949,train
1350106,train
1832811,train
554369,train
2197895,test
535166,test
1976167,train
1221509,train
2234912,validation
181442,train
1119824,validation
725528,train
1881641,train
2230752,train
1034688,train
76695,train
1066724,train
1143285,test
158852,train
1994055,train
1042296,train
21467,train
1267313,validation
1129322,test
240965,train
1348274,train
159928,train
482616,train
184118,train
300230,test
1906030,train
1894453,validation
1320612,train
135988,train
1177428,train
1085280,train
1479641,train
163404,test
1765275,train
2109618,train
1168691,train
1644119,test
1235607,test
1658856,train
1136906,validation
664927,validation
1664769,validation
1650516,train
1626090,train
1889401,train
395508,test
1649082,validation
597584,train
1767677,test
1024621,train
1278095,train
1520134,train
1225787,train
1928796,train
339771,test
429561,train
1843247,validation
1198102,train
180526,test
1030784,train
278301,validation
1067885,train
394718,train
409973,train
2098893,train
714831,train
317285,train
531340,train
1062842,validation
2165268,train
1913091,train
682321,train
62810,train
1880379,test
1341340,train
1314625,train
986121,train
1846165,train
245656,train
45649,test
913115,train
1923533,train
255716,train
345939,train
1912704,test
629810,test
1956746,train
1010806,train
238435,test
412640,validation
1122096,validation
1250908,train
1091871,validation
330135,train
187813,train
1930440,test
996153,validation
1080885,train
1908121,train
392859,train
517511,train
981226,train
464458,validation
393307,train
382502,train
1979593,train
1870586,test
1044787,train
1919634,test
1798464,train
748889,test
1751823,train
1736062,train
1819018,validation
1731667,train
1938531,train
33541,train
1204897,train
54196,validation
2021227,validation
868321,train
183784,test
376022,test
1704993,train
274350,test
1168853,train
104608,test
1780058,test
705519,train
1881148,train
612673,test
1736805,train
302657,train
1852214,train
400154,validation
682509,validation
1084914,train
1266436,validation
1174226,test
704714,train
1500394,train
912,train
87522,train
23921,train
1127015,train
1871583,validation
1742546,train
1921333,train
1829481,train
1340571,test
365111,test
977564,train
336642,test
1806364,train
1877798,validation
221522,validation
1124391,train
1615883,train
1495018,train
58482,test
1969983,validation
232953,validation
1204757,test
1670972,train
1184511,train
390813,train
615612,train
1861742,test
89996,train
955729,train
1029266,train
612676,train
1246984,train
884733,test
24763,test
1122565,test
172496,train
1967164,train
94497,test
1096406,validation
1291424,train
307331,test
345198,test
687318,train
403285,validation
2033712,train
1196330,train
667904,train
1188129,train
1811900,train
1054112,train
1337607,train
223005,train
1812797,train
44808,validation
388875,train
1690616,train
2101350,train
750685,train
114229,train
1150644,train
1193573,validation
1031767,train
1259539,train
158238,train
454015,train
1085720,train
93846,train
682167,train
318546,test
371727,validation
1797928,test
1237994,train
2234909,train
1808291,train
1067896,train
2234504,validation
2164613,train
1053487,test
1873472,train
229493,train
1263175,train
1935214,train
1076287,train
2177597,train
1848726,train
2231271,train
1731453,test
560493,test
2011366,train
418471,train
1141726,test
2163876,train
178154,train
1782599,train
1711529,train
1642515,train
416483,train
206257,train
50852,train
1352047,validation
461237,validation
1964959,validation
2186312,train
1301134,validation
309179,test
121002,train
230818,validation
1137378,validation
1619976,train
1077026,train
1208074,train
1220032,train
1237892,test
1262726,test
2197408,validation
1034313,test
1907137,validation
1952812,train
1892400,train
1312575,train
640406,train
1747279,test
684482,validation
2008770,train
1135511,test
548474,test
1051262,validation
668576,test
1785889,train
1072989,train
1779701,validation
411499,train
48137,validation
1203644,train
2135148,train
1876247,train
1922877,train
1167494,validation
1315086,train
1870151,train
1188719,train
1810053,train
360895,train
2195333,validation
1902922,train
1014846,validation
692320,train
1115035,test
1627195,train
1701680,train
710850,test
59280,train
1923718,validation
1308712,train
341000,train
2125115,train
1083566,train
407775,validation
198038,validation
986208,test
707307,train
1852095,test
1007275,validation
1235771,train
1109699,train
1836087,train
362318,train
2023147,test
1842488,test
1784376,train
1240335,train
254203,train
1325994,train
78141,train
1842338,train
1830405,train
85426,train
553361,train
594780,train
731761,validation
1661476,validation
109319,train
11819,train
994360,validation
1828345,train
1843122,test
120628,validation
1733661,train
2178171,test
2194802,train
725935,test
1950746,test
324075,train
1026580,train
262906,train
2212368,train
1682270,train
1615206,train
947788,test
156234,test
276884,test
1128421,train
1083035,test
1986176,train
972728,validation
1416966,train
330871,test
1164242,test
1594178,validation
2057782,validation
1720506,test
695765,train
1575357,validation
187103,train
138077,train
148785,train
394665,train
693850,validation
1617790,train
1966056,test
1091794,validation
388590,train
423064,train
1050157,train
1287465,test
1068392,test
1284599,test
1282700,validation
1064145,validation
1909464,test
672654,test
730151,validation
310906,train
1835346,train
1009996,train
1118881,train
131626,test
1813386,test
1263084,test
1030706,train
50993,validation
292174,validation
188102,train
2035118,train
1930102,test
350952,train
1070673,validation
664256,train
1954297,train
403424,train
1035638,validation
1793181,validation
1129545,train
1783142,validation
9512,train
1939983,train
95080,train
917791,train
1527965,train
2218424,train
1967958,train
363108,train
2200506,validation
60631,train
1255974,test
1797313,validation
1813336,validation
359447,train
2203166,train
373680,test
36539,validation
1130758,validation
1189971,test
1759836,test
2082179,train
1446386,train
251232,test
1230236,train
1026778,validation
56687,train
133955,train
1217900,test
1150723,train
220838,test
2154392,test
487743,train
638459,train
1348226,validation
1816420,test
1675396,train
1289507,train
440012,train
1982814,test
1718162,test
1002457,train
1345667,test
1550580,validation
713171,validation
1905240,test
1121742,train
1022042,train
400996,test
1633447,train
1666610,validation
1222591,validation
232860,train
1624505,train
1628784,train
797251,train
1644888,train
71694,train
1760848,test
2022231,train
109332,train
2035064,validation
1275797,train
1857590,train
352148,train
639132,test
1346818,test
400433,train
280769,validation
235060,train
215231,test
152858,validation
1052745,validation
38686,test
269307,validation
420518,validation
223838,test
1863561,train
102958,test
1144902,train
1962944,train
1834048,train
1124416,train
165125,train
416316,train
1190171,train
337234,test
1617558,train
559397,validation
713701,validation
384163,validation
198771,train
2061785,test
1721492,validation
929953,validation
109827,train
551645,test
229992,test
2056756,validation
1005784,test
1138733,validation
1996806,train
1242075,test
1004882,test
1641885,train
1899497,validation
148618,train
1973433,train
1806757,validation
1207308,train
1256251,test
591664,train
2115176,train
1896052,train
454204,validation
1094738,train
1066529,train
653585,train
1825148,train
1296512,validation
1986110,train
1791697,train
1152846,train
227732,train
218585,train
714012,train
1255504,test
1549076,train
165901,train
997502,train
1206749,test
1971867,train
1458828,train
1726778,validation
489111,train
1815695,train
133319,validation
1239609,train
921105,validation
365042,train
2171047,train
684860,train
1059158,train
1161717,validation
2194000,train
870704,test
1640058,validation
1057872,test
1233562,train
1834841,train
1064838,validation
200447,train
1159996,train
596493,test
1047598,test
2178356,test
133799,validation
940068,train
913552,train
20370,train
1888649,validation
290196,test
111410,train
1118949,train
712609,train
1066240,test
125200,validation
732480,validation
1000105,test
695474,train
1615590,train
1192932,test
1242669,validation
1885329,train
24840,validation
2127804,train
1056298,validation
2145629,validation
292411,validation
1299096,validation
2024640,train
236714,validation
1177257,validation
1351070,train
745357,train
607601,test
1711805,train
1975160,train
951216,train
1078179,train
1824294,train
101194,train
10640,train
231594,validation
1027642,train
1827832,train
1256899,train
1058032,validation
906783,test
151726,validation
197929,train
146532,validation
1212989,test
945230,validation
702656,train
1343034,train
1002422,test
2180886,validation
1312693,train
2133982,train
314035,train
704901,train
288841,train
240913,train
1896372,test
1961711,test
128511,train
2113097,validation
1930428,test
1917179,test
651410,train
309945,train
1284477,test
1318913,test
131987,validation
994289,validation
400949,train
87090,test
1297527,test
1032309,train
1949289,test
1100820,train
229000,test
77654,train
1693156,train
1800727,train
1210675,train
1622525,train
988670,train
651704,train
1241751,train
4681,train
1352416,train
2032558,train
1171788,train
257794,test
662359,test
22994,validation
667021,validation
2002369,validation
590144,train
1138152,test
1155670,train
1053201,train
728324,test
1736260,train
986718,validation
2019692,validation
1910946,train
917019,train
1238829,train
1796236,test
4943,train
1861244,test
463296,train
1231712,test
1702487,train
1331207,validation
1180122,train
1193838,train
255757,validation
1005136,test
1237619,train
654708,validation
1203017,train
340591,validation
1089044,train
1183858,validation
675082,train
420070,train
1779463,validation
186582,train
336853,train
1816353,train
1915839,train
1236561,test
526337,train
1119618,train
168202,train
1074542,test
1780112,validation
1646897,train
1118986,validation
995452,validation
385993,test
1855607,test
1079181,validation
90998,test
710655,train
513558,train
656107,test
1791926,train
724072,train
1544081,validation
1148283,train
1182589,train
1338364,validation
1713338,train
1695357,train
1899748,train
465506,train
125643,validation
1794621,train
144906,test
19961,validation
173084,test
373683,validation
1826143,train
331011,train
1899458,test
2235655,train
1063622,train
1813165,train
132336,train
1876126,train
1117954,train
341820,validation
1848324,train
1682857,train
1840693,validation
942614,train
1322554,train
1331727,train
1344929,train
372997,train
1778753,train
723872,train
681428,validation
718317,train
1090469,test
229035,test
1233674,validation
2025195,train
879430,validation
694237,train
1778202,train
1323852,test
982101,train
1327622,train
1290614,test
1854046,train
1875396,validation
333288,validation
1186772,train
2117586,train
72616,train
403011,test
264802,train
2208179,train
1334171,train
1287096,train
1315439,test
155982,train
1924677,train
379598,train
1785917,test
1038057,test
2255267,train
1039817,train
248168,test
1839962,validation
987866,test
1070571,test
17794,train
80906,train
1177130,test
261858,test
1163233,train
235289,train
740024,test
2106002,validation
1002906,train
2032716,train
1045002,test
1792069,validation
1822989,train
1614524,test
2160808,train
139501,validation
1171721,train
1771506,validation
323197,train
924358,train
1059435,train
2200927,validation
653073,train
394169,test
409374,train
103463,train
693172,test
1624069,train
961187,train
2029116,train
123277,test
1925062,test
650043,test
804326,train
988661,test
2100391,train
238055,validation
1882314,validation
1337208,validation
1773451,test
8405,validation
2244561,test
1253932,validation
11647,train
209549,train
495623,validation
1964581,test
1032401,train
1152195,validation
2235938,train
1158580,train
1731722,train
619995,train
1678028,validation
2247029,train
2251320,train
1716068,validation
1024281,train
1003609,test
1977755,train
1131205,test
1213603,train
1286422,train
150411,test
1187151,test
2056211,test
1248822,train
2230032,train
718669,train
1157618,train
110706,train
1535768,validation
1315040,validation
1179918,validation
420523,train
653737,train
2178854,train
19528,test
1640885,test
1815746,validation
1318848,train
1941214,train
1165722,train
1187315,validation
533622,train
1781485,validation
1103739,train
307283,train
2011391,validation
1646815,train
1609854,validation
1328098,train
1759968,train
25522,train
1167026,validation
1948394,train
348975,validation
1843344,validation
1257355,test
147378,train
1220601,validation
137329,validation
1502713,train
1977912,train
1678485,train
1766502,test
355351,train
656722,validation
1616969,train
781895,train
1605053,validation
213119,train
1632310,validation
1940723,validation
111859,train
1729678,train
1119523,validation
1774268,train
514643,train
1148833,train
361213,train
2162884,test
1292196,validation
420308,test
1299686,train
1720885,train
1042081,train
90665,train
1069552,train
169320,train
127071,test
1029229,validation
1012616,train
1929058,train
1699262,train
1903908,validation
1724865,test
1668385,validation
1075802,validation
929128,test
409665,validation
1761199,train
1765567,train
1057574,test
1291735,validation
91266,validation
1724953,train
1632107,train
2107435,validation
1238366,train
2255204,test
1511215,validation
2140178,train
305915,test
1015075,test
2076455,test
1890191,validation
1122954,test
288133,test
1037370,train
1291320,test
1602519,train
1592279,validation
49039,train
61051,validation
1700105,test
1870224,train
1752753,validation
1024274,validation
1214854,validation
1003641,train
125155,validation
1791752,train
1759696,train
1313685,test
311145,validation
722059,train
129596,validation
96242,train
1314210,train
2000756,train
345255,validation
894294,train
1031081,validation
1873284,train
1136276,train
1221223,validation
1031664,train
1768942,test
62549,train
147486,validation
1248555,train
749404,train
1155655,test
458474,train
304384,train
2106471,validation
1915266,train
203057,train
1148806,train
443359,train
1224406,train
1926586,validation
1643484,train
1039084,train
986815,train
1206381,train
2248568,train
1922451,test
380962,train
379383,train
2152045,train
1145135,validation
1069620,train
1948476,validation
1228512,train
1843244,train
1871986,train
1870721,train
1213041,train
1755071,train
1169624,train
1661936,train
1117519,train
1594282,validation
8437,test
2234092,train
1682125,train
1900797,train
1024121,test
2175652,train
142016,test
1885699,test
1128720,train
689022,test
1225689,validation
976966,test
1426061,validation
1334116,train
1330194,train
79841,test
2208419,validation
2114543,train
715121,test
99359,train
943704,train
1618686,validation
1839305,train
1864445,train
1184047,train
1810508,train
1758530,test
133901,train
2076978,train
1338986,train
1330611,train
740270,validation
1241801,test
1898352,validation
562611,validation
2235702,validation
357489,test
5836,test
43237,train
1623336,train
1205908,train
1191853,train
1070874,train
1875230,train
2068905,validation
990148,train
1937727,train
1334678,train
1738568,train
2161147,train
1282068,train
630222,validation
782150,train
654204,train
848263,test
2027939,train
421044,train
138065,train
447760,train
675318,train
401138,validation
1031704,train
1310029,test
350649,validation
1140268,validation
62693,train
2176870,test
2241243,train
1919009,test
1248537,train
392276,train
1128609,train
197859,test
1267466,validation
355055,train
1629209,train
704407,test
479088,train
299664,train
746916,train
1047821,validation
974549,test
1924152,train
1208167,train
1651002,validation
707686,train
456023,train
414573,train
1694253,test
1841055,test
683222,train
615243,test
1324137,train
2136756,train
412715,train
961769,validation
1331211,train
894449,test
1245635,train
1194,train
1724181,train
1197427,validation
1343102,train
959721,train
1929928,test
457524,validation
1279323,train
720076,train
677233,test
598759,validation
1141356,train
1811856,train
155459,validation
1086944,train
1770817,test
2240847,test
102968,train
1195529,validation
221218,validation
2032773,train
172172,test
1180095,train
71505,train
1071779,train
1153200,train
265782,train
494358,train
1343751,train
1923624,validation
346541,test
650307,train
386690,train
1164067,train
129565,train
1238902,train
660162,validation
1859019,test
96993,train
411296,test
906732,train
1277163,test
335666,train
1185596,train
1914109,train
1763151,train
1907958,train
1839184,train
427370,train
1613266,train
896532,train
1688144,train
2206417,test
912992,train
1268724,train
1223660,train
160219,train
1719614,train
2068942,train
2027195,train
661911,train
1237790,train
1192157,train
2005203,train
270798,train
2149071,train
1223076,train
1095424,test
1116914,train
1112412,train
1197395,train
75025,train
19162,validation
1615142,train
1856976,train
1041435,test
997993,validation
1888407,train
1174056,train
1330809,train
1195755,train
1359228,test
997848,test
190889,validation
2208579,train
1049714,train
1896953,train
340651,train
189607,train
133673,test
1009991,train
2209906,train
1214011,validation
2175589,test
2038568,train
2250746,test
1756547,train
1131635,train
523458,train
191453,train
2162797,test
1739251,train
920900,validation
1642742,train
957967,train
1160957,test
1931378,train
300261,train
184250,train
236923,test
1122217,train
1846137,train
985519,train
2252841,train
170554,train
573824,train
1936609,train
299191,test
1770230,validation
2242483,train
1973434,train
2071869,validation
969878,train
895972,train
1760158,test
172191,train
1608799,validation
127616,validation
1172081,test
1274730,train
102315,train
305953,test
391104,train
1338866,train
1751303,train
162621,validation
1124785,test
2185342,train
144566,test
1065738,train
2256979,train
1313543,test
287574,validation
463038,validation
1157501,train
1291675,validation
733796,train
2074409,train
886761,train
373546,validation
55196,test
370603,validation
16319,validation
163650,validation
1295313,train
2151392,test
1015365,train
1844300,train
47914,train
329178,test
2033068,train
301300,train
2041350,test
1873846,test
539675,train
1899669,train
262043,train
180857,train
2028744,train
708717,train
1969764,test
1195119,train
18760,validation
1052664,test
177634,validation
139888,train
981730,train
386799,train
180030,train
1834345,validation
1927151,train
1845837,validation
1624826,validation
95498,train
1781455,train
1327241,train
742092,train
1062785,train
94023,test
2222664,validation
412449,train
1524123,train
1840965,train
610135,train
2166099,validation
66971,validation
1296930,train
1300555,train
1334339,train
1090216,test
1124092,train
151706,train
1842430,train
1847988,validation
1889627,test
19243,train
1975115,validation
2056978,train
1056580,train
1977943,train
1851345,train
83080,test
1349523,train
1846914,test
330041,test
377073,train
612427,train
155628,train
188563,train
1686382,test
2215848,train
1311258,validation
1120606,train
1767837,train
737977,train
380339,train
247175,train
358620,test
2032368,test
75507,test
2134679,train
1625340,train
1640799,train
171240,test
319701,validation
2205009,train
1262946,train
1062557,train
1620985,train
161111,train
1089958,train
1862465,train
1904682,test
1870732,validation
618999,test
698790,test
492912,train
1754488,test
1185799,train
1880585,test
2033300,train
166870,validation
1193265,train
1942179,train
485521,test
196412,train
520495,test
1022111,train
185387,test
1753159,train
1347134,train
605543,validation
1975967,train
1631336,test
1018298,train
378052,train
547101,validation
86973,validation
235884,train
1335046,train
913557,train
710770,train
1228566,validation
63147,validation
1080497,test
1240363,train
989367,train
137439,validation
118809,validation
1207191,train
155348,test
696479,train
43617,train
369087,train
1720073,train
637411,validation
936471,train
105486,validation
1067145,train
2019688,train
1799983,train
2191833,train
242285,train
131342,train
1868309,validation
115046,train
1975449,train
267048,train
1902768,test
4363,train
1974086,validation
1329867,train
227643,validation
355094,train
1930673,train
710253,train
27292,train
206988,train
1872052,test
1416004,train
52376,validation
1337862,train
290399,train
1782213,train
2118093,test
1805711,train
1614052,train
611928,train
267579,train
1051315,train
1908981,train
20127,validation
406568,test
2179274,train
1810452,train
1618351,test
240310,train
1251255,train
2209295,train
52408,train
2173317,train
1883743,test
160897,train
1858505,train
366307,train
1046139,test
36573,train
1788460,test
673753,train
328061,test
2257146,train
1109669,test
31924,train
2110076,test
1025393,train
1283438,train
246664,train
231834,train
954272,train
242769,train
1780411,train
261224,train
1188680,train
584169,train
1951062,train
195677,train
1217778,train
160866,train
1772736,train
1941028,train
1140018,train
2210722,test
138709,train
1203736,train
157089,train
1866533,train
350942,train
1078995,validation
2002658,test
182407,validation
1849513,test
1203614,train
1817075,validation
691090,train
1613831,train
887504,validation
931693,validation
1948538,train
611516,validation
210479,train
885808,train
1705185,validation
166592,validation
1875836,train
1876041,validation
183787,train
194018,train
1776577,train
1076619,test
1832159,train
2239059,train
42784,train
663049,train
269499,test
1059858,train
657599,validation
1465796,validation
212029,validation
290467,train
1148725,validation
986908,validation
1920126,train
1792847,train
126531,validation
1881879,train
638466,train
1722758,test
394020,train
744623,train
429379,train
1301186,train
912397,test
1062035,train
1342777,train
1871878,train
1285422,validation
1140958,test
1823879,train
1310641,train
44048,train
1617378,test
213299,train
1843271,test
245905,validation
414180,train
1179163,train
1881229,train
304570,validation
1041691,train
1839778,test
121591,train
54638,validation
994885,train
1744113,train
1148743,train
421281,train
1898503,train
255542,train
990149,train
1617409,train
2034159,train
2171646,validation
131450,train
614737,train
214956,validation
1817655,validation
1804094,train
377785,train
1943838,validation
283805,test
653056,train
1786717,train
276637,test
103314,validation
723758,validation
1053870,train
1342096,validation
233926,train
1635245,validation
1298873,train
1345419,train
1313680,train
288222,validation
1245099,train
1272596,train
1872498,test
1260642,train
913212,validation
1864307,train
1246882,test
1228485,train
1745277,train
133289,train
224544,test
106088,train
952755,train
1879855,train
1801431,test
77913,train
205195,test
1974310,train
418052,validation
716524,train
1773540,train
1346249,train
1832726,validation
1143907,train
55743,train
18441,test
165678,test
1191026,test
641203,train
2242830,train
260515,train
89313,train
1840892,train
357833,validation
612012,train
1623071,test
386587,validation
1901322,train
1280018,train
660241,train
1162686,train
2127720,train
1924714,test
304062,test
129825,train
1770243,train
1968000,train
664112,train
1295614,train
1794706,test
4278,train
1807769,test
1125111,train
151031,train
698164,train
50032,test
929510,train
1894112,train
219642,train
1127256,test
1089692,test
294611,validation
536344,validation
1898687,train
244735,train
180908,train
618155,train
535643,validation
1781189,train
1336585,validation
1789195,train
361287,validation
1667430,train
1032845,test
2032107,train
1156952,train
63945,train
1005745,test
1848084,train
702841,train
956996,train
532305,test
2214582,train
200199,validation
991969,train
418777,test
1874270,train
709435,train
206372,test
1517824,train
272187,train
1643399,train
1775544,validation
1827799,train
1311252,test
148170,test
249536,test
1254435,test
1829037,train
1656193,train
1048358,test
1823502,train
2094662,test
1315615,train
1124514,train
340911,train
10952,test
1113034,train
1076130,validation
1508977,train
1250508,train
382970,train
1141423,test
329551,train
1759117,train
1505432,validation
2194650,train
2206996,train
1911118,train
689498,test
679523,train
123912,train
590291,train
112029,test
1971333,validation
1896029,train
1260176,validation
734904,train
1255065,validation
1866771,validation
1198709,validation
948467,train
172731,train
382705,test
1767818,train
88203,validation
2037865,train
66363,test
727635,validation
571026,train
355959,train
1352545,test
210680,test
914501,train
211593,test
2219401,train
26447,test
367475,validation
1655283,train
659092,validation
922580,train
615644,train
1219601,train
205870,train
621706,test
1937617,train
1235915,validation
2221667,train
1624298,train
1325999,test
20726,train
1059951,test
181703,validation
1322501,validation
1327396,validation
1297390,train
1587780,train
1208820,train
177189,train
137891,test
138161,test
1876730,test
1345121,train
185679,train
1938598,test
2003539,train
247065,train
2129005,train
2182032,validation
529769,validation
1207940,validation
1826989,test
253250,train
703928,train
1141221,validation
1486125,train
1956014,train
1966897,validation
666119,validation
357997,test
125556,train
317257,train
1612947,train
1962297,validation
238924,test
981323,train
399787,train
1305799,train
1775939,train
351223,train
1872256,train
682272,validation
1278331,train
2099988,test
681895,train
403578,test
1599562,test
1002907,train
1089683,test
937591,train
110095,test
404636,test
1162304,train
304807,test
135748,train
98657,train
1271545,train
292352,validation
49823,test
1646810,train
1057921,train
4996,train
167667,train
3244,train
240426,validation
1169560,train
75571,train
2237055,train
495002,train
1972803,train
453483,validation
2094165,train
445649,train
1745464,train
1798389,train
1172054,train
726923,train
280468,train
1808568,train
2196366,test
117618,validation
1912644,validation
1847689,test
1132815,train
1257252,train
1723345,train
1112947,train
1091339,train
343014,validation
1324160,train
85841,train
1161640,train
1075744,validation
670967,train
958084,train
1227495,validation
2232834,train
2014991,train
553476,test
1645443,train
598505,train
39948,train
2031029,train
1332542,train
1868593,validation
1928073,train
709685,train
434640,train
1033445,train
2068825,test
123650,train
1320190,test
1319465,test
1825214,validation
1040029,train
366055,train
1938854,test
940718,train
576107,test
231725,test
266132,train
365515,train
1792261,train
855518,train
1349290,train
2221603,train
1680999,train
1057784,train
1686536,train
1098719,test
1252621,train
1004646,validation
2163769,test
125613,test
56384,train
1034901,train
1888531,train
1140626,test
1334994,validation
163980,train
70350,test
1769698,validation
1885984,train
1015715,train
2006266,test
1755907,train
133954,train
1020580,train
1103728,train
1781958,train
1183130,validation
2025776,train
1118879,train
740067,test
181621,validation
397566,train
1042894,train
1331886,test
1897675,train
556548,train
740872,train
1945537,test
34905,train
1626114,train
963694,train
1911150,train
2111905,train
1229779,train
666438,train
1921736,train
265472,train
1296309,test
1619063,train
601566,train
1655177,validation
1890647,train
1169255,train
1011865,train
2181965,test
998751,test
570804,test
1992556,validation
2166975,validation
1719116,train
1410005,train
697509,train
115695,train
369051,test
1106819,train
302291,validation
1175248,train
1685195,validation
46444,test
377712,train
2140115,train
1111372,train
390943,train
233805,test
1288377,test
454667,validation
100659,train
289801,validation
488740,validation
690483,validation
460410,test
1251026,train
1795646,validation
950854,train
969607,train
185507,validation
1213115,validation
127779,validation
477341,train
1331318,validation
145595,train
4648,train
1283589,validation
1330270,train
1226657,train
2219985,validation
990857,validation
1292900,train
1291465,test
1906594,train
1295676,train
686567,train
1166051,train
2107604,test
1177432,test
144985,train
460530,test
343212,train
955292,train
1081179,validation
81045,test
1530657,train
685041,test
713499,train
2185794,train
66514,train
88487,test
1752961,validation
1871694,validation
1085072,train
345778,test
1079783,validation
951659,train
965770,validation
1692775,train
1718035,test
239543,train
227604,train
1693155,validation
395974,train
2235630,test
84199,validation
1890342,train
1104849,train
1908144,validation
2186202,train
154433,train
553282,train
1270398,validation
1087090,train
1915458,train
1286153,test
1643945,validation
181020,test
1271419,train
133834,train
1334434,train
81732,train
111459,test
1554916,test
882203,train
43760,train
1759894,train
380296,validation
2005096,train
1633182,train
192729,train
1337994,validation
2162324,train
1192513,train
701138,train
1831296,train
1033363,test
1741642,train
1867373,test
2164621,test
12400,train
1247357,validation
1173756,test
264482,test
1648074,test
119368,validation
1351249,train
1791230,train
1746126,test
1108599,train
1139084,validation
1833843,train
2247477,train
1037157,train
1909570,train
38506,train
1909095,test
1927196,train
751478,train
692778,train
1761100,train
411883,train
256160,train
1396106,train
301474,test
1848684,train
659731,train
707505,train
3896,validation
1852223,validation
1921524,train
1193857,train
1032633,train
1253664,train
672382,test
1769611,validation
645565,test
1156810,validation
1061144,test
2025277,train
1576302,validation
1792550,validation
1839053,train
1087540,train
386316,train
2149738,validation
2099400,test
1935006,train
1143903,validation
1896241,test
39620,train
184178,train
43828,train
1218910,train
1828226,train
121272,train
995770,test
1930590,train
2205808,train
296763,test
1854481,validation
1755429,train
159070,train
39465,test
386062,train
1628196,train
505225,train
96264,train
1041508,validation
1087092,train
1071876,train
1189074,train
2019466,train
216918,train
370961,train
1949602,train
236990,train
370637,train
2000938,train
1960933,test
1185082,train
2026080,train
1942084,train
1182119,train
285755,train
386303,train
2219031,validation
1675724,train
1635885,test
511929,train
127194,train
1098658,test
689654,validation
243316,train
1246150,train
1615812,test
1133710,train
559743,train
1302304,validation
38903,train
1109182,test
1844759,test
2157513,train
1873700,train
417336,validation
1188358,train
161664,train
1262916,test
194251,validation
1196276,train
1746250,train
496997,train
1717415,train
1663548,train
1753164,train
1160835,train
1615400,train
2013559,validation
1784828,train
2249144,train
1139980,validation
692874,train
563446,train
1331472,train
1320039,train
137432,test
2240616,validation
1857644,test
2089514,train
92157,train
1918600,train
879470,train
1813984,train
1304883,train
1898829,train
970487,train
1105823,train
1956740,train
1089698,validation
1710906,test
403843,train
154707,test
200987,train
1639430,train
1258036,train
2206375,train
309047,train
1775072,train
1903998,validation
2176065,train
670227,train
1641557,test
10732,train
1336696,validation
1171693,train
1334342,test
2203034,train
1711597,test
1882704,test
7269,train
1075261,train
1963415,train
91914,train
1103745,train
694489,test
1841853,train
160512,validation
615333,train
613556,train
227509,train
678385,train
1893162,train
1327132,train
1893875,train
1787565,train
19583,train
54432,validation
1210410,train
143711,train
1140386,validation
301488,train
1833039,validation
1017196,validation
1061118,train
657723,test
1956985,validation
1892358,train
2002629,train
1295187,train
2197991,validation
1934970,train
16995,train
1634608,train
53707,train
2140950,train
2253104,test
1038483,train
945277,test
714008,train
2066630,train
733669,validation
1821136,validation
63462,test
204637,validation
986646,validation
355600,test
425135,train
129362,validation
1836427,train
352681,train
1766412,train
1947292,validation
376457,train
2176618,train
1326333,validation
214165,train
121095,train
1689586,test
264801,train
1788684,validation
1242681,train
208944,train
1908251,test
2220163,validation
1165145,train
2171000,train
538448,train
1748175,train
1963806,train
311050,train
2056111,train
1787758,train
1765294,train
723433,train
388598,train
1855206,train
76472,train
1658239,test
120032,train
2017789,train
958891,train
694182,train
1028319,train
1893241,validation
1995318,train
1783714,train
418389,train
1135240,train
1039056,test
1054555,train
121103,train
305728,train
733410,validation
1620093,validation
409441,validation
2058792,validation
262380,train
2043941,validation
1229719,train
1799319,train
57772,validation
1749611,validation
1226066,train
1270283,train
278951,train
1644406,test
728763,validation
217668,train
254878,validation
1818765,train
389008,train
1183058,train
1269957,train
2240412,train
6759,validation
1815011,train
1484427,train
2190699,train
1027857,train
1649502,validation
417728,train
2014742,validation
1625420,train
1631745,validation
19651,train
2154656,validation
1117654,train
76391,train
67957,train
1951993,train
1575239,test
369074,validation
392080,train
1960150,train
92166,validation
82857,train
1800595,validation
1736504,test
1628190,test
377211,train
1213416,train
685962,validation
1781241,test
621418,train
2063907,validation
1024295,train
934607,train
141505,validation
1631312,test
996562,train
136314,train
1227280,train
646297,train
1241227,train
58730,test
1193616,train
1194388,train
2187969,train
741144,train
261691,train
1748073,train
1102225,train
1004793,test
1211429,validation
126594,train
2143672,train
111203,train
1096465,train
1629509,train
2170781,train
1442164,train
1162613,train
1928379,test
1937150,test
2220201,test
336519,validation
649608,train
1512945,test
1895452,train
1954624,train
1008677,train
2018940,train
40581,train
1825234,train
1812523,train
1210622,train
782631,test
1338057,train
1005983,train
991285,validation
1813511,train
1163226,train
415457,validation
1128234,validation
177195,validation
1009261,test
1017763,train
822043,train
1482521,train
300450,train
179663,test
1252953,test
165870,train
397198,train
1029999,validation
1200643,test
990442,train
2011543,train
315199,train
2207958,train
619624,test
103615,train
398292,train
1076605,train
272135,test
387972,train
341189,train
1803036,validation
579738,validation
1329308,train
380084,train
1106341,validation
623725,train
1820958,validation
417743,train
1775088,train
1235776,train
1827455,train
1169881,train
2160267,train
1659105,train
114366,train
1609595,train
269005,train
1666883,train
1089450,train
1243840,validation
1128813,train
1068715,validation
89505,train
225500,train
2015081,validation
1613521,validation
2240934,train
491607,train
686636,validation
1018877,train
172804,train
1192113,test
94959,train
111036,train
1804715,validation
1748667,train
1940089,validation
1774278,train
905310,validation
2002901,train
1926142,train
813865,train
32229,validation
343029,test
316365,test
701633,train
1874198,validation
336435,test
1711207,test
1257162,validation
60237,train
224606,train
680133,test
161385,train
1628617,validation
1167516,validation
1781462,validation
1872944,train
302834,train
2134793,train
2228666,train
147655,train
1256104,train
1196901,train
117767,validation
1847409,train
2029501,train
1789622,train
1817211,train
1962751,train
42789,validation
1878521,train
1630576,train
2230278,train
696854,train
1340661,train
411599,train
1887722,train
1135703,train
74531,train
1165521,train
707635,validation
1216405,train
1864813,test
36088,validation
703809,train
2186898,train
343917,train
2072597,train
1740456,validation
404450,train
2071539,train
1745329,train
1314206,test
1915247,train
1763715,validation
1180491,train
1350075,train
180350,test
1197628,train
1172070,test
183344,test
1693491,validation
2129926,train
291673,train
219758,train
1325319,test
1869533,test
730247,train
4772,train
420368,train
1136568,train
1171486,train
1917164,validation
1899032,train
1046414,train
2024563,train
504022,train
1084930,test
2179587,train
1994833,train
1034407,validation
1118095,train
1912508,train
1993624,test
1258180,train
931015,validation
22660,train
2233156,test
1325075,validation
200640,train
136362,train
613252,train
218593,validation
691050,train
1872839,validation
1074183,train
1030549,validation
2039016,train
1756942,train
401021,train
218138,validation
1902624,train
1135130,test
2172965,train
1719860,train
1332985,test
1875120,validation
403503,validation
24414,test
2225397,train
129369,train
2248886,train
1014950,train
205480,validation
571671,train
386876,validation
1906134,train
2029972,train
324776,train
187533,train
2216083,validation
1013923,validation
2100987,train
267222,test
1632305,train
1695655,train
264029,train
1175486,train
1685458,train
1857873,train
1702754,train
1229244,test
121714,test
1066391,validation
1636613,test
1233116,test
1911651,test
1801288,train
1052589,train
140522,train
1813192,train
1048649,test
1181796,train
1793706,test
91281,validation
1923880,test
1928303,train
1092570,test
2045859,validation
1275553,train
1628662,train
1350161,train
1247996,test
305495,validation
251365,validation
374478,train
217924,test
1008073,train
1906238,train
2070139,train
131001,train
33511,train
1917667,train
1879060,train
104299,train
1008897,train
1093573,train
924761,test
1077597,test
1348746,train
1243441,test
2019418,test
1335906,validation
2160353,validation
324984,train
201505,train
402794,validation
295169,validation
649831,validation
924513,test
1975699,validation
1625012,train
1721371,validation
1628025,train
954001,test
1035861,test
1920408,train
2211709,train
215842,train
224630,train
137197,train
385749,test
565687,train
2017241,test
1186337,train
2043055,train
1171322,train
1745580,train
416813,validation
396978,train
525917,train
1037397,train
148696,validation
2197856,test
2234643,train
111916,train
1694088,test
79462,train
1751144,test
666927,test
1200881,validation
692269,validation
120986,validation
636913,train
1298963,train
2235215,test
251466,test
618472,validation
1792187,test
1098857,train
376733,test
2038639,test
1804466,test
1173709,train
635223,train
2032692,train
735202,train
1318721,train
278369,train
188699,validation
98123,test
1087757,test
1164696,test
1983002,train
276893,validation
2020457,test
1868741,train
1767499,train
719941,test
991955,test
2237877,train
1331563,train
1094845,train
1321660,train
86277,test
1855662,test
84689,validation
1688508,validation
1276330,train
281306,test
1352334,validation
1903824,test
1339185,train
937916,train
1055106,train
1116902,train
417079,train
1593594,train
73910,train
1858299,validation
2030091,train
1773293,train
1973643,train
1156573,train
1043661,train
1016010,train
1815542,train
1134430,train
2066304,validation
1149584,test
600435,validation
175506,validation
991693,train
1896538,train
1852291,validation
182705,train
219550,test
1743162,test
46945,train
40869,train
1764705,test
607682,train
1604105,train
1562337,validation
1080425,train
38507,test
1690974,train
2227578,validation
527574,train
1350933,train
417754,train
2006806,train
48120,train
506364,train
1630479,validation
92575,train
1691621,train
1844912,validation
1193028,validation
1272763,test
834031,train
136450,test
2177145,validation
63662,validation
1319868,train
1244887,test
1319273,validation
877877,train
2100856,train
170329,train
1808611,test
1684837,train
1726878,train
1204684,train
1123495,train
301797,train
606190,test
1258626,train
1069265,train
487285,train
475584,train
1331906,validation
1211190,test
1933926,test
899642,train
1825402,train
980500,train
118552,validation
324019,validation
1695175,train
381041,train
1641489,train
1105353,train
1813782,validation
174369,validation
1088289,test
1115602,train
1866955,validation
1022497,validation
1111566,train
1174135,train
1350607,train
1029689,train
418988,validation
94330,test
131809,validation
1024873,train
1209531,test
199932,validation
1187170,train
131702,train
2035476,train
952153,train
845461,train
1211279,train
2256845,validation
348962,train
1878471,train
1123718,test
1043999,train
994564,train
1903512,train
997194,test
1253353,train
289462,train
2123714,validation
66102,test
959803,train
129503,train
1258116,train
1900182,train
1248843,train
1793433,train
335847,test
1042076,train
527975,test
1810640,train
746718,train
1707859,test
2098273,train
635426,train
309836,train
1867550,validation
1933270,train
1966866,test
1305438,test
34388,train
2229230,test
338473,train
1235227,train
736622,test
1281975,train
365705,train
1288933,validation
573190,train
682196,train
2173591,validation
1218018,test
403072,validation
1343000,train
1166938,train
238510,validation
1148554,train
1149081,validation
1180406,train
469162,train
254578,train
278264,train
415249,test
169508,train
8172,train
463731,validation
513362,validation
108827,train
2188674,train
357305,train
58191,test
1664093,train
542877,train
1124597,train
1936187,validation
2162740,train
48953,train
1614769,validation
1812530,train
1210111,test
1315599,train
1798241,train
1219956,validation
904885,train
1097118,train
744997,train
1947151,validation
1781922,train
2239213,train
84599,train
664193,train
1252704,train
2221176,train
1904141,train
1897605,train
1818296,validation
1883564,test
1343800,validation
1242747,train
1104240,test
409012,train
149931,test
1791892,train
1352569,validation
2145316,validation
1925150,test
144304,train
1963963,train
1622480,train
1786744,validation
1017708,train
961220,train
1337585,test
584663,test
2101884,train
1694256,test
1139810,train
1780103,test
73904,test
20747,test
984968,train
85995,train
874722,train
459410,train
30883,train
1834768,train
555899,train
337379,train
1672498,validation
1110780,validation
1886153,train
734683,test
1320121,test
1177178,validation
1044896,train
1804204,train
27598,validation
1937838,validation
1139561,train
1262934,validation
1828725,test
1151284,validation
1055636,train
42183,train
1100375,train
229526,train
1928378,train
739141,train
1306227,train
885788,train
1911005,train
975914,train
1220353,test
1986633,test
79994,train
2024544,train
1890044,test
238950,validation
1152359,train
306814,train
1334949,validation
1351840,train
1195819,train
431038,train
1650446,validation
2029450,validation
330844,validation
60236,train
1726961,train
134389,train
2172192,train
1997707,train
634141,test
545143,train
171768,train
1917958,train
1987120,train
1090063,train
2100763,test
1319399,test
1560074,train
1901522,train
1876544,train
463035,train
205250,test
1342875,test
2122667,train
1792581,test
1647733,train
2138605,test
658013,train
892893,train
353381,train
1646085,test
746308,train
921080,validation
311405,train
73799,train
34934,train
309,train
69878,train
1944636,train
2088217,train
732867,validation
1861002,train
24895,train
725080,train
106340,validation
1683304,validation
1637418,test
2137,train
1573893,test
626987,train
1971514,train
2016771,test
203555,validation
1174444,train
196469,test
1211888,test
616634,test
337735,train
2041689,train
1756271,train
2183917,train
537941,train
2038602,test
1101893,train
120142,train
1625211,test
646700,train
198575,validation
65854,validation
1109006,train
1702009,train
106050,train
1291390,test
2140360,train
1132306,train
1786703,validation
1117425,train
1081715,train
223211,train
1961045,train
1321079,train
201409,train
48182,train
1829604,validation
1064930,validation
2181639,train
1207199,test
351922,train
1693328,validation
309557,validation
1238953,train
108238,train
597533,test
620644,train
698568,validation
926292,train
1146630,train
247834,train
362657,validation
1916599,train
1130388,train
584893,train
106852,validation
1637412,validation
2220195,train
1688910,validation
1917318,train
1249865,train
1067986,train
1882464,test
2159859,validation
1875568,validation
1213971,train
170519,test
321201,test
1213476,train
1978094,validation
1786424,test
1837595,train
1206386,test
1060344,validation
24321,test
1714797,validation
389549,train
1141151,train
1143735,train
201286,test
2164335,train
603908,validation
1802486,train
598581,train
47605,train
1698569,train
1279497,validation
2100406,train
53276,test
2155658,train
1780404,train
1930640,train
1349470,train
1078118,train
1818684,test
1911997,train
1772216,train
1146466,validation
407620,test
343370,validation
2160468,test
2200633,test
1295103,train
119099,train
591096,validation
1838109,train
2106746,train
662525,train
1055887,train
316372,test
2172378,validation
730531,train
1811526,train
1722626,validation
1730911,train
74644,train
1880538,test
70384,train
294914,train
148312,validation
1799075,validation
2143602,train
1857932,test
658701,validation
1054332,test
1825244,validation
80802,train
1275050,validation
780262,train
1642645,train
1792723,train
1579973,train
1273986,train
2115193,train
394632,train
1779277,test
2205328,train
678582,train
1213286,train
2172538,train
1234685,test
84150,train
379574,train
40203,train
1146302,test
1620814,train
1035704,train
56672,train
1613120,test
1058835,train
1559363,train
585456,train
306302,validation
366704,train
941702,train
1870563,train
1186698,validation
899908,train
1827873,test
1850824,train
729954,train
1081822,train
2112192,train
1774320,validation
657185,test
988731,train
1180615,validation
1872401,train
853740,test
60750,test
1115983,train
246425,train
1345733,train
1890591,train
301849,train
694473,validation
176424,train
343024,train
1903839,train
414261,train
1199931,validation
432539,test
275977,train
1158661,train
1015557,train
1008780,test
916116,train
1852604,validation
156654,test
1688985,train
1771695,train
690347,train
930304,train
186819,validation
1634368,train
1845767,train
12885,test
2130548,train
611981,train
1213208,train
1219041,train
411028,validation
1913806,train
1090982,train
1086216,validation
1815159,test
148150,train
1036532,train
1157904,train
196551,train
1232393,train
1927988,train
2236164,validation
684767,train
255911,train
13527,validation
342699,train
606449,validation
637531,train
2076869,train
1107843,train
1062665,train
724478,test
283639,test
1201751,train
1105243,validation
1930060,train
881744,train
567310,train
61764,test
1012094,validation
1153405,train
373726,train
652505,train
244952,test
1879681,validation
163556,train
405622,train
275490,test
2072044,validation
39300,train
1623831,train
1766852,test
290315,train
217343,train
1091860,train
35239,train
151201,test
18533,train
521061,test
332621,validation
197279,test
725969,validation
912663,test
1214899,train
132830,test
1989979,validation
114926,train
169333,validation
1929955,test
1647825,validation
1192087,train
193955,validation
1337265,train
1928782,train
587560,validation
2224338,train
1052390,validation
159472,validation
190932,train
1872654,test
1106937,validation
1898058,train
277309,validation
222717,train
1344500,train
2035562,validation
534884,train
1938698,train
272182,validation
1194841,test
2118000,train
236349,test
1118016,train
1938789,validation
2144004,train
71273,test
612760,train
30771,test
1290163,train
1014181,validation
1776290,train
1114916,train
1219070,train
161207,validation
1273001,test
62831,validation
1957496,train
263553,train
1151563,train
1313209,train
589741,train
1111321,train
1156603,validation
506421,train
1896092,train
293885,test
1121842,train
1072081,train
1853519,train
655633,test
377878,test
673509,validation
1223558,train
1137535,test
1829153,train
1075571,train
143181,train
308014,train
2013389,test
242539,train
1801052,test
2021985,test
1874140,train
2050582,train
689524,train
1125490,train
1925046,train
713503,test
605281,test
2245538,train
1352207,train
950330,train
247255,train
1602712,train
402852,train
1249059,validation
1634116,validation
2250979,validation
1935391,train
237726,train
252204,validation
1249116,validation
1647390,train
365540,train
928764,train
1559073,train
21747,train
620434,train
371491,train
307946,test
180232,train
49339,train
140468,train
2133816,validation
1860127,train
64279,test
186584,train
2056577,train
640877,validation
564180,test
2172287,validation
654256,train
95159,train
705662,train
1073112,validation
637830,validation
1252448,test
563267,train
648841,train
309883,test
1981712,train
187213,train
2250168,train
1288316,validation
240549,test
567751,train
1763890,validation
1783777,validation
706383,train
338120,train
180755,validation
2174809,train
712217,train
145620,train
2099135,train
184130,test
1224791,validation
2143318,train
1759930,train
1782549,validation
482548,validation
1139032,test
1262997,train
78669,test
337322,train
285764,test
1296735,test
664797,validation
513968,train
381491,validation
348260,train
427031,train
84185,train
234056,test
1859775,train
886930,train
1309230,train
934669,train
1960612,train
40041,train
1742723,train
1196015,train
301850,train
2124713,train
741844,train
1305126,train
2084022,train
1084571,train
682290,validation
232305,validation
1218303,validation
1930569,test
2222457,train
1961853,test
1430325,validation
223907,train
1952344,train
1903763,validation
1881657,test
1213365,train
309338,train
944808,test
1683695,train
2065412,train
1185590,validation
1505196,test
1058917,train
331824,train
284971,train
1711224,train
1753106,train
1927423,train
1006869,validation
1107775,validation
657476,train
2023715,validation
1422686,validation
1985785,train
79393,train
364216,train
1538345,test
1251403,train
681120,test
983747,train
164175,train
1776998,train
1308737,train
2242580,test
1644011,train
1746524,test
1614802,train
1246441,test
67607,train
1105400,validation
978776,train
1939505,validation
2006269,validation
1747612,validation
1619819,train
19184,train
650421,train
2129408,train
1020300,train
96281,train
1766603,test
49566,test
911774,validation
1755648,train
313790,test
1272513,test
526859,train
2090060,test
112732,train
680696,validation
207407,validation
996122,train
1273597,train
1012393,test
1072711,train
334363,train
129994,validation
1304451,train
1978043,train
303677,validation
1128846,test
339811,train
1804435,validation
220833,validation
1100712,validation
2143947,train
1306892,test
1149225,train
171665,validation
1518346,train
463716,train
1309000,train
1079482,train
1873245,train
2060516,train
1142927,train
196077,validation
2018951,train
1735466,test
398507,test
261211,validation
1282794,test
534889,test
1275333,train
1777191,train
1020317,train
885323,test
1332518,train
1142346,validation
1755178,test
1937063,train
1191923,train
1774344,validation
196691,train
1769435,validation
536421,test
1166103,validation
612303,validation
1121507,train
2004279,validation
988297,train
1672849,train
368465,train
1920850,test
1214127,validation
1889313,test
1931363,test
721666,train
695987,validation
1172181,train
1626321,validation
388859,test
1117079,validation
1786041,train
2000695,train
1912869,validation
92951,validation
338518,test
1127688,test
1076405,validation
531835,train
106926,train
1138872,train
1327082,train
22606,train
240320,train
1219850,test
2252125,test
2019799,validation
56597,train
1329179,train
979177,train
1181415,train
1148764,test
1027541,train
730686,train
1327574,train
81359,train
45943,train
1212423,validation
1840272,validation
324330,train
1234875,validation
1061883,train
1848182,train
722131,train
229585,train
1076381,train
1096454,test
628875,train
1628628,train
656096,validation
1664489,train
884629,test
1090510,train
78791,train
101878,train
1785247,train
398985,train
1334001,train
1055480,test
131432,train
284562,train
722942,train
172,train
1256288,test
1863593,test
2187912,train
1330784,train
280765,train
1021455,train
1621264,train
293724,train
1841145,train
649910,train
1888482,train
857516,test
2007988,train
169911,validation
2096221,train
1798068,test
1011413,test
2024912,validation
680384,train
895105,train
1875762,validation
377670,train
352132,train
1261700,test
184513,test
1072202,test
2126614,train
1901457,train
1242151,train
1152026,validation
1791076,test
91446,train
21365,validation
70790,train
1826495,train
449566,train
1095376,train
153518,test
1288192,test
1903037,test
2153429,train
1144491,train
74463,train
1288700,train
2203029,test
1923817,train
1780875,train
145631,train
1916920,train
1829601,train
1240527,train
38692,validation
592723,test
1319149,test
1750959,train
1896860,test
908119,validation
1712348,train
1299672,train
115913,train
1994370,train
106082,test
1897188,train
8407,train
1019299,train
238492,train
2221963,validation
1456097,train
938045,validation
295384,test
77116,validation
1936679,train
1243666,train
1140937,train
286728,train
1068944,validation
713985,train
2037052,train
1006672,train
1148383,train
776567,validation
60766,train
1840443,train
2238533,train
399215,train
2252765,test
584350,validation
901308,test
1626265,train
2209349,train
62683,train
183037,train
2164907,validation
360246,train
2086443,train
1909997,validation
2018960,test
1892331,validation
146950,test
339581,train
298823,train
330384,validation
2110689,train
1635149,train
466750,validation
1776586,test
2036267,train
2012014,train
1145570,test
287605,validation
263198,test
1922382,train
233807,validation
1834471,train
714647,train
1218402,train
400978,test
2038085,test
1951039,validation
120166,test
146665,train
1914305,validation
1067180,train
1305042,validation
1759203,validation
1197780,validation
1122682,validation
1925034,train
250090,train
1791979,train
192929,test
2217146,validation
107403,test
1149816,train
1123052,train
1127215,test
1273740,train
2259630,train
1031230,train
1285620,validation
49703,train
376336,train
1145042,train
323187,validation
1061717,train
1821000,train
161628,test
1026163,train
1856734,test
1345304,validation
1292306,train
1797816,train
2022851,train
120908,test
260859,train
2173295,train
714534,train
146576,train
520721,test
2111423,test
1324213,train
1281054,test
1165988,train
1118194,train
1901830,test
688253,test
142782,test
106509,validation
29469,validation
1816706,train
2146,train
108981,test
1813409,train
1625940,train
669901,test
1243121,train
1029274,train
71990,train
1236417,train
200430,validation
1914018,test
1026815,train
655774,train
270659,train
44013,validation
1199483,train
1958060,validation
1227403,train
109160,train
1170849,test
1094324,train
1024283,train
1293171,validation
337685,test
403714,train
1509759,train
260837,validation
1021205,train
168858,train
1120192,train
735541,validation
1118125,train
137457,train
1235286,test
120596,test
1885669,validation
2016024,test
159343,train
1698353,validation
1001079,test
1646754,validation
1742400,validation
1919391,train
164738,train
351335,train
1631742,test
1005683,train
2100054,validation
38143,train
160748,test
94031,validation
388495,validation
309175,test
148571,test
119525,train
1037629,train
1762047,train
2041410,validation
1243570,train
1029529,train
239964,train
1064201,validation
1218219,validation
1874568,test
327204,train
1683124,validation
49906,train
2010388,test
998009,test
2204934,train
491466,train
1120263,train
991555,validation
690293,train
1265291,test
1620338,train
292518,test
1067086,validation
1734108,validation
179357,train
2016027,train
403338,test
1096392,train
1349675,validation
1323789,validation
379860,validation
546912,validation
1673795,validation
11659,train
1960768,test
130885,train
1628364,train
1182523,validation
1191779,train
120222,validation
1293312,train
384358,train
968953,validation
8054,test
900177,train
1871760,train
301217,validation
295437,train
20679,validation
664899,train
1273929,train
1157157,train
2207631,test
1061715,test
1922467,train
2094026,train
75945,train
2209277,test
711669,validation
92029,test
2101036,test
1223365,test
1338616,test
686962,test
1809751,test
1854426,train
1144638,validation
1235164,train
1060568,train
1229198,train
1130084,test
1880745,train
1142153,train
1907940,train
127566,train
1677385,test
1275569,test
1320934,train
1057298,train
1977671,validation
2249212,train
237389,validation
675601,train
580062,train
1717374,train
734763,train
161375,test
701219,test
2292,train
1854796,train
461884,test
411398,validation
1062906,test
1278262,train
266618,train
16410,train
704944,train
92459,train
2011237,train
1929279,train
1811711,test
216894,train
1892207,train
145346,train
527427,train
1907502,train
1043145,train
359536,validation
1937109,train
104107,train
656318,train
1081941,test
627375,train
1795790,train
1127371,train
595279,train
1013491,train
1266586,train
36051,train
731219,train
1279955,train
670169,train
693740,train
1292281,validation
36741,train
1198236,validation
721760,train
167248,train
268465,validation
614104,validation
1053707,train
214102,train
1644225,train
2006780,train
363035,validation
602854,validation
2011583,train
1226427,train
608350,test
1315741,train
1027027,train
2160208,train
1190313,validation
1896228,validation
124983,train
383051,validation
1185907,test
308997,train
1868386,train
17822,train
1046528,validation
160136,train
653560,validation
1877718,train
1481885,train
54756,train
87630,test
537662,train
268070,train
238354,train
1498119,test
1089444,train
687751,train
1163812,train
1151955,test
2258788,train
64886,test
624840,train
316709,test
1249174,train
1861857,train
1830082,validation
1950265,test
81976,test
1012311,train
1063931,validation
262961,test
562534,validation
936891,test
1927189,train
1269427,validation
1619298,test
1864226,train
1785375,validation
2210533,test
725361,test
144923,train
171409,validation
1831869,train
500688,train
1150628,train
1166537,validation
952769,test
1235391,test
211332,train
1105956,validation
618137,train
1753101,train
1841189,train
780870,test
1708298,train
229938,test
249501,train
1658499,train
101086,validation
1640625,train
2190794,train
1713509,train
1051707,train
105405,test
394373,test
1634286,test
922935,test
891450,train
464823,validation
41333,train
650008,test
2231963,test
299223,train
2068535,test
193401,train
21180,train
2063036,train
1565917,test
1820116,train
684241,train
182676,train
870503,train
164697,train
684499,test
1986399,validation
1790007,test
233311,train
79379,test
1307282,train
2076322,train
247489,train
2018288,train
1818925,train
37556,validation
356197,train
171117,test
111152,train
1976058,train
683917,validation
1281563,validation
2020133,validation
232639,train
502561,train
1926857,train
33216,train
530845,train
1520253,test
1998408,train
376638,validation
1912217,test
393811,test
2243789,validation
227374,validation
1263920,test
1882084,train
1675537,train
1766819,train
641834,test
1205256,train
295040,train
138190,train
1089752,test
1208150,train
1951140,test
282244,train
156027,train
1291386,validation
540623,train
535512,train
2007249,validation
869020,train
1161143,test
1024897,train
33631,test
1096932,train
1163345,train
1551564,train
1728995,test
335437,train
9199,train
389161,train
991790,test
2077997,validation
228611,test
79318,train
60178,train
1848730,test
1811818,test
362497,train
1820266,test
56803,validation
1328161,train
1874347,test
1260574,train
1893581,train
213006,train
1887281,train
1165888,test
233095,train
101143,validation
1507922,test
395884,train
748045,train
651461,train
1775558,test
1203904,train
37313,train
86135,train
1293956,train
1344363,validation
392663,train
403693,train
1211787,validation
1237726,train
1811553,test
1726472,train
1637130,train
1127841,validation
313453,train
921042,test
1837422,test
2170106,train
324981,train
1899650,train
166682,test
1320720,test
1098314,train
103195,train
2227081,train
1925722,train
378660,train
993660,validation
1265660,train
1718579,validation
94809,train
876653,test
92688,train
65008,test
732758,train
288153,train
1905285,train
1018908,train
1167417,validation
298999,test
1839421,train
1329162,validation
121035,train
210838,test
45319,validation
77867,validation
196272,test
1170629,train
1864015,test
1903651,test
327426,test
811424,validation
2018765,train
464098,validation
2069388,test
319284,train
1319624,train
1049648,validation
961804,validation
1154500,validation
705176,train
1556798,train
689951,train
1283003,train
69167,train
2149569,train
1307719,train
1215502,train
1180609,train
1265567,train
2259081,train
295007,test
2155333,train
2032956,train
1890933,validation
1809485,train
395503,train
1318174,train
1074213,train
108790,test
1321999,test
1873894,train
1112589,test
902195,test
752735,train
627263,validation
947644,train
1141777,validation
1081426,train
2169748,train
1873389,train
324863,train
1171313,train
1018929,train
9472,train
378771,train
1342081,train
1286451,train
1636474,train
25972,test
419041,train
1761209,test
1876539,validation
512266,validation
1130798,test
193409,train
1823654,test
1037520,train
366979,validation
363678,validation
680177,validation
1216035,train
1053449,validation
683460,test
173322,train
227452,train
134243,validation
291598,train
245143,train
962163,train
1167105,train
1283528,train
1189756,validation
75384,validation
281892,train
1770606,train
2062262,train
1046171,train
2024043,validation
1747681,train
1321852,train
47227,train
2123375,train
61803,train
1828380,train
1724157,train
1951786,train
317686,validation
1255886,train
1982472,test
992943,test
2087713,train
2119807,train
1778947,train
1185588,train
384675,train
1311445,test
395230,train
1032831,test
1907594,test
1138280,validation
1728007,validation
227146,test
245631,train
1728509,train
1760817,test
1283495,train
948917,test
1201258,train
1170891,train
1632885,test
61965,validation
2093275,train
84685,train
449701,test
1273308,test
15547,train
1921417,validation
164398,train
1711002,train
569103,validation
1830565,test
729040,validation
1096064,validation
1805534,train
2036448,train
267216,train
1593819,validation
108039,validation
1822279,validation
2166928,train
2195929,train
1326116,train
350826,validation
1075411,train
1780288,train
214376,test
2010776,train
1029184,train
80662,validation
1772381,train
1230462,train
416910,train
2117562,validation
1958346,test
1083520,train
1627830,train
352252,train
1811696,train
1838087,train
432316,train
145150,train
1994998,test
939614,train
631929,train
922107,test
914222,test
411176,validation
1873148,train
1806220,train
1925764,validation
1104714,validation
1289685,validation
1101665,train
2024684,train
1330841,test
1342718,train
1185176,train
28504,test
1953899,test
309284,train
1854766,train
30351,train
576588,train
402806,train
175838,test
2220550,validation
1143410,validation
741362,train
358883,train
534263,train
348560,train
221137,test
1902248,test
223398,validation
1675382,train
1316020,train
1211314,test
893618,test
982453,train
52341,train
683691,train
337276,validation
802727,train
1638920,train
1569689,train
1866011,train
1810841,train
1728151,test
364742,test
444544,validation
1149545,train
1782922,validation
382798,train
1352601,test
434792,validation
2254829,train
1774638,train
1045916,train
2026114,train
1155213,validation
626903,test
1863973,train
1834447,train
730111,train
253827,test
589334,test
1885188,train
747451,test
1763322,train
1774405,validation
1927308,train
298913,train
179979,train
1017690,train
14546,validation
1241835,validation
1238130,train
1811495,train
2027346,test
356237,test
1888995,test
2200276,train
1106197,train
1219208,train
1157434,test
1863583,validation
82473,train
1996013,validation
729374,test
894781,test
1072702,validation
1719469,train
197355,train
2207402,train
1236234,train
197882,train
308420,test
139601,train
314155,test
288689,test
1902672,validation
2079450,train
1950602,train
1068881,train
1222035,train
1268479,test
1781180,train
302145,train
1806480,validation
1979301,train
1211608,train
1135495,validation
1161012,train
1837563,train
1828265,train
1330537,train
255652,test
1282829,validation
232586,train
1844924,test
2071713,validation
204890,test
223610,test
1812170,test
583341,train
2259465,train
179372,test
987081,validation
547122,train
1115650,train
1261376,train
1119383,test
2245269,test
1661943,test
1068700,train
2134763,validation
1771211,test
320715,train
904742,validation
1115579,train
1340695,train
1164923,train
396651,train
1800203,train
728723,train
1057597,test
314338,train
625777,train
1299530,validation
1221659,train
1319278,train
207786,train
668957,test
956618,validation
446646,validation
54589,train
1732710,validation
2118631,train
1185816,validation
729827,train
1269095,train
1908695,validation
88880,train
1843116,train
1031597,test
145822,test
2299,train
1785248,train
1181066,train
337444,train
636754,validation
1862829,test
246236,test
2158858,train
1101845,test
2200035,train
1757078,train
2018105,train
2249832,validation
1982550,train
1986653,train
2021035,train
1972721,train
2081114,train
1029013,train
1809866,test
779437,train
1233193,train
300231,train
1865033,validation
232987,train
1633956,test
1069244,train
65859,validation
792527,validation
406652,train
311483,test
1299165,train
1182998,train
2024319,train
1650574,train
1033849,train
51625,validation
1322179,train
1872532,validation
50604,train
180449,test
729125,validation
1772930,test
2194115,train
25648,test
1100714,test
1821448,validation
207493,train
268145,train
909507,test
1299583,validation
1127958,test
1065155,train
2248468,train
1898223,train
979786,train
508560,train
1656212,train
1169763,test
1890476,test
144689,train
15005,validation
1206235,train
612754,train
192595,test
103166,train
2212488,train
122202,validation
1250533,train
101488,train
1301667,validation
101499,train
562029,test
46404,test
1244293,test
554631,train
1278474,test
1926560,train
1156380,test
210983,test
194836,test
417052,train
1095713,train
2182064,test
1792964,test
892404,train
1822131,validation
1823424,validation
1679978,validation
1273483,train
417008,train
134207,test
981398,train
2206320,train
1638341,validation
74379,train
1986558,validation
1157881,train
1028294,validation
1838458,train
1733453,train
1682353,validation
1926709,validation
214780,train
282998,validation
2050762,train
952274,test
1037641,validation
710648,validation
732367,validation
1863700,validation
1004968,validation
2111417,validation
1822858,validation
1343870,validation
726443,train
1230487,train
202030,train
1712857,train
152093,test
111306,test
702582,train
1922994,test
1168239,validation
210893,train
1711615,test
748929,train
187451,train
1243425,train
1017257,train
1692127,train
2023017,train
663983,test
334992,train
248577,train
1094819,test
619026,train
325604,train
2000779,validation
698379,train
213631,train
1956090,validation
268763,train
1708216,validation
910330,validation
2233720,train
304418,validation
1185619,train
26736,validation
33987,test
203853,train
2174826,test
325387,train
1275575,validation
1006909,validation
1760599,validation
2220092,train
296520,test
568482,train
51420,train
117789,test
523776,train
272912,validation
358446,train
1086587,train
1511194,test
1809741,test
206032,train
281934,train
8161,train
730821,train
907768,train
1879273,test
1097235,train
1023691,validation
1739200,test
2024447,test
1913850,train
2113251,train
1544192,validation
1087366,validation
1618264,train
1775477,train
2113022,test
30360,validation
124420,validation
1648079,test
1220177,validation
1719642,train
1002536,validation
1166642,train
140895,test
1324261,train
348441,train
317896,validation
406375,train
1325003,validation
1087308,test
1241443,train
1626134,test
1785868,train
1107637,test
456029,train
2004296,train
1015359,train
1624836,train
372871,validation
1284880,train
258566,test
1226978,train
898406,train
197118,train
1250315,validation
189334,train
1761775,test
941523,train
1268780,train
1084558,train
46157,train
1887502,validation
1760577,train
2072076,train
367174,test
1892028,test
1243288,train
719007,train
2030756,test
1133283,train
377512,train
861724,test
722076,test
1676122,train
1090112,train
2226363,train
216995,train
300999,train
68894,test
672856,train
1648422,train
146207,train
1223229,validation
981305,train
337237,test
1264296,train
1588914,test
15268,test
347649,validation
1935822,train
1865778,train
1270791,test
686572,train
570484,validation
109743,train
1875435,test
1238613,test
1772804,train
2245409,train
142366,validation
678368,train
2237255,train
1770237,train
238537,train
1251153,train
593613,test
1182753,train
1126648,validation
260751,train
42372,test
335323,validation
1045410,train
1273464,train
433327,train
462198,train
146497,validation
1168144,train
694436,validation
1944571,train
672044,test
1662811,train
1314963,train
656331,train
1350456,train
2257969,validation
121500,test
893103,test
119522,train
1969277,train
937365,test
1338092,train
2096448,test
1201199,train
2104767,train
61279,train
1845565,test
1563834,train
166827,train
114432,train
2101414,train
199864,test
2077870,train
1265672,train
1813004,train
1621601,train
580484,train
1745459,train
1630672,validation
1789434,test
222411,train
2070791,test
2035412,test
39235,test
1649806,train
78240,train
2193622,train
1767286,train
205478,validation
7201,validation
1731062,validation
101062,train
1232322,train
1497156,train
247966,validation
1139743,train
1095007,train
1161720,train
1060029,train
1069415,train
419883,train
322501,validation
1819844,train
1912695,test
584785,test
1658570,test
169382,validation
1829509,train
2240960,train
2231498,validation
54073,train
13688,train
674168,train
2007696,validation
93344,train
363256,test
1150189,validation
1904580,train
432149,validation
1334348,train
1999532,test
1752519,train
1136246,test
1862353,train
78169,validation
51346,train
305198,train
2103403,train
41441,train
1891644,test
1134460,train
1029376,train
341916,train
774649,train
1897638,test
736336,validation
286387,train
703462,train
405266,train
377924,test
1772727,validation
1746269,train
2254151,train
205465,train
1136394,train
959867,train
1504781,train
2169667,train
2043636,test
1157093,train
1973730,train
1839889,validation
1643447,train
1820707,train
283561,train
1123500,train
1349008,train
1956969,train
1667196,train
1227855,validation
348289,validation
1802939,test
670780,test
209391,test
2215224,train
459376,validation
1296926,train
1965064,train
2034388,test
1070390,train
9623,train
1063469,train
844692,train
463333,test
116579,train
384577,train
1918201,train
1842014,test
1246243,validation
305473,train
1733387,train
2018078,test
300103,validation
1825604,train
1833335,train
302135,train
1736663,train
1851742,validation
1868045,test
1818638,train
234045,train
1819183,test
1987515,test
1205859,train
1247396,validation
1619944,train
102597,validation
848111,train
1118985,train
389953,train
251540,train
278698,validation
267559,train
2171979,train
1753006,train
2028001,validation
2211333,train
1923243,train
1312530,test
1911159,validation
335863,test
609441,train
2113812,train
923418,validation
112766,train
2038685,test
398624,validation
2006254,train
140600,train
1672419,train
209997,train
1309004,test
1006158,train
86776,validation
1077772,test
709194,train
1112509,train
1818139,test
211305,validation
612511,train
231737,train
1882970,validation
264754,validation
1834790,test
1176031,train
77690,train
935406,test
547945,train
345399,train
1194251,test
1317941,train
1805278,train
23083,train
114341,train
1863206,train
2003207,train
1059898,train
1879125,train
1003967,test
1070698,train
276200,train
689295,validation
1061923,train
584666,validation
1261026,train
727584,test
1663850,train
297747,test
259956,train
2158305,train
514956,train
37089,train
1185030,test
985912,train
1623095,train
1807897,train
1648312,test
1864956,test
1318576,train
929782,train
1244197,train
1798011,test
1762936,train
108784,train
872136,train
129973,train
5814,train
1781570,validation
1900252,train
2255198,validation
107701,test
2008943,validation
591652,validation
1666249,test
379977,test
725621,validation
9970,validation
691667,train
739858,train
1303667,train
1655944,train
197032,validation
226666,test
1269618,train
2209244,train
239072,test
1140235,test
1905151,train
374182,validation
1227094,train
1320017,train
720597,train
360905,validation
238698,train
1601598,train
261440,train
1970078,test
1219219,train
1743520,validation
185400,train
1191378,test
1676087,test
670357,train
258902,train
95429,train
954271,test
315943,test
1147054,train
536759,train
1162387,train
1167621,validation
2223573,train
2162208,validation
1700262,train
1065344,validation
391780,train
718814,test
298245,train
714171,train
187966,validation
230339,validation
274494,test
978737,test
1657355,test
230331,validation
1149030,test
1126320,train
1127130,train
2162181,validation
145901,validation
597834,test
2246605,train
305638,train
1938131,train
1798557,train
308942,train
1932264,train
725897,validation
1161564,train
33344,train
928994,test
323028,train
252139,validation
94472,train
1316918,test
100,train
672309,validation
2245992,train
1818669,train
1816488,train
1225896,train
121022,train
373384,train
1980733,train
1915628,validation
158326,validation
1024345,validation
522975,test
1915559,test
1859205,train
61950,test
1066061,train
1121831,train
1615439,test
180033,validation
2166262,test
1246122,train
1042499,train
2164072,train
841823,train
1717739,train
1617122,train
1142903,test
739588,train
1159616,test
10494,train
1252522,train
1077432,validation
399067,train
1726517,train
1980877,validation
1057395,train
2061549,train
1618432,validation
2005902,train
1528792,train
1109371,test
1141962,test
1075601,train
1091162,train
1032781,train
1142460,test
2082670,train
66501,train
1888702,train
1704092,train
1197767,train
691519,test
12255,train
617972,train
1332763,train
88339,train
1171455,test
138563,train
1708577,train
1856658,train
1184340,train
1873628,train
149198,validation
2218296,test
1882222,test
1162547,test
1917466,train
385495,validation
1210238,train
992104,train
1057543,train
522180,train
1887585,train
2126875,train
1804786,train
1312139,train
1242480,test
1283665,train
647750,train
1322640,train
702933,train
653176,train
1908090,train
398396,test
1881319,validation
1014823,train
113182,validation
1292004,test
708325,test
114359,validation
1088535,validation
1273497,train
271073,test
2202095,train
393283,train
999702,train
549262,train
326451,train
2183794,train
375010,validation
154162,train
1603356,train
5723,train
292045,validation
32858,train
161529,train
1126916,train
157,test
377802,train
354623,train
1643706,train
268930,train
104974,validation
97383,validation
352964,validation
14827,train
2234420,train
1671508,train
304147,validation
1220189,train
1637414,train
351002,train
1801647,test
1059608,train
1342772,train
207263,train
2167680,validation
1918904,train
1901476,validation
135746,validation
747453,train
1348903,validation
197453,train
740439,test
680570,validation
198347,test
180538,train
30120,train
599263,train
707182,train
1101618,train
2025300,train
1757145,train
836022,validation
274468,test
1804405,test
1113713,test
124308,train
1728227,train
1312598,test
584971,train
1801710,validation
334144,validation
1939220,validation
1852267,validation
1741323,train
2044263,validation
2208736,train
328596,test
491549,test
62786,test
661271,test
2118758,test
179628,test
1654756,train
1992122,train
1909301,test
1992687,train
722465,train
1879830,validation
121214,train
673688,train
784334,test
1165438,train
1321470,validation
2143812,train
1798236,test
1929820,train
1001359,validation
1919380,train
63342,test
145871,test
506036,train
964390,test
494885,test
1197027,validation
520060,validation
2029088,train
58560,train
66978,validation
1978920,train
1723492,train
1110165,train
1180304,train
257491,train
1846988,train
1262035,train
395099,test
2016671,train
2238724,validation
1689934,train
1895951,train
603622,train
1347767,test
2101943,test
586344,validation
977848,train
1630655,train
1031938,train
1341492,validation
2035528,train
688716,train
1948734,test
74185,train
2252691,train
1178920,train
1874280,train
2001974,test
859593,train
1838122,train
1797431,train
1830967,test
283260,test
1867302,train
28489,train
1184969,test
21784,train
724572,train
367721,test
1108800,train
369518,validation
1878088,train
1233143,train
200500,train
625637,train
1899621,train
446236,train
2257197,train
1799932,train
1281396,test
908794,train
2079010,validation
96049,validation
652798,validation
769024,validation
607685,train
2199658,validation
510678,train
1162928,train
1753531,train
1320644,train
1784803,test
1877886,train
1890661,train
2050563,validation
1130554,validation
715128,train
42261,train
1258892,train
219652,validation
1981119,validation
1216931,train
2220175,test
444217,test
2241143,validation
1784383,validation
1072917,validation
2228220,test
870791,validation
367867,train
1251915,validation
1246707,train
374979,test
2209445,train
269749,train
152403,train
2016626,test
15710,validation
2013134,train
116173,train
1702301,validation
1795094,validation
119407,test
362130,train
1088302,train
1921370,train
1302283,train
1778369,train
1186962,validation
1614652,validation
2208812,validation
210323,train
295018,train
1625677,test
1122389,train
1171185,test
678806,validation
54337,train
401876,train
1333055,test
42459,test
50445,validation
351632,validation
1914861,validation
1118842,validation
302981,test
1016752,validation
1301729,train
2193229,validation
1237393,validation
222092,train
1635341,train
1185703,train
1948017,train
47680,train
1040468,test
1257051,test
1801717,train
414380,train
1629349,train
646165,validation
2226195,train
508446,train
339293,test
296030,train
340412,test
1093787,validation
1987924,train
1997359,train
887161,train
2164364,train
665189,train
995273,test
2093006,train
1225543,validation
1920468,validation
611657,validation
2163172,train
1257835,validation
205336,train
32930,train
310947,train
313258,train
1188066,validation
2173914,train
273924,train
1811919,train
23322,validation
991815,train
35912,train
1633717,validation
1228737,validation
1348855,train
1299555,train
327318,validation
1774999,train
106856,validation
203289,train
1849719,train
298145,test
1951726,validation
1044454,train
72319,train
1316760,validation
1136067,train
398527,train
158560,train
1123974,train
411532,validation
153291,test
1892111,train
1635303,train
201784,test
975047,train
2139273,test
231141,train
399611,train
169987,validation
1272814,test
28007,train
363208,train
642876,validation
1155948,validation
1167949,validation
2170639,train
149958,train
2223620,validation
1964519,train
337154,train
1982623,validation
1933992,train
499903,train
1833594,validation
2093841,validation
731348,train
1797406,validation
1226624,train
580111,train
1336552,train
1805168,validation
133372,train
18757,validation
46110,validation
1177720,train
1861342,train
1156168,train
1837325,test
325608,train
686789,train
148995,train
1822216,train
246335,test
1286696,train
1126421,train
1103349,train
555221,train
1807790,train
209995,train
375152,validation
2004883,train
411727,train
1029220,validation
904552,train
1568675,train
1126618,test
1323818,train
1238593,train
1804981,test
1336316,test
1187852,train
2162745,validation
1694584,train
694671,validation
1291262,train
122684,train
897932,train
949020,train
1624208,train
1800681,train
61683,train
1210788,train
1317487,validation
180762,train
1686249,validation
31191,validation
136982,train
267445,train
158781,train
1933290,test
1781702,validation
1186099,train
475029,validation
1841635,train
1275450,test
128291,test
828902,validation
1156005,train
1107870,train
243218,validation
1840117,validation
189598,train
1182431,train
407564,test
652536,train
1644420,train
81705,train
11689,train
721194,test
153536,train
1847936,test
2172829,train
96714,train
1629613,validation
1970444,train
1280603,train
123640,train
1267823,validation
258386,train
1920609,train
1681050,train
1023121,train
1280392,train
416854,train
571627,train
1622524,train
1901638,train
1188392,validation
384765,train
634779,test
743379,test
340913,train
1918947,train
1811154,train
1657175,train
1936111,train
362688,validation
1294543,train
983675,train
79577,validation
31143,validation
1840780,validation
395290,train
126367,train
386508,train
1926860,test
1619117,train
1029586,train
1331026,test
312500,train
359661,train
188889,validation
26488,train
921993,test
995396,validation
1026515,train
1888542,validation
482001,train
1635562,validation
108347,train
107888,train
646223,train
283455,train
971258,train
354951,train
2222776,train
1211487,validation
1201576,validation
1503556,train
2028996,train
1770931,train
351229,train
1052937,train
1170883,validation
1034807,train
1641780,train
367722,test
197950,validation
1788660,train
1794978,train
1073883,train
1893329,validation
1101676,validation
317627,train
1099829,train
1857702,train
2003222,validation
40276,validation
34112,train
358221,train
1130955,train
1182619,train
1258595,train
382550,train
52966,validation
1066354,validation
1858405,validation
153147,train
998,test
367984,validation
1825417,test
46916,validation
878926,train
1182518,test
315265,test
1912626,test
1704700,test
1015685,test
1195215,train
1023344,train
372867,validation
1813363,train
126172,train
1703341,validation
1824512,train
260862,validation
1893827,test
1852767,train
1284997,train
1848511,test
385666,train
1068487,train
897041,test
69137,train
2134372,validation
1339435,test
1714691,train
1267471,train
1144778,train
1614222,test
144394,train
1015128,train
9360,train
82309,validation
558004,validation
2250071,train
1662102,test
154042,validation
304691,train
374806,train
1860902,train
1938344,test
2153891,test
1814193,train
1790151,train
1058628,validation
1045459,test
1140295,train
2030717,train
1030992,validation
1275176,validation
1013008,validation
2025015,train
2025802,train
1927032,validation
199697,test
1062610,validation
254739,train
1958469,test
271127,train
1272877,train
1020798,test
1838066,train
399483,train
729112,validation
1975124,train
1847502,train
497624,test
1047630,test
1186729,train
98947,train
1857220,train
2093533,validation
119634,validation
1200165,validation
1066581,train
1178201,train
2086039,train
537421,train
1638392,train
1916834,validation
57911,train
303780,train
1563314,test
302717,train
1817675,validation
996943,train
1957731,validation
152500,train
411842,train
1208747,test
398225,train
671640,train
1102622,validation
1914553,test
2158872,test
1812212,train
972333,train
111841,train
1189003,train
27082,validation
307605,train
1036825,train
1093629,train
1798059,train
204046,train
1335300,validation
1987405,train
1039706,train
1898544,train
603184,train
642432,validation
347463,train
1985946,validation
1056416,validation
2236926,validation
1195686,test
1087030,validation
1241369,validation
267689,train
1285938,test
1002277,validation
392847,train
593879,train
915284,train
1009100,train
1211043,train
1270507,train
82804,validation
568149,train
960659,train
254389,validation
10139,validation
271960,validation
1188560,train
460259,test
310793,test
159191,train
1219,test
1792146,train
1759821,train
948536,train
2000979,train
901167,train
1258140,train
716261,test
1812480,train
870794,validation
1852614,train
1227674,train
1272324,train
1093678,test
1062496,train
1760079,test
184244,validation
1039950,train
1614806,train
1197370,train
1421669,test
567941,train
1992766,train
697149,train
1828648,test
1596087,train
138272,train
181119,test
1197007,train
2164848,validation
251474,train
1617513,train
705536,validation
1918536,test
1937585,train
112076,test
647798,train
108447,validation
894689,train
1168557,validation
1705560,train
1221560,train
1791153,validation
139324,train
1980200,validation
981699,train
1229708,train
5459,train
1737520,validation
1268837,train
1261265,train
2030519,validation
149379,validation
359097,train
485831,test
1845601,validation
651366,validation
900118,train
1688870,train
1853838,test
1036412,train
1738850,train
1236232,train
1908782,validation
1962588,train
354557,test
722676,train
659537,validation
2064475,train
88118,validation
540661,test
2084790,test
240861,train
287979,train
561551,validation
343763,validation
228344,train
1742485,train
11294,train
130437,train
1763582,validation
1966317,validation
1578864,train
1841576,train
56221,train
1775167,validation
927343,test
648409,train
908896,train
1337284,test
1609914,train
1492973,train
2010703,train
2064099,train
1249359,train
1100222,train
682087,test
4265,train
889910,train
242713,validation
43755,test
1051300,train
124412,train
369809,test
1744859,train
147474,test
26916,train
264182,test
1723969,test
1117945,validation
1928170,train
1217210,test
1695541,test
108894,train
915664,train
1114548,train
2259837,train
678485,validation
399211,train
2038871,train
192698,train
2176087,validation
1314142,train
138265,validation
1147940,test
351003,test
165546,validation
127236,test
1091139,train
260963,train
347813,train
1338561,train
412663,test
614700,validation
243087,train
1184100,validation
2234265,validation
1806539,test
296168,train
930812,train
1029631,train
248328,validation
1936106,validation
1082759,train
419649,train
345429,validation
416892,train
126359,validation
363543,validation
1166418,train
1218977,train
251312,validation
147696,validation
296967,validation
655310,test
1999869,validation
1674355,validation
647631,train
603844,train
48270,train
1051249,test
56248,test
1330285,train
1678980,test
15908,train
913843,train
1092209,test
704823,train
1325004,validation
1058652,train
1315153,train
1857492,train
236452,validation
1638559,validation
1647285,train
2243104,train
1738870,test
287437,validation
1143140,train
1180220,test
1817381,train
2245143,test
94155,test
68456,train
1013105,validation
2231569,validation
1938161,train
1848808,train
1824939,test
1784115,validation
1894731,validation
85245,train
2046912,train
1845538,train
1751533,validation
1322743,train
1253691,test
1874841,train
144100,train
1128052,validation
621155,train
1116489,validation
21439,test
191128,train
1167392,train
1294952,test
1012015,train
1612602,train
729208,train
2019103,test
505112,train
1285681,validation
1784656,test
885475,train
1121114,test
1635738,train
1647948,train
1641683,validation
18172,train
1131328,validation
70781,train
1775835,test
2023622,train
161975,test
2160376,train
1979770,train
1253898,validation
1299395,validation
1877838,train
1799805,validation
677018,train
1876487,test
2156678,train
1272686,train
1298455,train
315735,validation
1922083,train
1311146,train
1294700,train
2155031,train
418283,test
1086000,test
32964,train
26589,test
605546,train
2028574,train
1986014,train
111749,train
941803,train
881594,train
1186525,train
593877,validation
368754,train
129803,train
761908,train
1943894,train
382736,train
194615,validation
1118632,validation
1273171,train
1783343,train
1912778,validation
1617684,train
1667085,train
1227563,test
1279438,validation
95223,train
1634390,validation
687391,train
340807,train
2021864,train
322781,train
2145601,validation
288593,test
1958078,train
1207165,train
2009153,validation
1819843,train
96557,train
135731,train
1175174,train
698743,train
1875177,validation
1150279,validation
1838291,train
1121296,test
1208991,train
1213526,validation
2232756,test
873429,validation
1196961,test
1081523,validation
1216709,train
1641834,train
292167,validation
1204702,train
31359,test
1740333,train
1849028,validation
48411,train
1094401,train
1803832,train
1597847,test
1186700,train
956842,validation
1540720,train
1035470,train
1792747,test
143973,train
472288,validation
868733,train
1077050,test
390621,test
277845,train
1178731,test
1346642,train
1849125,test
581491,validation
221899,train
1925393,validation
420815,validation
635646,train
2123379,train
1814517,train
414135,validation
288268,train
137503,train
352260,validation
108752,train
1077474,train
2012156,test
2178443,validation
76154,train
1875362,train
1273474,train
1301654,validation
1615063,validation
78348,train
1089806,train
2094000,train
692989,train
1897340,train
1335073,train
1101681,validation
1314243,train
1975832,test
1816416,test
301419,train
1873556,train
302771,test
898622,test
738249,train
1967252,train
1842347,train
1867854,train
1885652,train
381526,test
2260674,train
1677812,train
387332,train
390296,train
128907,train
1835731,test
2009192,train
1174859,test
1288612,train
355534,train
363782,validation
308211,train
966273,train
1162750,train
1553429,test
361712,validation
249649,train
2074010,test
132984,validation
668288,train
188235,validation
2257490,train
1014058,train
943001,test
1116754,test
1918144,validation
713996,train
1219995,train
31749,validation
580011,train
1797369,train
1251166,train
1951423,train
2226552,train
743733,validation
1206063,test
372087,train
131253,test
103175,train
1291466,train
1635710,train
1843806,validation
1128711,test
1269803,validation
983738,train
1842732,validation
1948710,validation
1204747,train
1152811,train
1275867,train
1639503,train
918905,validation
403400,train
692940,train
2211060,train
1116036,train
341427,train
1030071,validation
1576691,train
79478,train
976800,train
1929512,train
1345707,train
34448,train
1765360,train
2094222,test
965507,test
1533780,validation
284049,validation
1312140,train
1846499,train
39210,validation
1772160,validation
2251536,test
1781490,test
1638350,test
1846916,test
1298853,train
1860310,train
603821,validation
1328488,train
1213012,train
1711035,train
2009038,train
126779,validation
1086564,test
1301259,train
6166,validation
436000,validation
733301,test
2052900,train
1934435,train
2242278,train
1276518,train
253222,train
1626870,validation
304075,validation
267649,validation
1005253,validation
313750,train
1123263,train
413687,train
1490257,validation
603291,validation
1182184,train
579739,validation
1232053,train
1274191,validation
303060,test
2236375,train
102383,train
1251242,test
59258,train
1188223,train
1769966,test
689572,test
1787315,train
132981,train
1060674,train
400923,train
2166215,train
1934179,train
341694,train
57657,train
1308327,train
1836168,test
1890047,test
1599886,validation
46508,train
1182667,validation
21086,test
710826,train
1245086,train
1785517,train
511482,train
344598,train
357057,train
407631,train
147038,train
726379,test
332013,train
1923236,train
2115081,train
2044045,train
434452,train
1614786,train
581286,train
341161,train
1637247,validation
1624716,train
1221891,test
364406,train
994588,train
2150904,train
1092459,train
1647356,train
1836364,test
1686184,train
247635,train
1970631,train
380394,test
2183809,train
910941,train
364098,train
671739,test
697130,test
628768,test
201203,train
1900120,train
1924050,validation
1977242,train
495411,validation
1249051,test
96529,train
1639024,train
68791,train
148619,train
717783,train
1055134,train
1859836,train
232547,train
1142284,train
1254232,test
1336898,test
1680960,train
19647,validation
2039735,train
128673,train
311325,test
1217031,test
111759,train
2053600,train
387040,validation
1783138,train
1917546,train
1863124,train
1045693,test
1041983,train
1863159,validation
116945,validation
2244326,validation
1822743,validation
614321,test
1212914,test
740714,train
1919119,validation
2008487,train
1714342,train
1894361,train
856550,validation
1088319,train
1710488,train
595009,test
1213117,test
197471,validation
364784,train
1641255,train
730118,validation
1227000,train
1055674,validation
1636883,train
1972728,train
54782,train
2160324,train
52923,train
1776541,validation
1722566,test
997325,train
358296,validation
1956758,test
1784055,validation
402543,test
1694687,validation
286509,validation
2123010,validation
1647564,test
9891,train
375971,test
1005787,train
1869760,test
1802148,validation
2157877,test
244717,train
1327634,test
548893,train
1012509,validation
2167780,test
1174695,train
1221151,train
1882724,train
246029,train
63669,train
1845250,train
1829740,train
1990202,train
1832546,train
1850274,train
264200,train
1757225,train
1930444,train
12265,test
1048156,train
988320,test
73311,train
1129639,train
842999,train
1285207,train
1100369,validation
1111876,train
1315123,train
664975,test
2020768,test
72195,train
1128382,train
368075,train
1676097,train
1737956,train
707733,test
1903406,train
2216838,train
135007,train
935814,train
2006531,validation
976766,test
247291,train
1182503,train
2033265,train
1225280,train
1764645,train
1164639,train
1855048,validation
2050366,test
7449,train
70608,train
211472,validation
1188447,validation
1974741,train
1028024,train
2226124,test
362997,validation
1044026,train
892301,train
172527,test
950571,validation
1896682,train
6553,validation
2084342,test
1346263,train
1139862,train
1984388,train
143668,train
490428,train
1767873,train
104991,validation
640647,train
1048055,train
2017199,validation
1263592,validation
1040095,train
1869489,test
1023429,train
89453,train
883230,train
1134994,train
1117731,validation
182266,test
1748594,test
50943,validation
1899039,test
1646544,test
1216402,train
56584,validation
280886,train
1280713,train
227955,test
961854,validation
1773619,train
1326987,train
1744057,test
263991,train
1145530,test
121290,train
52859,train
1320751,train
1342367,train
1000052,train
33001,train
1974403,train
1789132,validation
674914,train
1086668,train
34222,validation
1920896,test
2218963,train
1303812,test
295105,train
732836,train
458719,test
2013518,train
2175404,train
1632571,train
534219,test
1005910,train
1947345,train
627421,test
1228779,validation
1325578,test
1268001,train
137635,test
1327624,validation
307563,train
1217555,test
2165884,train
1258174,train
222150,train
196222,validation
1817539,train
221246,train
91771,train
624875,train
2259038,test
2654,train
32846,validation
1905593,train
1761448,train
1050014,train
449876,test
1288190,train
1202240,train
1945673,test
1113341,test
1711237,train
1925936,test
25105,test
724025,test
96757,train
221085,test
993412,test
1153334,train
1034686,train
1314358,train
2024776,train
277453,test
1814932,train
1911246,test
1242928,train
86489,test
983590,train
214657,train
1014241,validation
1998846,test
1818940,train
396680,train
442767,train
959989,train
2245403,train
351521,test
938557,validation
1607734,validation
92613,test
1989364,train
1074401,train
1014312,test
1946421,validation
1195275,train
555689,train
1876652,train
1622018,train
374678,train
323854,train
1075185,train
1796455,train
2164655,test
1636096,train
210534,train
1286328,train
2150929,train
1320881,train
1706761,test
1843756,test
252888,train
1822017,train
8624,validation
1833673,test
558661,train
796843,train
1995580,test
1981946,train
1195929,train
1898789,train
59465,test
739118,train
531419,train
1323725,test
300303,train
347030,train
2029606,train
385876,test
167374,validation
1239900,validation
87660,validation
342918,train
2130440,train
864874,train
1093960,train
2066367,train
1621038,train
1879766,train
1078045,validation
1813208,train
1948346,train
207588,train
571824,train
1260403,test
1063450,train
1936551,validation
147765,train
70435,train
550150,train
1906261,validation
716632,train
357426,train
1906060,validation
1904138,train
681612,train
1334200,train
1117389,test
1992535,train
616284,train
1178540,train
1272742,test
1751233,train
1636771,train
2065332,test
1115917,train
2025272,test
735000,train
1676991,validation
2164894,train
2126545,train
15047,test
278418,train
231305,train
1762593,train
1871321,validation
414758,train
190408,train
909383,test
1077088,train
193006,test
1808182,train
1078687,validation
1248238,test
58782,train
102590,train
1971236,test
1175237,train
1324361,train
1263317,test
1316749,train
1987719,train
1071466,train
266932,train
69211,train
321038,train
241297,test
2043000,train
1797028,validation
555859,test
81334,test
290823,validation
1136263,train
1876146,train
388016,train
2099813,train
1971804,train
107670,train
899479,test
1092121,validation
547142,train
2174501,train
374601,train
411343,train
83161,test
1602577,train
373145,train
1343330,test
397409,train
2025724,train
998008,validation
1017911,train
1177484,validation
1324232,train
2212318,train
1227537,train
457576,train
254235,test
238383,train
1904697,validation
115163,validation
1151353,validation
1161832,validation
2148948,train
1135674,train
1135861,test
511444,test
1898613,train
1724694,validation
1843348,train
1143574,test
1299627,train
406644,test
2159977,validation
64779,train
1230866,train
26117,train
1886078,train
1913242,train
2020256,train
1116886,validation
2165870,train
503363,train
711508,train
1856033,train
227101,test
19010,train
1348567,train
403756,train
327286,train
125948,train
1483155,validation
641949,test
1958496,test
1762558,test
1119760,train
1786413,train
117566,train
1224304,validation
1248791,train
1814588,validation
1925870,validation
162818,train
414993,train
1152873,train
1338443,test
1965732,test
1994985,train
530322,train
2025641,train
1264179,train
673695,train
1785902,train
91133,train
172345,train
648668,train
711346,train
408077,test
329553,train
1179594,test
984833,train
799906,train
1084503,test
652501,test
1322023,train
1272776,validation
405252,test
1183134,test
503768,validation
607932,train
2052646,train
876536,train
530132,train
240199,validation
1150072,validation
1682538,train
1847515,validation
220577,validation
1298256,train
743762,validation
338547,train
2107181,train
26284,train
1304239,validation
71116,train
178761,train
1921681,train
221658,validation
34245,validation
86187,test
362698,train
1804878,train
1814079,validation
431283,test
53891,train
672594,test
1346259,test
308432,test
489724,train
123773,train
168880,train
323586,train
279285,train
975760,train
1912729,train
226803,validation
405508,train
1633042,train
357685,train
64531,train
1459708,train
1544,train
1267172,train
334487,test
80657,train
1338047,train
1204242,train
1624899,train
921630,train
1063761,test
1883947,train
1154015,train
61723,train
701371,test
959163,test
304950,test
201775,train
66567,test
504904,train
288468,validation
1736629,test
1154206,train
1308006,train
1270698,train
1762568,train
1471710,train
700258,train
1870275,train
1210164,validation
710183,train
1926030,train
1634979,train
793797,train
2019826,train
1933888,validation
1979092,train
1459440,train
1291551,validation
1247308,train
136257,validation
1148630,test
1025904,train
1665299,train
716833,test
29691,validation
1214237,train
1745788,train
324944,validation
392162,train
1312789,test
1612688,train
1158256,test
1992385,train
1220248,train
423007,train
148395,train
196474,train
49647,validation
1902979,test
2223709,train
1137588,train
307986,train
1761286,train
1778560,train
166043,train
222044,train
2129804,test
180198,test
1057913,validation
1032113,train
208942,train
1938453,train
75896,train
1989978,validation
1786521,train
1898877,train
2253802,train
1985624,validation
1339589,train
2251089,validation
1117151,train
1861402,validation
396326,train
1799140,test
1934346,train
2067510,train
1114622,test
1875343,validation
971026,test
612857,validation
1556510,train
8417,train
327523,train
1909104,train
1205593,train
1943707,train
354770,test
1507260,validation
344593,validation
1932792,train
308301,train
1789581,train
461034,train
1909152,test
376119,test
367936,train
962565,train
2165825,train
92399,train
1680012,train
2210557,validation
384238,train
1945670,train
1683423,validation
1789860,train
1641617,train
1029170,train
1932534,validation
274117,validation
2024853,train
84007,validation
1290928,test
1845186,validation
1194514,test
1056756,train
396524,train
1154535,validation
1648733,test
1750653,validation
317987,train
2062855,train
357981,train
1210808,test
373864,train
2146113,validation
2226571,train
67571,train
915842,test
2117724,test
355224,validation
1760366,train
366707,train
1281477,test
2182438,train
2154522,train
890148,train
213901,validation
298705,train
1210504,train
1215126,train
1637204,train
406134,train
2072195,validation
1100364,train
171638,test
1001011,validation
677672,train
1250643,test
1109451,test
1902118,train
62667,test
2154536,train
1333676,test
999279,validation
989397,train
817807,train
324912,validation
1804887,train
329992,train
231057,train
2118052,train
352779,train
378475,test
1398547,train
1679419,train
193330,train
1135667,train
57505,train
325588,train
1906964,validation
1804237,train
1255834,train
1836544,train
468023,train
2058034,test
1818876,train
709675,validation
2063161,train
1830428,train
1160346,train
1052183,train
1326935,train
406680,validation
701248,train
1974582,train
314601,validation
457221,train
2135870,train
1210296,validation
1002412,train
519243,train
1562669,train
2197472,train
2177777,validation
2212970,test
536527,validation
417383,train
111978,test
310078,test
72714,train
1882352,validation
1805113,test
364345,train
1865563,train
359772,train
356475,train
1821665,validation
1326872,train
1924032,train
1064705,test
1059625,train
1245276,test
1254322,test
1980227,train
2006065,train
1973537,train
1278796,train
1075009,train
15736,test
1020500,test
544121,train
1779592,train
94465,train
1088423,train
224300,validation
1274584,test
1851809,train
1350297,train
1146173,train
1121562,train
641694,train
1071503,train
1862092,validation
1989555,test
1081687,validation
1110248,validation
1018987,train
1236429,train
267751,test
1122270,train
927004,train
80333,test
1180210,train
2027877,train
1344963,train
1154711,test
1310838,test
316837,train
1303329,train
1066444,validation
726450,train
180644,train
1942890,test
1765481,test
1811410,validation
1774954,train
2023964,test
199583,train
1958417,train
410507,train
2223634,train
1255654,train
1296250,train
1161573,train
1293268,train
1124535,validation
1634943,validation
1342363,validation
1925505,train
27206,train
1815161,train
334932,train
1197211,train
2150084,train
689012,train
558318,validation
283404,train
224635,train
1211869,test
999893,train
1022002,train
872834,validation
307704,train
126603,train
1868794,test
720934,validation
1725519,train
1079330,test
1351832,test
211874,train
847149,test
1304989,train
948416,test
73107,train
1970177,train
1779519,train
391030,train
1248549,train
2034416,train
1086231,train
1849486,validation
719042,train
522396,train
31277,train
1334349,train
33852,train
1994322,train
1095360,train
112458,validation
662799,validation
1622164,train
192933,train
664119,validation
306487,train
314273,train
296724,train
1866868,train
2040778,test
62868,validation
134729,test
2006808,train
1853306,test
1825306,test
1042885,train
209849,train
435482,train
1794462,train
159943,train
2075956,validation
276792,train
1665811,test
400389,test
649201,test
1181092,test
136197,test
1766505,validation
735087,validation
3260,train
1134834,validation
1838846,train
1277697,validation
22291,validation
1294684,test
1928459,validation
91542,train
594113,train
1151877,train
1169901,validation
2013628,test
555803,validation
1967003,validation
1962454,validation
309768,train
250279,train
54143,train
1630002,train
1107289,train
987589,train
1256198,train
1807186,train
251647,test
2167664,train
493728,train
1844814,test
999631,train
1908285,train
1758783,train
1179533,train
1693690,train
1145185,train
586220,validation
1877607,validation
239043,train
1955011,validation
206806,validation
1861761,validation
1925892,validation
1292521,test
193750,test
58694,train
495859,train
1861542,train
190904,train
654839,train
2174438,train
1155637,train
2167411,test
1831132,train
282504,train
1667150,train
305805,validation
484806,train
1833057,train
1211778,validation
2010406,validation
1838562,validation
286062,train
1773890,train
1915788,validation
10933,test
1906394,test
1335833,train
1567280,validation
1021198,validation
280264,train
1763829,test
1931044,validation
1025779,train
1728126,train
889269,validation
224921,train
1277317,test
1077109,train
1725206,train
76999,train
100271,test
164987,train
1144872,train
1691685,validation
362457,train
1680274,validation
1775166,train
2005851,train
1763084,train
1931997,train
2225894,test
316058,train
491705,train
1817324,test
426840,train
453897,train
1005302,validation
1510305,test
1959001,train
149680,test
1351604,train
2117456,train
1316634,validation
1154110,test
1927791,train
163952,train
1032899,test
591580,test
36997,validation
695327,test
1827030,train
2047972,test
249420,test
1607387,train
2251548,validation
103431,validation
91683,train
1634434,train
1130867,test
163553,train
1253917,train
2157713,train
2038121,train
285788,train
15070,test
1335609,train
262557,train
1087961,train
90518,train
2206613,train
137669,validation
332552,validation
2239521,test
199839,test
653237,train
1248113,train
152256,train
211939,test
1629882,test
247058,train
1783406,test
1211548,train
166668,validation
433815,test
1127510,validation
1120239,test
1147296,train
1216271,train
2044569,validation
237105,train
2151544,train
2016096,train
305858,train
1636030,train
134748,train
2035971,test
118830,train
136791,train
1643816,validation
1167805,train
159084,train
1050643,test
736243,train
105097,train
358877,validation
387282,validation
1228525,train
1862753,validation
1297824,test
1640686,validation
1124661,train
1343708,test
1287166,train
2065896,test
1596935,validation
1238868,validation
14505,train
1185776,train
661983,validation
1768011,test
1861120,validation
2163766,test
1948342,train
635745,train
2244730,train
409846,test
1109474,test
1820663,validation
227080,test
882901,validation
604193,train
232493,train
293982,train
10820,validation
57991,train
1924551,train
1917984,test
1334717,train
1186196,train
982503,train
1960294,train
1069162,validation
381228,train
1878855,train
1402922,train
224806,train
369296,validation
1539748,test
316251,validation
939368,test
1150579,validation
1758276,test
1989153,validation
1619902,train
685984,test
1759772,test
1631198,train
715712,train
2151199,train
431430,train
1869524,test
1177515,test
1911960,test
1102849,test
2184636,train
1953240,test
168561,train
389103,train
68307,train
2055579,train
371860,train
1799067,test
201845,train
336562,train
2251351,train
1828090,validation
350139,validation
1954820,train
2256988,train
642391,train
2183534,test
2236756,train
1674002,train
1185798,train
1043561,train
1715930,validation
1121151,train
1049509,train
1606222,train
368859,validation
1329642,validation
1864338,validation
241452,train
1889672,validation
1218773,test
305861,validation
333999,train
598834,train
1788865,train
1099852,train
1160601,train
511573,train
1927635,train
1626486,train
1025452,train
302845,train
1633476,train
12908,test
1712580,validation
1125277,train
727603,train
1006473,train
973202,train
1976526,train
1936444,validation
1096651,test
136207,validation
1145407,test
36661,validation
1678431,train
1163802,train
745436,validation
1175776,train
1883493,validation
1766382,train
666392,train
1926601,train
24671,validation
1686700,train
1003185,validation
1727418,train
2216403,test
565341,train
978490,train
48055,train
1993972,train
1850777,train
649265,train
1726712,validation
1238456,train
88857,train
609097,test
44881,validation
986668,train
89150,train
1228314,train
1218174,train
436454,train
1099540,validation
1673185,train
999294,validation
156747,train
1993922,test
1838220,train
1174147,train
1049200,train
1946,test
250844,train
314741,train
1173547,test
1858878,test
29463,train
926714,train
314989,train
43833,train
1634189,train
1514859,train
99071,train
1291456,test
258274,train
2139692,train
409192,train
252662,train
2143141,train
1660160,validation
1805641,train
1340029,train
1194157,train
498936,train
722543,validation
669297,train
1133069,test
2130446,train
17034,train
1300633,test
1707843,train
2166831,train
443176,train
1906704,train
994606,validation
935409,train
1085333,train
725516,train
1912161,train
1645135,validation
300618,train
455597,train
1933869,train
1865957,train
1184923,train
206758,validation
952452,train
706814,train
205856,validation
5122,test
1152385,train
211124,test
993931,validation
1232041,test
1039020,test
338641,train
1961202,train
1661979,train
1781833,train
1195154,validation
1135297,train
626387,test
1175614,test
1994527,validation
1761108,train
2158130,validation
116609,train
238272,test
1893235,validation
1863455,train
1053865,test
2046652,train
64733,test
1048110,test
1852520,validation
1312824,train
244619,validation
157179,validation
2042846,validation
2008886,validation
1847084,validation
2044898,validation
991950,train
29845,train
406172,validation
1971557,train
1272821,train
1797629,validation
2158669,train
234769,train
191134,train
1840982,train
1636898,train
368480,validation
1289948,validation
1936950,validation
2185999,train
1824357,train
2036137,train
847440,validation
1340443,train
1151895,train
113546,test
1951804,train
1045811,train
677387,train
1856405,train
388278,train
1002352,train
1909804,test
2251336,validation
1174686,train
141362,train
1742598,train
850948,train
1298905,validation
280630,train
541256,test
411717,train
1067773,train
231620,train
793991,test
299096,train
614301,test
1784629,test
80562,train
263447,train
2014434,validation
1972766,validation
1039297,train
1857731,test
605122,train
204395,train
1156923,validation
1774126,test
979407,train
1753176,test
2014982,train
1031201,train
298142,test
356586,validation
1905690,train
1906078,test
1416255,validation
1023663,train
1907276,test
26610,train
1882845,validation
1174951,train
1177040,train
394704,test
1568527,test
143365,train
10204,train
1222943,train
1284319,test
1212622,train
1010018,validation
1318329,validation
826822,train
409076,train
240162,train
2210499,validation
747742,test
1232490,train
583730,validation
1222072,train
1015147,validation
1037303,train
1223923,validation
185050,test
1841165,test
1819877,test
1894753,train
401295,train
2079344,validation
1848222,train
120950,validation
388803,train
1894474,test
1627019,validation
1230739,test
1275740,test
1074243,train
86460,train
1343182,test
1926900,train
28842,validation
572316,train
987212,train
2004274,test
725977,test
107867,train
346865,validation
1219575,train
247733,validation
1231879,validation
550133,train
671468,train
1017378,validation
1207490,validation
192317,train
1343906,train
1627747,test
235306,validation
1185353,train
120439,validation
688880,train
1916174,train
2111622,validation
1170529,train
127074,train
249308,train
394514,train
966243,validation
373924,train
1677140,test
208327,validation
1962526,train
714694,train
1121212,train
177409,train
1278068,train
313443,train
673438,test
678898,train
626393,train
1189547,train
630978,validation
1065819,train
1167067,train
1965838,test
672902,train
413234,train
1759149,train
1614371,train
1061870,test
1277135,train
1905789,validation
408930,train
1192481,train
1618817,train
1336978,test
552444,train
121967,train
1340656,test
1851412,train
1322227,train
1976372,train
2198291,test
1323201,train
2042377,train
2015908,validation
1673498,validation
359868,validation
1325825,test
1329735,train
439838,train
1736329,validation
714748,test
1349324,train
1814594,test
898538,train
1251903,validation
177611,train
924386,validation
1790508,train
1317090,validation
13795,train
1616659,train
91565,train
67105,test
1644390,train
440648,test
1497978,train
1270039,test
1367225,train
1339093,train
1784613,test
2253578,test
2175121,validation
2031027,test
2216710,train
9980,validation
1347203,validation
1285871,validation
388677,train
1768797,test
1639468,train
940147,test
2029860,test
1132850,train
343563,train
704995,test
2189929,validation
27408,train
111794,train
1105923,train
357120,train
1198449,train
1908608,test
1758638,train
125747,train
543647,train
1206666,test
963075,test
1277977,validation
957862,train
1917039,train
366845,validation
1123704,validation
1919034,test
492204,test
223932,train
1009395,train
78142,validation
1689501,train
1079263,test
1891455,test
1970323,train
1944703,train
68416,train
1945996,validation
1281548,train
271942,train
1714395,train
1122271,train
1735236,train
76982,train
748263,validation
1231741,train
1056132,train
1875941,train
1270066,train
175271,validation
578838,validation
1137060,test
549210,train
622408,test
230645,test
724663,train
661594,train
247381,test
252505,validation
304191,test
1757089,train
239607,validation
2145616,test
663626,train
1776987,train
302144,train
647533,train
1639575,test
331374,train
1279693,train
1928211,test
1921406,validation
1850254,test
1150801,train
1107517,train
1165613,train
1339384,test
1796491,train
1319999,train
1265642,train
64207,validation
1535692,validation
322377,validation
50536,test
160920,train
1173004,train
2167160,validation
73578,train
2187624,test
1042195,test
1826308,train
1668640,train
284510,train
271583,validation
1814122,test
1755578,test
556690,train
1145585,train
389214,train
1918798,train
992367,train
2009176,train
1648843,test
1297445,test
1241019,train
1181733,train
133373,validation
10295,train
80314,train
1330233,train
1928393,train
1335003,train
1075493,train
179676,train
1889965,train
1794596,train
1070949,validation
1889469,train
1685645,train
1090635,train
141183,train
679869,test
1740976,validation
94797,train
333286,validation
980564,train
1306146,train
1230980,validation
4157,train
1487907,train
68314,test
1538112,test
183860,train
1350900,test
276742,train
1731375,validation
1991079,test
2177614,validation
1146784,test
280631,train
934844,train
943980,validation
1301779,train
1979509,validation
654224,train
1823408,validation
1033419,test
334170,train
267736,train
1861879,test
2032098,train
1268132,test
1125342,train
929386,validation
1977316,train
241688,train
2241139,train
1896786,test
136336,test
410026,validation
2171892,train
1808454,train
2014307,test
1732634,train
2167541,test
249698,validation
2002150,train
654741,train
628576,train
401126,test
1162926,train
1343006,train
240134,test
840935,train
595534,train
1807097,validation
361186,train
1832830,test
908698,test
262192,train
1312741,test
1314143,validation
624390,train
647358,test
1158791,test
61425,train
1331397,train
677598,train
2019773,test
674,train
1787691,validation
361980,validation
2149924,train
1649280,validation
360971,validation
1094894,validation
1593999,test
83153,test
550261,train
1119072,train
2053205,validation
85555,test
235263,train
1906495,validation
282047,validation
1021155,train
1331778,train
1865688,train
1634559,train
1885655,test
1805415,train
994936,train
453370,validation
157093,train
2067441,test
1644510,validation
2162126,train
179262,validation
1915968,validation
1997706,train
1210172,test
1851892,validation
2018976,test
360926,train
1872278,train
1322060,train
2189351,validation
1835492,train
1196802,train
261,train
1314489,test
2203759,train
32691,train
1238657,test
39371,train
1074132,test
320698,train
1346746,train
388660,validation
1834150,test
1848036,validation
1596897,train
250599,test
1572451,validation
124207,train
2166510,train
1744675,validation
1852359,test
1850300,train
1417172,train
1972850,train
1182409,validation
1632687,train
1870613,test
47877,validation
1194627,train
1708604,validation
1132232,validation
940219,train
50269,train
413580,validation
412512,train
1348458,train
239933,train
1765323,train
249024,test
451753,test
1148807,validation
2131129,train
603072,train
1921829,test
136371,test
2162446,validation
1858912,validation
51089,train
112303,train
1669559,test
228040,validation
322075,train
258022,test
893175,test
2235166,train
204707,train
2022807,test
1194449,test
1807730,train
1784889,train
1966336,test
1222166,validation
1272445,train
2129057,train
189727,validation
1785649,train
1958144,test
1099003,test
30637,train
1206082,train
2167974,train
1751964,train
801227,test
1081153,validation
1920607,train
1985670,train
1134648,validation
1315392,validation
1742914,train
980226,train
1796403,train
2170088,test
1739369,train
1322733,train
1291384,train
949655,train
1844154,validation
698553,validation
392381,test
638415,train
1021388,validation
655174,validation
1129306,validation
418438,train
1812559,train
1616910,train
1856254,test
1401785,train
311380,train
2229981,train
656333,train
2058837,train
2032318,train
376594,train
1903892,validation
530114,validation
1133227,train
1059230,train
1553271,train
1137286,train
122307,train
1818408,train
159654,test
1123941,validation
1731499,train
723674,train
1025249,test
1002310,train
1296806,test
1261719,train
964225,train
1805675,train
1811425,train
529133,train
1093423,train
1089995,train
1094974,train
167664,train
77944,train
187812,validation
4871,train
2007599,validation
1971668,train
1799512,validation
2135998,train
315855,train
1907743,train
1792173,train
985975,test
1809065,validation
722364,train
312772,validation
758675,validation
1140839,test
145343,train
1727477,validation
1881787,train
1613789,validation
936646,train
1970252,validation
1494497,train
1606871,train
560938,train
56563,test
1989773,train
151781,validation
1280064,train
1170517,train
713366,train
685616,validation
223894,validation
857921,validation
326295,train
878445,train
1319499,train
1768123,test
200292,train
1179949,validation
1865968,test
285649,train
1612702,train
1532401,train
1964782,train
1089566,train
500906,test
1307572,train
394981,test
1273364,train
174042,test
1101226,train
2041434,train
1052799,train
602520,validation
716604,train
1871777,train
2151144,train
342064,test
1834155,validation
1645515,train
2166236,train
364113,train
1765547,test
659051,test
417072,train
1282330,validation
1152914,train
1737054,train
1767441,train
1951196,validation
2245622,train
1612608,train
115465,train
1888703,train
1800806,train
1169020,validation
1939446,test
1250624,train
1777204,train
686660,validation
2005232,train
617336,train
270831,train
113155,train
199211,train
1098573,test
543218,train
266441,test
33215,train
285236,train
113554,train
59278,validation
1072674,train
277338,train
1499939,validation
1021261,train
80824,train
966907,validation
1785333,validation
1109912,test
1631478,test
60335,validation
363015,train
963285,train
331466,validation
546972,train
1050573,validation
1326284,train
530866,train
363201,train
1119269,train
2187435,validation
298381,train
670604,train
136109,train
1176188,train
283204,validation
1880615,train
2031721,train
475396,test
167482,train
577960,test
484402,test
236185,train
990244,train
1999157,test
60127,validation
2145156,train
735323,train
99929,test
2169121,validation
1757056,train
1159108,train
2885,train
1068723,train
701066,test
304505,test
429654,train
290473,test
2038153,train
377054,train
184762,train
1824151,train
1314179,validation
27381,train
1700487,train
1819696,test
64887,test
1139924,train
1284194,validation
344420,train
1109865,train
1815195,train
1115991,train
33719,validation
48808,train
2064406,train
323418,train
2119520,validation
1834028,test
2009150,train
1642751,train
906590,train
226572,validation
510342,train
302418,train
2178079,validation
154108,train
705077,test
1844954,validation
2245042,train
139403,train
1669837,train
38834,validation
313325,test
221698,train
1270386,train
157112,train
1893032,train
1314953,validation
601405,test
2023363,train
1621998,train
946075,train
1104886,validation
1003718,test
560598,test
1907759,train
1719583,train
1004087,test
930002,train
1332470,validation
1510053,train
1203730,train
1051442,validation
1265198,test
2055531,test
2151389,test
104262,test
313448,test
1007114,train
2061672,train
1048915,train
398377,test
959351,train
1136484,train
1284282,train
1949788,test
1271031,train
2202722,train
311504,train
1133208,train
1752802,train
1694192,train
1111580,test
242171,train
1731426,train
2042568,train
1119899,validation
1155037,train
1374863,validation
2108885,test
375422,train
268315,train
1061417,train
1575887,test
737524,train
399618,test
1532891,train
1219394,train
1747773,train
1745354,test
975857,train
1647122,train
372519,test
1249615,test
2241800,train
318064,train
1142493,test
1822350,validation
1161159,validation
1049878,train
1956979,train
701113,train
1188667,validation
153396,train
1777769,train
2059681,train
1544783,train
1043311,train
331264,train
725651,train
680075,train
2162370,train
1683390,train
259666,train
1766623,test
2223007,train
2256223,train
1096938,train
2209496,validation
1105654,validation
1273933,train
1220586,train
960563,train
1327457,train
14332,train
179774,train
708008,train
1291909,train
1016120,train
9455,train
276948,train
76896,validation
232206,train
229871,train
2191374,train
110915,train
1068120,train
739587,train
1696120,train
1859764,validation
1627070,train
341989,test
368304,validation
1207319,test
1336467,train
1629559,train
1672747,train
272756,train
2030755,validation
1632679,train
674620,validation
1524096,train
1175083,validation
1730788,train
1182425,train
1755798,test
352673,test
311184,train
171587,validation
1007766,validation
1720678,test
1174079,test
1032739,test
1845383,test
1617367,train
1015105,train
2131367,test
1003635,test
1811765,train
1218714,train
1243843,validation
714410,train
2237270,test
1278566,validation
1296668,validation
1930918,validation
335377,test
1613543,train
1334210,test
2020756,train
1165989,train
91576,validation
1164647,validation
1118452,train
165419,train
1280508,validation
277651,validation
447799,train
976127,test
2173853,train
1017804,train
1259159,train
148244,train
273819,validation
1244229,train
1622616,train
102375,train
2405,train
1785008,train
1783885,validation
653457,validation
1579127,train
1102136,validation
1986854,test
1773713,train
1181388,validation
1923741,test
740274,train
1236474,train
1849110,train
415025,test
1211266,test
1254175,test
738502,train
562734,train
645755,train
1809817,test
677533,train
1548906,validation
339835,train
1938391,train
2129215,train
1854143,validation
218750,train
1270279,test
1597965,train
1310814,train
509789,train
310678,test
1181270,train
366142,validation
2217310,validation
1936164,validation
1436927,train
1025175,validation
194799,train
91571,train
1672176,test
807938,train
2014836,test
2101027,validation
1090998,test
1825084,train
1201844,train
61380,validation
656918,train
1284127,train
1939343,train
1927734,train
1181497,train
412798,train
1030124,train
1929133,train
987686,test
10625,train
1160029,test
1771352,validation
2014360,validation
913767,validation
275528,train
1072924,train
44919,train
427841,test
1758302,train
336936,train
1350129,train
971608,validation
285381,train
351612,test
142265,train
391638,validation
249139,test
1037510,test
524123,train
538596,test
1343139,train
1918313,train
1298363,validation
73771,train
2135709,train
2081128,train
2257635,test
949139,train
1742996,validation
1889855,train
1075987,test
1297154,train
291466,train
2088372,test
953619,train
1619087,train
542699,train
1006664,validation
279211,train
2024825,train
1253150,validation
878853,train
379938,train
1166901,train
1063534,validation
1858724,train
545661,train
1706240,test
229251,train
1785352,train
1946235,train
88440,test
192600,validation
1320890,train
1199978,train
49920,train
1109998,test
2174009,train
1711330,validation
1255823,validation
1917044,train
1106704,test
1252100,train
1898802,train
1981082,train
2112573,validation
1004910,test
2112035,train
224589,train
67669,train
2023311,test
232481,train
1321588,train
600667,train
2009362,train
1026526,train
994905,train
232485,train
371354,train
1755831,test
984430,train
94605,validation
392720,train
2233980,train
2172908,train
626612,train
910037,train
1022389,validation
196734,validation
1093770,train
681256,train
124153,validation
986285,train
920155,train
566629,validation
1243587,test
1297437,train
54127,train
785849,train
158456,train
1043430,test
686400,train
172652,validation
1843136,train
696346,train
1003350,test
1968476,train
24209,test
2260405,train
246054,train
929530,train
65043,train
1741355,train
1314003,train
240371,train
1224209,train
1713965,test
401617,validation
198185,train
1259462,train
177266,validation
1299859,test
1779931,train
158432,train
96660,test
1112365,test
955317,validation
1219025,validation
1683736,train
297062,train
1109051,validation
1905801,train
187419,test
1735077,validation
735434,train
877906,test
367094,train
622820,validation
660301,validation
1933544,train
333754,test
644200,validation
1722190,test
2228975,test
41073,validation
1630177,validation
1155813,train
2019689,train
1019008,test
1796379,validation
1914006,train
372605,test
1170023,train
1373515,train
377528,train
55748,validation
2217501,train
736041,train
195519,validation
747180,test
1017684,validation
36106,train
1832428,train
1647101,test
505008,validation
416265,train
745298,train
1948820,train
134088,validation
1021488,validation
64439,test
1165821,train
127532,test
671786,train
365311,test
1230370,train
552948,train
1295079,train
1853883,train
1059006,train
569773,train
1905661,train
664487,train
1338371,validation
969980,train
150447,train
145805,train
1931188,validation
65236,train
1191990,test
2198793,validation
100335,validation
1899341,train
104442,train
1231270,train
1017860,train
1568839,validation
2152571,train
233456,train
1265037,train
459298,train
55235,train
1257125,validation
1112648,train
2181411,test
1041266,train
1167518,test
34738,validation
116602,validation
414877,validation
1157237,test
685215,test
58521,train
1947971,train
2133082,train
410505,train
978276,validation
2020759,train
1732043,validation
1771063,train
1900017,validation
1282326,train
374713,validation
1029856,validation
1110933,train
1847673,validation
116228,train
350276,train
1877508,validation
1612749,test
1867340,test
1986994,train
378898,train
1813272,test
1182332,train
1276764,test
63668,test
1913731,train
151850,validation
986989,train
373465,train
74049,train
248562,train
1387804,test
1938075,train
1101633,train
275616,train
426501,train
895926,train
1145064,train
309367,train
1237584,train
1324507,train
1641469,train
262478,train
1791061,train
2260677,train
1248665,test
1087310,train
1777380,validation
1238540,train
261329,train
1893593,test
1168794,train
1034598,train
1323223,test
1851935,validation
1217686,test
1613408,train
321265,validation
1709624,train
1840338,train
1012975,train
954758,validation
1004082,train
885586,validation
2138160,train
1031868,test
2111459,test
1046825,test
948862,train
972581,train
1717079,validation
184222,validation
2091982,validation
189405,test
117392,validation
66957,train
2135343,validation
1704827,train
1060484,train
388784,train
13241,test
1258666,train
305237,validation
1885603,train
1896926,train
2251028,test
2052887,test
1714474,train
1971495,validation
420223,train
91676,train
1169290,validation
188834,train
1426368,train
372436,test
142149,validation
1163363,train
980984,train
2173182,train
2016900,train
2092223,train
1646019,train
1862533,test
688064,test
1186695,test
614535,train
186031,train
3725,train
911242,validation
1907458,test
1658525,train
377208,validation
1207177,test
1322312,train
2178598,validation
551789,validation
1870128,test
1022316,train
1255925,test
402767,train
393516,test
2210074,train
288428,test
2161531,validation
1841611,train
699651,test
1250447,train
1839920,train
301930,validation
198907,train
45572,validation
1858770,train
1316224,validation
202296,validation
100859,train
662859,train
1821933,test
920371,train
1778825,train
1027652,validation
1259645,train
654097,train
1202667,train
5647,train
1925744,validation
740111,test
103887,validation
1966120,test
1800520,train
1843076,validation
1234668,train
2094686,train
1239326,validation
617002,validation
1534422,train
111576,train
270025,test
1933252,test
1215738,validation
1659063,train
307848,train
686067,validation
144475,train
1269707,train
50686,train
49991,test
1270064,validation
1649909,train
48652,validation
1667094,test
2166352,test
1695330,train
1767832,train
2074567,train
1090289,validation
904845,train
1227988,train
2218627,train
2111621,test
2251848,train
9502,train
246605,train
2227830,train
1775934,train
315690,train
1297121,train
2013202,validation
1205337,train
17834,train
366877,train
1899339,test
564645,test
626901,train
69824,train
55589,train
2167188,train
194421,train
272017,validation
936914,train
689264,train
1810454,test
1860199,train
1900856,train
1611424,validation
426517,train
231253,validation
1795775,train
2254124,train
629365,train
1309269,train
1817086,train
1919306,train
1671295,test
16892,train
2191349,train
478253,train
2071778,train
595330,train
982209,train
1165368,train
734875,validation
188799,validation
955133,test
2258444,validation
1790206,validation
700681,test
154078,train
945682,test
1014344,train
2191151,train
384033,validation
1018863,train
2007476,train
1325352,validation
1159468,train
1671715,train
1318438,train
1214916,train
2058152,test
167148,validation
2109545,validation
88441,train
195547,train
113555,train
178943,train
1321866,train
1888381,train
440971,train
1026068,test
514525,test
311597,train
157683,train
1633338,validation
1974603,train
1825694,validation
214046,train
1868389,train
1684115,validation
1312206,test
1660032,test
1348521,train
686770,validation
1781094,train
2243738,train
2235072,train
1263128,train
1833916,train
2025830,validation
1619778,validation
53535,train
916679,train
294648,test
1838620,train
1928160,train
1885880,validation
122454,train
732609,train
105100,train
1615155,test
1745581,train
1850997,test
1980976,train
1716572,train
219730,train
650545,train
1714321,train
1648968,train
1065120,test
1892133,train
1116396,validation
284707,test
1086604,test
2021596,train
1334309,test
126495,train
272240,validation
2020028,train
1736808,train
1891165,test
1028608,test
1970673,validation
417083,test
1624712,test
1781196,train
1564665,train
1886297,train
706521,train
403913,train
1294531,test
743406,train
1744264,train
12875,test
367140,test
984383,validation
2172076,train
1250471,train
410551,train
2141731,train
66620,train
990137,train
184233,validation
1106566,train
1045270,validation
1707676,train
1273818,train
2026495,train
470846,train
1992356,train
1645549,train
2120899,train
1778300,train
116811,validation
156502,validation
980253,test
1919021,train
12537,test
1672887,train
1251250,validation
317113,train
1149456,test
256359,test
2020665,test
1854153,validation
59407,test
1768465,test
238447,train
1204283,train
232651,test
1559174,test
276067,train
1274014,train
1300816,train
985126,test
267870,validation
97344,train
321661,train
1912416,train
2150907,train
1969650,train
1838864,train
2219801,test
1898588,test
1123090,validation
1206518,train
320164,train
1196595,test
2018848,train
947237,train
7456,validation
1321310,train
38010,train
400940,test
1892531,validation
1803781,train
1348323,train
1098969,test
203659,validation
2251740,train
295244,train
1694389,train
1835969,train
2003522,test
1924827,train
132333,validation
1210341,train
1972482,test
1289010,test
77298,train
1820104,train
117087,train
186093,train
1330713,train
1323047,test
2257419,test
14710,train
1862876,test
292425,validation
1612872,train
989493,train
1906568,test
1812948,validation
1323889,train
1031663,train
1756042,validation
1327840,train
138657,train
1508156,validation
1650537,validation
1345265,validation
1092476,validation
339982,train
1008431,validation
2216041,validation
1741389,test
200988,train
1925825,test
736269,train
1820288,train
1199520,train
1961679,train
461590,train
1086775,train
1616448,test
19713,train
1328949,train
2158002,train
2241393,validation
1734114,test
1014408,train
24825,test
1787592,train
2144205,train
1111058,train
164653,train
2213501,train
2012539,validation
1167025,test
2215562,test
681667,validation
531588,train
699341,validation
179598,train
1107830,train
1336711,validation
2142176,test
2072330,train
613076,train
1849166,train
365391,train
199588,test
1151798,train
189949,test
1294398,train
118714,train
115723,train
217328,train
157992,validation
1298242,train
77461,train
48649,train
306757,test
722367,test
2041232,validation
710458,train
1710246,train
2014990,train
1524165,train
1857104,train
1896328,train
992338,train
1945767,train
318521,train
1801659,train
686341,test
85529,train
1148247,train
100477,train
1170140,test
2006824,train
227664,train
1145140,test
1625758,validation
1931866,test
1846412,train
2201572,test
630472,validation
1269130,validation
1997183,validation
210662,train
1258031,validation
178366,train
132863,train
1805533,train
1245153,validation
204788,train
588655,train
600717,train
1746556,test
696828,train
1821391,train
307295,validation
1105973,train
287201,test
1063645,train
2110305,test
333885,validation
1651350,train
2151061,train
1640484,test
1187079,train
438037,test
1191384,train
1189326,train
1317977,train
734819,test
1223330,train
1991037,validation
2174233,validation
194475,validation
659084,train
30550,test
370917,train
18735,train
1804710,train
1923379,train
991137,train
683864,train
1764972,train
1855307,validation
1155900,train
894002,test
1869029,train
372336,train
393752,test
311070,train
2228387,validation
1666997,test
1042251,test
7036,test
555540,train
580990,test
377514,train
304463,train
67759,train
2014020,train
1881428,test
1643775,train
27088,train
258701,train
2001239,train
104416,train
349818,validation
1328243,train
1835415,test
1996886,train
2153673,train
390775,validation
368979,train
1633166,test
78387,test
1302927,test
290303,train
244134,train
1017809,train
522959,train
1003303,validation
1013053,validation
421452,validation
19502,train
411715,train
277497,validation
1910462,train
372077,validation
161110,train
1284853,train
1115360,train
1132029,test
716630,train
686661,train
1751771,test
909361,test
1808441,train
1973332,test
64114,train
104638,train
1056096,train
1076728,train
730279,validation
1230891,validation
1131229,train
369910,test
290559,validation
188149,train
333386,train
1320863,train
207463,validation
1198837,test
397404,validation
2006927,train
929663,test
217773,validation
1072341,train
2240795,test
995411,test
929843,validation
1242084,train
2145292,test
140754,train
1729542,validation
522075,test
160307,validation
412465,test
434656,validation
10255,train
1011795,train
1152832,validation
2198506,test
1684689,validation
1981472,train
1073532,train
1320277,train
198524,train
1860306,train
920516,train
1209042,validation
1222584,validation
32413,test
1815693,validation
1144580,train
1143053,test
943795,train
1793528,train
672112,train
1042485,test
52951,train
1607083,test
1216477,train
903187,train
479062,validation
255387,train
182844,test
309255,test
784332,train
413497,train
318208,test
1347969,validation
1283191,test
1303826,train
544665,train
2012932,train
1917305,train
141788,train
501314,validation
1718741,train
353388,train
1255159,train
2164351,train
319918,test
1701256,train
719176,test
414612,train
240714,validation
1986271,train
2203639,test
366387,train
223347,train
1082209,train
268085,validation
2231966,train
1830041,validation
1904831,test
1699208,validation
264564,train
2211269,train
1077082,train
942849,train
136566,train
985521,validation
57994,train
938427,train
1297315,train
1251314,train
1352661,train
281552,validation
863379,train
1035764,test
2172389,train
920351,train
1351391,test
318519,train
2004923,test
1612067,test
925584,train
1923590,train
1892299,train
219130,train
1643889,train
1828362,train
1906986,train
1252345,train
67015,train
349333,validation
1301176,validation
38978,train
166966,test
2212486,train
6146,validation
1554883,test
118750,train
2187131,train
1971530,train
431615,train
1233265,test
1142594,train
2168160,train
962191,train
2063449,train
2142687,validation
1843114,train
2071352,train
2115405,train
1810245,test
1812829,test
1923714,train
1062312,train
1225263,train
156402,train
2087118,train
76748,train
179046,test
374762,train
1059394,test
552020,train
948820,train
127580,train
360890,train
1700344,train
1041172,test
1270327,validation
2071581,test
1986540,train
1082484,train
689326,train
941217,validation
409937,validation
302826,test
2066132,validation
359835,train
2223415,validation
1156292,test
1703154,train
1650603,train
1809656,train
1017886,validation
1918791,train
521440,test
386971,train
174390,test
997641,train
2219759,train
1677835,test
54772,test
1710191,train
1713286,train
815354,train
126641,train
1261838,train
1819433,train
339787,train
1636983,test
429402,train
1122905,train
114644,train
465998,validation
2069236,train
85059,train
1907992,train
1150487,train
2013669,validation
170412,validation
1266015,train
97160,train
8981,train
376565,train
1088320,train
1740569,train
1122570,validation
1919613,train
2184234,train
1244758,validation
1233866,test
108325,train
328448,train
897978,test
1812956,validation
132871,test
1635339,validation
678678,validation
1761446,train
188187,validation
2230667,validation
388694,train
1612365,validation
2171237,validation
1716688,validation
373666,train
467742,test
1130037,train
1949820,test
1006585,train
853237,validation
1189730,test
888509,test
304430,validation
535009,test
278109,validation
2173340,train
35258,train
1747286,train
122138,test
1871454,validation
1106451,test
2248104,validation
1794631,test
1773193,train
1814461,test
1911629,test
78798,train
1929710,test
690590,train
1180081,validation
2913,train
984149,train
1814658,test
70824,validation
192347,train
1792221,train
1184962,train
354134,train
636127,train
1861006,train
1727970,train
394892,validation
58085,test
1689087,validation
1145130,train
2094094,validation
1899813,train
208642,validation
1867043,train
1613094,test
163672,validation
1176330,train
400655,test
2077642,train
1918356,test
119965,test
1748610,train
1391765,test
417397,test
954860,train
1744380,test
312507,train
1217143,train
1206379,validation
7723,train
734387,train
2071569,train
198876,train
1788747,train
1154205,train
1114899,train
2023670,train
208336,train
686777,train
1825151,train
212563,train
1919265,train
1177184,train
1202572,train
558027,validation
2098488,train
531725,train
476929,validation
1766576,validation
1295792,validation
281847,validation
1144213,validation
623765,train
1298599,train
1829554,train
358035,train
351243,test
702538,train
994011,test
1936423,train
1116413,train
2030577,train
273962,train
616385,train
1915428,train
1307899,test
1168887,test
2024696,train
1228517,train
497186,validation
1304728,test
414305,train
644173,train
1956619,train
392433,validation
916889,validation
1268582,train
1834413,train
1494200,train
530652,train
2224783,train
595216,train
2004719,validation
1028846,validation
651751,test
1201531,train
1525272,train
125710,train
348488,validation
1071191,train
376264,train
360974,test
1843579,train
1050187,test
1618910,train
2000563,train
255915,test
1144214,test
203333,validation
1752607,test
1239074,train
637382,train
1436296,validation
406181,test
635446,validation
264670,train
1597364,train
235127,train
1912650,validation
2192199,validation
60545,validation
1192032,validation
91806,validation
941020,train
916001,test
1157479,train
2158883,test
307685,validation
1706551,train
319965,train
1996721,train
2006418,validation
963656,test
608798,train
665282,train
1308029,validation
1195318,test
77290,train
629815,train
896034,validation
1936577,validation
1295913,validation
1142685,train
2253195,train
9095,test
245027,validation
375399,train
1501073,train
1023052,validation
106252,validation
1994635,train
200680,test
2234292,train
906568,train
323204,train
144137,train
119268,validation
1661464,train
309053,test
587326,train
505019,train
2132013,train
2194198,test
1211927,train
1655412,validation
1659575,validation
357577,train
2033901,validation
1916308,test
2253371,train
1227431,train
320664,test
356414,train
1031651,train
1845495,test
50845,train
139344,test
1288272,validation
1163814,train
322389,train
633956,train
856833,validation
1262404,test
1995982,train
2209785,train
1707454,train
156958,train
412712,train
337077,test
648955,test
535386,train
544701,train
962514,train
2193336,train
1641029,test
976118,train
1829925,train
1009985,train
1821999,train
1218023,train
1021934,train
414839,train
1191787,test
550035,train
176900,train
333422,train
1022011,train
1832337,train
740826,validation
1754059,train
342251,test
735835,test
1265464,test
1247274,train
1736516,train
307125,train
387303,train
1829517,train
537026,train
494577,train
1039355,train
562730,test
1318657,train
725747,train
1151797,test
1144344,train
397519,train
1109325,train
643976,validation
952242,train
1093078,train
2251476,train
399018,train
1799544,train
1945045,train
384711,train
1256780,validation
1643650,train
1099655,train
1757077,train
714897,train
3753,test
1271111,validation
1879128,train
2016214,validation
1073759,validation
1125297,test
1774611,test
1685262,validation
1881925,train
125431,test
2012400,train
1286997,train
4916,train
210175,train
126722,train
56260,test
1969115,validation
1971644,train
14810,test
686717,validation
764942,train
1932186,test
658719,test
1221829,train
1767312,train
402072,validation
347738,train
1762359,validation
1339724,train
1801125,test
1691077,train
1029729,test
396434,test
1778983,train
1202869,train
1202786,train
1161209,train
672249,train
1898164,validation
2098245,train
2113514,train
41341,train
291387,train
1632842,validation
896618,validation
697902,test
1572906,train
1091900,train
1830181,train
899882,validation
1230367,train
422799,train
1823587,test
389526,train
1752361,train
243498,train
22828,train
1142448,train
894710,train
1618954,train
367463,test
140091,test
2046700,test
2033199,train
309005,validation
2095323,train
2037873,test
390110,test
718234,train
1199574,train
1304516,train
1210554,test
180699,train
47733,train
2066361,train
1866200,test
1890873,train
1901362,train
79652,train
2035824,test
394547,validation
2251411,train
1055495,train
1122745,train
346665,validation
729384,test
75093,train
1770713,validation
1219662,train
1676875,train
1728788,train
1626106,train
1289390,train
1618003,train
907074,train
189513,train
2201798,test
402369,validation
1083018,train
230090,train
679841,train
1182681,test
1711078,validation
734311,train
2010856,train
1327379,train
188088,train
1275423,train
191045,validation
40535,test
1900551,train
877400,train
1073213,train
1954068,train
1812540,train
533266,train
1157629,train
1311191,train
1164301,train
1612128,test
1914662,train
1779577,train
1920999,train
1704232,train
261148,test
725648,validation
311322,test
2222314,train
1345843,test
849192,test
1690685,test
1307061,train
1166603,validation
1199680,train
1732279,validation
1950678,train
1336261,train
169069,train
291162,train
1859708,train
1181882,train
1630914,train
400410,validation
206246,validation
365295,train
353818,train
1002569,train
1093378,test
1802497,test
743897,train
614850,train
1121403,validation
1810055,train
1769888,train
1022223,validation
1147840,test
948362,train
1921730,test
264358,train
1296154,train
29767,train
156129,train
194127,test
1298942,train
1756981,train
394521,train
1930806,train
1559555,train
2134668,validation
116832,train
2126348,train
163581,test
1695419,train
1539703,train
154989,train
406194,train
989124,train
1702274,validation
687438,train
1635849,train
696968,validation
1869694,test
1034575,validation
1681552,test
1245263,train
1145054,test
389049,test
1166004,train
2194715,train
140761,test
979946,train
698693,test
185858,train
495741,train
918938,validation
363665,train
1150074,train
2197102,train
1457787,train
267181,test
327392,test
1278436,validation
1802503,train
1815391,train
1981753,train
376976,train
314111,validation
1286874,train
635663,train
1227346,train
1961574,validation
1317803,test
421365,train
1804941,train
61340,train
1642214,train
1644965,train
1231822,train
1613957,train
1635726,validation
918237,test
1156113,train
1184158,train
1137682,train
1103873,test
678512,train
1316927,test
1905805,test
1155449,train
973911,test
2206627,validation
1018549,test
2105493,test
75573,train
1846938,validation
997747,test
1340293,train
2061207,validation
126947,validation
2137784,train
1214517,train
2067850,validation
1684682,train
1895075,train
1784506,validation
1048977,test
211369,train
878030,train
1775213,train
1044083,train
1878185,train
1794027,test
246060,test
1822746,train
1078286,train
1139715,train
1769526,train
936853,train
1682185,test
299690,validation
1268906,train
137970,train
288463,train
1831336,train
361505,train
1172462,validation
1164475,train
1868982,train
7320,test
1637102,train
194670,train
273972,train
1826066,train
217921,train
1807669,train
1907634,validation
256569,validation
2025478,train
1023200,test
572012,train
1832402,train
1237746,train
668899,validation
276953,train
1245307,train
1619941,train
1069802,train
1312677,train
1799245,validation
1154718,train
1988932,train
741600,train
364014,test
220107,test
1734172,train
312836,test
285519,train
65394,test
679901,train
1643992,test
701313,train
660812,train
243202,validation
952828,test
333758,train
493375,train
1287493,train
730246,train
1570130,train
372260,validation
1919019,train
270074,validation
940877,train
1320916,train
1192941,validation
615604,train
1256412,train
384296,train
196467,test
1901975,test
626188,test
71764,train
1849961,validation
296834,train
253123,validation
680296,train
1199158,train
1150395,test
1142052,train
783458,train
1224162,validation
1829162,validation
1038463,train
497012,train
420572,train
1279422,train
1076898,train
402342,train
1999675,train
1122172,train
1614266,test
702769,test
1631870,test
1105565,test
231162,validation
1268580,train
1736228,train
1796397,test
410911,test
673616,validation
1225209,train
1339400,test
1966969,validation
1903876,test
180524,test
1028805,train
72145,train
2067319,test
2150386,train
1872185,test
1853357,test
526265,train
387082,validation
1848885,train
1204139,train
1831022,train
85300,train
1893596,train
373975,train
1851249,train
2076887,test
1311994,train
154115,validation
1301013,train
277729,validation
1042217,train
134731,validation
1176100,train
89499,train
3717,train
953271,validation
806462,train
234636,validation
1795200,train
1225862,test
1341828,train
1156244,train
1134318,train
1073377,train
1961094,train
543096,train
1020835,validation
2062412,train
2095650,validation
980083,train
1745947,train
1832180,test
363746,train
1855508,validation
1042051,test
1109098,train
1783304,test
417823,train
2255494,validation
1227391,train
1226831,train
1314708,validation
1862725,train
241665,train
691630,test
1140453,test
413089,validation
134747,train
254020,validation
2243069,train
2071083,train
1240633,train
1123560,train
1925974,test
129113,train
962122,validation
679654,validation
2186725,train
366955,train
1227142,test
1797408,train
289249,validation
1701511,test
1528624,train
1934393,validation
1766044,validation
1010944,train
243355,validation
1813955,train
529455,train
426924,test
2073066,test
717616,train
2228281,train
340797,train
1044414,train
1503,validation
1148111,train
938978,test
1904460,train
142585,train
1519087,test
1229388,train
57882,train
1189808,train
1090853,test
324852,train
34720,test
1973877,test
1146443,validation
358831,train
911965,train
1941581,train
1104647,train
1346403,validation
1158671,train
538380,train
1674880,train
1160278,train
985495,train
1001759,validation
1014318,test
606435,train
1107085,validation
107020,test
1280633,train
837727,train
1203089,train
16587,train
412474,validation
11575,train
1632760,train
58825,train
2091574,train
858052,train
43142,validation
613602,train
1798576,validation
1871670,train
364850,train
77304,validation
392682,train
1380,validation
2226495,validation
1705239,train
236892,test
1239097,train
48404,train
1927312,test
608131,validation
1994310,train
500835,train
746945,validation
384992,train
2040553,train
1868565,train
203932,train
1830551,train
643892,train
238931,train
711440,train
2225244,train
2151264,train
271769,test
386449,train
1136457,test
1096164,train
912874,test
1001672,train
250489,train
1860223,train
1901098,train
24833,train
143504,train
1775695,test
739921,validation
139492,validation
451747,train
298462,train
1150587,test
292482,train
1118981,validation
1111702,train
617909,test
984496,train
1083927,train
1299624,validation
661751,train
985809,train
297439,train
1620938,train
181536,test
667988,train
1235980,validation
1685100,train
1620906,test
699621,train
1248980,test
1620845,train
2206481,train
1764762,test
890045,train
2247722,validation
1311974,train
228213,train
1259329,train
2080040,test
1894802,train
374613,validation
2058857,validation
1611499,test
1327227,train
1327855,train
510368,train
1017553,train
1128190,validation
1332628,train
24869,train
182488,train
193806,train
2068835,test
669756,validation
1966666,train
98018,train
897775,validation
2083095,train
1265895,validation
1238371,train
731181,validation
1940655,validation
230203,train
1163972,test
479856,validation
2204191,validation
1805432,train
1742140,train
1143722,validation
620511,validation
430937,train
935464,train
381555,validation
2035550,train
668966,train
34364,train
1685866,train
1659076,validation
1879607,train
1927241,train
666128,validation
413293,validation
1576022,validation
126392,train
642334,train
296951,train
349089,validation
450893,train
418731,train
1302810,train
937868,train
998133,train
1209001,validation
1642489,test
261067,train
251799,train
391381,train
397145,train
353277,train
1873416,train
1656167,validation
1322071,test
1779091,train
1505185,validation
1131959,train
2029536,train
55730,train
1969216,test
1634200,train
1182361,train
38653,validation
1347696,test
305112,train
1002157,train
1803013,validation
209955,test
1248647,validation
1241599,train
59975,train
579153,test
52002,train
1857343,test
1118268,validation
1754026,train
1084622,validation
1231350,train
1774607,train
1827509,train
1638669,train
697027,train
85199,train
2240906,test
11021,validation
2258271,test
103726,validation
344013,validation
694091,train
54108,train
705069,validation
386004,train
1063850,train
1339440,train
2043725,test
357164,train
1031303,train
1144738,train
246061,validation
1726727,train
157935,test
2172744,test
1856793,train
323998,train
1883532,train
106439,train
271169,train
1145631,train
1764289,train
1850611,train
234658,validation
106729,test
64508,test
543296,train
1672828,train
640376,train
1304314,train
2248913,train
1178992,train
1186401,train
1348081,validation
206371,validation
1231246,train
1249165,validation
1879471,test
1109392,train
130045,validation
2001342,test
711144,train
1586371,test
2019654,validation
613750,test
2013205,train
1946823,train
199234,train
1760193,test
371377,train
1185755,train
360244,train
1296140,train
1116644,train
1069134,train
1825605,test
1163103,train
634311,test
217048,train
92581,test
70897,validation
120975,test
1849304,test
1952049,validation
1630919,train
312646,train
1163015,test
589248,validation
285062,train
295553,test
591217,test
2251864,train
1274123,train
676005,train
12925,train
396992,test
492306,validation
1762787,validation
1024376,train
244921,train
128469,train
1845441,train
644150,train
524333,train
1967692,train
239228,train
9784,test
1894605,train
352211,test
253982,train
173201,test
1241005,train
210273,test
2216570,validation
979999,train
23290,train
842535,train
1688061,train
28623,validation
1585056,train
198267,test
1806153,train
1778620,test
1294459,validation
1800612,validation
1316884,train
115912,validation
1631172,train
1796246,train
186980,train
391439,train
1630581,train
1852284,train
28230,train
1154875,train
220623,train
1274928,validation
1795701,test
1844997,test
673496,train
2248784,test
1812344,train
985624,train
1169244,test
264723,train
400292,validation
1791807,validation
234005,test
1021287,train
2012831,test
181871,validation
436463,train
1037158,validation
374337,train
165348,train
115814,test
417980,test
108860,test
369553,train
279780,train
378157,train
346858,train
367772,validation
49008,train
637385,test
28159,test
1106666,train
223486,test
2178735,train
1864413,test
1969532,test
1221581,train
929398,test
1926909,train
724894,test
408075,train
802079,train
1556278,train
1820686,train
1241565,validation
1240646,validation
1898409,test
2014403,validation
1034212,train
1821845,train
1050159,test
394053,validation
1054072,train
1348963,train
33980,train
1255842,train
2131595,train
1816803,train
1779025,validation
1053729,test
1136157,train
948376,validation
1258910,test
725009,train
397031,train
298585,test
1137396,test
354947,test
621388,train
427156,train
46017,validation
1614056,validation
170534,validation
20645,train
1841327,train
1292819,train
896545,train
1619052,train
1085663,train
1906079,train
1789897,train
195708,test
341316,test
1026306,train
1204983,test
1334327,validation
1237426,validation
2013144,validation
268752,train
1035498,test
1879068,train
1243602,train
142804,test
2167719,test
137687,test
1277108,test
1434053,test
719589,train
157671,train
695508,validation
1692072,test
674944,train
307070,train
1625069,train
276539,train
1964238,train
2186502,validation
1846047,validation
1826506,train
1320709,train
1244588,test
989141,validation
1621974,train
1228386,train
204832,train
1312016,validation
1254620,train
3595,train
336363,train
1143212,validation
991521,train
1056089,validation
2120872,train
167859,train
1760378,test
890926,validation
1662812,train
1690725,train
1663379,train
146307,test
658443,validation
1026708,train
1840919,train
270081,test
275340,test
1145341,test
1162765,train
988507,train
1129578,train
691909,validation
1166706,train
1752848,validation
611107,validation
261293,validation
388503,train
144276,test
1996181,train
1243526,train
1333166,test
145107,test
1649017,test
19543,train
314322,train
771844,train
1160611,train
222313,train
373297,train
1343394,test
2098949,train
1009748,train
1840583,validation
1996322,test
8117,test
322562,train
748573,validation
2020260,test
622206,train
1028061,test
1577776,train
2005583,train
716439,train
672250,train
157617,train
1945344,validation
1181645,train
460979,train
2217021,train
1877258,train
86451,train
2003418,train
154126,train
93563,train
315903,train
489555,test
232450,test
299665,validation
371443,train
339287,train
1646394,train
1770928,train
2034189,train
75275,train
953922,test
369206,train
16840,train
1131555,train
992297,train
271497,train
804953,train
1813375,train
1822120,train
1273858,train
1172200,train
1219835,test
2151260,test
1139549,validation
1247367,test
827176,test
2216914,test
1255267,train
267143,train
1277228,train
23402,test
1646803,test
1043397,train
1015069,train
1741640,validation
1218861,train
1617665,train
2159040,train
1867331,validation
200112,train
926951,train
1854718,test
741845,train
1628627,train
1641171,test
718181,test
929733,test
529886,validation
7881,validation
202079,train
28549,train
1857610,train
1082311,test
1656366,test
1215552,train
2196574,train
90532,test
962058,validation
111546,test
1129667,train
1092087,validation
558541,test
970794,train
815822,train
1954582,train
1019620,train
1940894,test
2159033,train
659950,test
1093427,test
1329782,train
301113,train
1161298,test
102979,validation
1298406,validation
27856,train
2037474,train
298838,train
665930,validation
123125,train
236145,train
1033045,test
1645250,validation
683175,train
2236550,train
442008,train
275665,train
453756,train
1877403,train
2213468,train
249483,test
1210021,train
1899870,train
2185894,train
393112,train
705625,test
18189,validation
120303,train
561358,train
1939043,train
249663,validation
188079,train
273781,train
172294,test
1181619,test
1949892,train
1656773,train
1048112,train
1296245,train
1331362,validation
1815166,validation
241668,train
2016124,validation
1087556,validation
1725237,train
1678858,train
1740304,train
25748,train
1227567,train
148679,train
1882877,train
1082331,validation
213808,test
2104928,train
1187673,train
305742,validation
1832499,validation
1231064,train
1129523,train
996277,train
2190646,train
1310030,train
1835113,test
277394,train
259114,train
1772663,validation
656225,validation
202156,train
1744461,test
1008822,train
239156,train
1012000,train
1865238,test
1771041,test
261984,train
235074,train
204648,test
160283,validation
1732955,validation
206672,test
1126233,train
1079202,test
2198569,train
1106414,validation
103425,test
1162945,train
1918277,train
1922744,train
227592,train
1179889,train
1024992,train
1643538,train
17216,validation
42558,test
1764416,validation
1881730,train
1012582,train
589728,test
1950205,train
313616,train
224150,test
1759252,train
1145144,validation
949726,validation
185903,validation
1646403,validation
1932341,validation
2255128,train
881248,train
1964600,validation
1112929,train
67246,test
1647414,train
1901913,test
1079724,train
2223231,train
2076114,validation
390070,train
1785521,train
20296,test
2059720,validation
1819062,train
1141593,train
226925,validation
2226648,train
547153,train
1197481,train
174688,train
291668,validation
1778815,validation
1118855,train
170338,train
1903832,validation
573694,train
1249978,train
195345,validation
1847761,train
2207397,validation
897480,test
41806,train
225030,train
2195629,train
729680,test
55971,train
2002319,train
1131537,train
1088683,test
320243,train
808965,train
264774,train
198573,validation
1757177,test
238791,train
1042926,test
1944640,test
670366,test
989079,train
50033,train
132745,train
1090480,test
1326322,validation
1328567,train
1614728,train
191106,train
89596,train
1613204,train
1958450,train
321826,train
177167,test
1389178,train
1056996,test
1531815,test
1151302,train
634057,train
1086798,train
1237733,test
99159,train
1772420,test
1338669,train
1041593,train
1037609,train
1292348,train
251234,test
1791156,train
2225319,test
1211323,train
286576,train
451038,test
914816,train
1889919,train
718046,train
356816,validation
668397,train
1044009,train
405734,train
419843,train
1006038,train
1863622,train
106595,test
158524,train
1644951,train
943831,validation
286296,train
1248220,train
135556,test
1350330,test
342365,train
43646,train
39468,validation
1202252,validation
1816291,test
541244,train
531780,train
320534,validation
1222822,validation
627944,train
1873326,validation
23232,train
1986885,train
1642873,train
37598,test
1107825,train
398584,train
219325,train
1872205,validation
1763944,test
712558,train
83614,train
183374,train
235459,train
17594,test
40021,validation
1322918,train
1040168,train
22059,test
1905553,validation
450017,train
446078,test
1574915,test
600748,validation
1037435,test
1858225,validation
176918,train
744814,train
69295,train
1745318,train
1317423,train
1276967,train
1846763,test
292325,train
840208,train
106846,train
1004586,train
1157246,test
92849,test
319407,train
7835,train
187246,validation
450925,train
887945,validation
1938625,test
1811286,train
43541,test
612451,test
241821,validation
1622714,test
1792446,train
1127773,test
1120107,test
231766,test
1856880,validation
403887,train
1245726,train
165375,train
1782914,train
2009963,validation
1306119,train
1208607,train
1021640,train
1122377,train
2103760,train
193311,train
1813673,validation
338459,validation
199752,test
669559,validation
846918,test
277190,test
1561022,train
1349765,test
2255111,validation
140849,train
1706656,validation
2157026,train
1190281,test
1025455,train
117704,train
1826850,train
2059016,train
154930,validation
2025179,train
999144,train
317024,validation
1836069,train
1798037,train
1910173,train
893658,train
1299625,test
297474,validation
2241945,train
417329,train
1973,train
361699,train
1158839,validation
2188242,train
189272,validation
1192740,train
170430,test
1777851,train
2208636,test
375183,validation
2228701,train
1976889,validation
531012,test
1938944,validation
963227,train
107931,test
1247646,test
372268,train
2231144,test
1279556,train
990540,train
1835750,validation
342897,train
1152430,train
1512210,train
1655565,train
679500,train
999018,validation
1872514,train
1231784,train
2238071,train
1122081,train
1111119,train
993463,train
209223,train
1212769,train
954180,validation
270957,train
322660,validation
383273,train
1133404,train
1223212,validation
1016968,train
214176,train
1704356,train
1846695,test
28200,test
1854566,train
402334,train
336229,validation
1293046,test
324535,train
957677,validation
730968,train
1301072,train
245305,test
112156,validation
2046178,validation
1962632,validation
1987610,test
913269,train
2180263,train
1141295,train
1913969,train
2226423,train
792251,train
1847652,train
339367,train
2091584,train
705645,test
370641,train
85626,test
1129141,test
1976942,train
959542,test
1323928,train
280648,train
258981,test
347546,train
103935,validation
79230,train
536171,train
321993,train
607304,validation
1248418,train
540078,train
1210956,test
357147,train
1316104,train
130841,validation
635016,validation
1759608,test
1152729,train
2192833,train
606909,test
1994197,train
179616,test
1033809,train
248939,train
2234125,train
36662,train
29008,test
263368,validation
2075270,test
56351,validation
1700250,validation
303638,validation
1014586,train
1260860,validation
1170748,train
708188,train
1273460,validation
1948994,train
394695,validation
1754096,validation
1837080,validation
1281131,test
1700439,train
190719,validation
57008,validation
376626,validation
1114256,validation
620380,test
1613755,train
107624,train
7879,train
29924,train
427087,train
402646,test
1165121,train
115097,train
2037500,test
320414,validation
90480,train
968697,train
674574,test
1713293,train
899273,train
1296639,train
1216026,test
212596,test
382448,test
742232,test
666172,train
1786574,train
1265697,test
273086,test
2240423,train
1223708,train
886838,train
711454,test
1906745,train
742012,train
1717588,test
127043,validation
100595,train
1862949,test
6611,train
2096751,validation
1174054,train
1900581,train
24850,test
1868534,train
1876902,train
1283057,train
1260746,test
1840351,train
1910107,validation
916796,validation
278483,train
2234160,test
1974903,test
688175,test
590221,train
783728,train
1946121,train
717405,train
284578,test
912395,train
1857688,test
1241924,train
2105852,test
1599604,validation
1298282,train
1025148,train
348172,test
29946,train
2090233,train
2054700,train
1742506,train
1984554,test
124693,test
1228639,train
1868528,train
15056,train
1578077,train
247119,train
2084738,test
1875559,validation
977287,train
2156856,train
1064380,train
1259074,validation
372883,validation
149174,train
630864,train
350107,train
1154749,train
244617,train
2085852,test
1917719,validation
115817,train
1287053,train
571922,train
1311055,train
1348026,validation
1755727,validation
1898110,validation
1800130,train
703473,train
313379,validation
1847022,train
2207890,validation
2006793,validation
1778494,test
112095,validation
1081400,test
2218160,train
1833122,train
2007333,test
1567119,validation
1899348,test
75620,test
1847168,train
657183,train
940145,validation
1314389,train
489877,train
569985,train
354812,train
1968279,train
985266,train
1317756,train
1269975,validation
1800427,train
382792,train
2167060,test
1688706,train
1194632,train
846578,train
1841883,train
480955,validation
1085550,validation
1241073,train
1288521,train
328628,train
291151,test
918463,train
1751917,train
1786073,train
438721,test
194782,test
391427,train
125732,test
1808711,train
505223,train
1070558,train
705857,train
1340615,train
146658,validation
325994,train
2116171,train
1795982,train
386865,validation
1194834,validation
326625,test
1692562,validation
190629,test
407619,test
1601966,train
415132,test
1929654,train
54341,test
1622247,train
317150,train
1333492,train
344841,validation
1089015,train
1866082,train
78506,train
340500,train
1918701,test
24113,train
675514,train
1130783,test
1314288,test
1391653,test
1916874,train
538986,train
2227840,validation
1642632,test
1918228,train
387020,test
2103410,validation
1901420,validation
1308447,train
183764,train
2232772,test
1243748,train
342615,train
373171,train
197090,test
1702452,train
1961264,test
1858146,train
1158171,test
1171787,train
1832885,train
1311767,train
995986,train
408319,train
681172,train
2138749,train
965501,test
2189652,train
272750,train
1987872,train
926806,train
1900561,train
105652,validation
1998449,train
302041,validation
915278,train
1670960,train
1012543,test
2087083,train
293079,train
179797,train
1001771,validation
1615914,validation
703898,validation
729959,validation
2177420,train
1961393,validation
471551,validation
1935499,test
200006,train
1226243,validation
950588,validation
50721,train
1153603,train
73596,validation
777473,train
1896639,test
290128,train
1046904,train
1703578,train
1984472,train
895357,train
89830,train
608672,test
246647,test
188959,test
224705,validation
1453881,train
385393,test
317648,train
1957269,train
1001834,train
172975,train
1970020,train
1016657,validation
480363,train
209401,validation
1953628,test
2241345,test
281152,test
171916,train
1132242,validation
144114,train
743311,train
706952,validation
66531,train
296069,train
1338942,validation
1974033,train
1923879,train
199188,validation
171886,train
1934649,train
1687534,test
2112490,test
202398,test
1904160,train
2174305,validation
1337181,validation
1628849,test
106819,test
1949939,train
2106604,train
2020154,train
677871,train
682941,train
1031630,validation
936883,test
486801,validation
1912048,train
1312644,validation
249679,train
1135540,train
207922,train
196372,test
969778,train
192266,train
952527,test
1216797,train
201820,train
2234727,train
2036183,validation
1224293,validation
703618,test
1178991,train
547767,train
2104885,train
1129365,train
1048059,train
1720687,validation
1308260,validation
1974808,validation
1182723,test
343892,validation
552552,test
166198,train
1794663,train
329810,test
1162164,train
1203344,train
303962,train
1064652,train
1310118,train
209991,train
1054144,test
541072,train
968723,test
602732,train
218342,test
988767,train
2244636,train
997054,train
1595927,train
1331118,train
1821362,train
1042235,train
78958,train
1126244,train
1645691,test
1282591,train
56896,train
306781,train
245794,train
112608,validation
1070533,train
974589,train
1752704,train
78658,validation
747894,train
1856290,train
1304493,train
1014702,test
940940,train
1350273,test
309844,validation
1938661,validation
1085664,train
6601,train
1859731,test
318577,train
907096,test
2206356,train
1262888,train
1858025,validation
1147916,validation
1992381,validation
1221947,test
2124057,test
1311909,train
903570,train
2028819,train
1935096,train
266360,validation
187515,train
1858386,train
1835391,train
1254072,train
238236,test
1976620,train
2217044,train
48715,train
405334,validation
35322,train
207347,train
2123119,validation
1974380,train
108304,train
17853,test
1174192,train
1205315,train
361655,train
83196,train
226075,train
1057442,train
1757374,train
711280,train
1788854,train
518702,train
993135,train
1124670,train
1132886,train
415029,train
39550,train
1565495,train
1155140,train
1726603,train
1265362,train
1166970,train
1857437,validation
1787105,train
967771,train
104804,train
961509,validation
1249930,train
302097,train
300233,test
267162,train
632056,train
1629360,train
56305,train
1053256,test
1943319,train
2043368,train
1836966,train
324641,train
1824672,train
1063114,validation
988903,train
447714,train
1712266,train
323294,train
1903139,train
178448,test
2215318,validation
1327694,test
214148,train
1029524,validation
53831,train
150911,train
1341560,validation
1636360,train
2033740,validation
1814831,validation
39507,train
164046,train
1761836,train
749170,train
207283,train
2186902,train
340579,train
1775685,train
1905004,train
2156543,train
666851,validation
364397,test
2225197,test
416308,train
245725,train
1778881,train
1334765,train
1864136,train
1973011,train
1264899,validation
612261,train
1086341,train
2192002,train
12075,validation
1320983,train
1095659,test
1150638,train
175422,validation
43479,train
1228996,validation
1035331,validation
725500,train
1621939,test
618208,train
2171173,train
723342,train
2204509,train
99718,validation
1212262,test
281595,train
1803422,train
1206334,test
1054552,train
107429,train
1616551,train
1645493,train
208249,train
2250846,train
6781,test
2255351,train
1190380,train
1739255,validation
352983,test
221686,train
1313530,validation
164470,train
117878,validation
1756928,test
1130911,train
1707710,train
2020983,train
215959,test
1673425,test
292992,train
1335255,train
2033626,train
1310145,train
1638158,validation
263451,validation
104886,train
1035927,train
1800230,train
1792815,test
1650393,train
1051246,validation
1766779,train
59469,validation
141604,train
220166,validation
407188,test
1938100,train
1769271,train
1143884,validation
1112992,validation
1762641,validation
1719392,train
235852,train
117595,train
1913663,test
65621,train
2246590,validation
382123,test
2074796,train
1949936,train
921284,train
85444,train
1982039,train
2005791,test
204952,train
232043,validation
1254240,train
358546,train
1815701,validation
1331880,validation
1811411,validation
27491,test
923083,train
1311419,test
305414,train
147320,test
2010191,train
50199,train
354548,train
1651209,train
1937094,train
251331,validation
2247642,train
1158768,train
750575,train
1165702,validation
2189597,test
1004638,validation
2187054,train
2114770,train
614244,train
1960385,train
348154,validation
1866643,test
2119122,train
914810,train
1957057,train
1089884,validation
385112,train
122054,train
1769120,validation
2251162,train
1982989,train
1278256,train
1858100,test
248005,test
161119,test
1602654,train
112396,train
1124635,train
411608,train
359805,train
1711219,train
1316469,validation
390640,test
2026556,validation
1843928,train
318752,validation
1193628,train
1615778,test
167922,train
939202,train
1826886,train
532125,train
65706,validation
1321970,train
1110711,train
2023813,validation
1775090,train
405594,validation
1003092,validation
1040862,test
1800495,test
76993,train
1226651,train
2192910,validation
1805411,train
1320768,test
692156,train
1805943,train
1848326,test
418114,validation
91817,train
1908900,train
1836634,test
726985,validation
164284,test
1464895,train
1593027,train
2009478,train
1326138,train
1117249,train
99872,train
217040,train
264103,validation
1568537,train
1298370,train
1209848,train
1932343,train
1014625,test
119165,test
1876106,train
49615,test
2178422,validation
1086701,validation
1303806,train
43459,test
1615589,validation
1988306,train
1716481,train
1603272,test
1183177,train
929186,train
1166493,train
48140,train
1173680,validation
1788529,validation
79629,train
1139933,test
1214712,train
202465,validation
1703324,test
1204195,test
1493668,train
147089,validation
10871,validation
1895817,test
1676826,validation
1111481,train
1237699,test
1153844,train
1953214,train
1293412,validation
320068,train
1148638,train
655484,train
2024824,train
1541173,train
2181001,test
93456,train
485777,test
386418,train
311399,validation
410072,train
394720,train
1096277,test
1730480,train
702926,validation
1118701,train
381761,train
107968,train
275339,train
197040,test
1203849,train
1288042,test
93691,train
119652,train
125671,validation
396934,validation
1160651,train
2230890,test
146011,train
1225933,train
1620297,train
1751481,test
1774240,train
713576,validation
62947,test
1194124,test
1800389,validation
212170,train
738523,train
935045,test
1927627,test
965231,train
1097662,train
1778155,train
1677806,train
594079,test
540062,test
1104752,validation
1049207,train
1075357,train
1026746,validation
1651011,test
673296,test
195686,validation
1595950,test
1228053,train
158325,validation
1291589,train
1830251,train
593500,train
2000667,validation
298091,validation
1696852,test
924984,train
1276015,train
195187,test
25530,train
529053,train
1259677,train
1064855,train
540357,train
2022456,test
281572,validation
73986,train
1212113,validation
25046,train
114313,test
687039,train
1662295,test
1285275,validation
186150,train
1023369,train
1051673,validation
209896,train
1173640,train
269674,test
1237882,train
1561035,train
26984,train
1982404,train
128506,train
29097,train
2232106,train
187831,train
362209,train
1702818,test
1059990,train
241850,train
282514,train
407214,train
2213072,test
1620226,train
77226,train
651101,test
191075,train
1163895,train
939566,train
630295,test
994396,train
1899686,train
78107,validation
140836,validation
978391,train
1062178,test
1128958,train
1761174,train
2173068,train
354173,validation
1890754,train
1840756,train
1668889,train
1311115,train
1168204,train
697753,validation
1784746,train
260570,train
1662316,train
942880,validation
1710761,test
1796464,train
655502,train
643007,train
1898485,test
1347020,train
1307869,train
110159,train
539455,train
2159146,train
307212,test
1613522,validation
330570,train
194080,train
277628,test
1288456,validation
2030920,train
2186921,train
1269509,train
1693556,test
98908,train
1344819,train
1201401,validation
1882769,train
1617056,train
1944545,train
1882641,test
467097,validation
15409,train
693930,validation
2077107,validation
2068632,train
1880471,train
1146830,validation
308418,train
691210,test
701116,test
946012,train
1252154,train
2195472,train
86202,validation
368839,train
1239197,train
371652,train
2221516,validation
981123,train
1986150,train
1854237,validation
1895382,validation
1894447,train
408781,validation
1768374,train
1152951,test
1198065,train
685811,train
871353,train
1689436,validation
2152153,test
18930,train
741273,test
1253834,train
391816,test
1156485,test
710149,validation
1334870,test
1778264,validation
1206847,validation
376776,validation
1789557,test
1868550,test
1149834,test
317622,validation
1213941,train
153515,validation
1726541,train
1217401,validation
536854,train
283079,test
174879,train
194290,train
1977452,test
28715,train
388168,train
1766830,train
2091827,train
315774,validation
169922,test
1553263,validation
366577,validation
388014,train
1240316,train
1256175,validation
642061,train
1035467,validation
288645,train
1144285,test
1918921,test
2213888,test
320017,train
77549,test
1315034,train
876170,validation
433607,test
1126387,test
1786415,validation
353156,train
1364253,validation
2119255,train
127749,validation
295043,train
185772,train
1785958,validation
1619675,train
110771,train
291948,test
124100,train
717615,validation
821605,train
1218559,train
1320912,train
1996517,test
1222731,validation
1689979,test
1845467,train
695891,validation
1119828,train
911613,validation
438181,test
115769,train
1085960,test
712476,train
8711,validation
454411,train
1852975,train
23195,train
2214707,test
1236505,train
1847453,validation
1785286,test
2046010,train
1950547,test
1686423,train
2137049,validation
378703,test
80111,test
1010802,train
1864063,validation
1633390,test
694433,train
1956948,train
178929,train
1979950,train
706597,validation
1775715,train
2105987,validation
1008753,test
1736903,train
168166,train
1412395,train
1345646,train
1567627,train
170726,train
1183904,validation
1555358,validation
566797,train
1120061,train
1721430,train
969419,train
925528,train
427364,validation
2160147,test
1776713,train
1068281,train
132110,train
1252951,train
266558,train
1922995,train
977933,validation
1254076,train
1967623,validation
1876258,train
1254309,validation
419526,train
239083,train
1638417,validation
130643,train
237529,test
1786172,test
2020050,validation
351972,train
483728,test
1075281,train
1314112,validation
1638080,train
58620,train
1339222,train
368933,train
1236379,train
1612313,train
1109671,train
1057957,train
1978703,train
1264588,test
1880422,train
1228006,train
565056,train
1046503,test
44751,validation
246620,train
2033570,test
181304,validation
258790,validation
287239,validation
654192,validation
1286751,validation
1311911,train
1615446,test
8502,train
1574738,train
1278069,validation
318591,test
527126,validation
1310439,train
1898970,train
1110612,train
138153,validation
1891085,test
1284647,validation
2197122,train
7032,test
231639,train
1099661,validation
1984758,validation
1960975,train
1741464,validation
2202454,train
597142,train
339500,train
956676,test
549869,test
239403,test
790619,train
1104790,train
1646509,train
1924458,test
96397,train
333036,train
255657,train
401606,validation
288646,test
993701,test
979169,train
132145,train
1855719,train
202555,test
68155,train
1253492,validation
2112291,test
2093324,train
1284157,validation
214954,train
934195,train
1979776,train
1096325,train
1983810,train
1952032,train
686281,validation
878299,test
251721,train
729754,test
2109893,train
148477,train
448583,test
1646648,test
347353,train
1012527,train
1299639,test
234965,train
120705,train
2010872,test
197833,validation
862085,train
1231003,test
353706,train
1075456,validation
281440,train
1885446,validation
1024352,train
1089113,train
1213764,train
1795461,validation
1269887,train
1273633,validation
397830,train
1227174,train
1223238,test
119000,train
192040,train
813447,train
1935052,test
583489,train
991289,train
1063470,validation
319500,train
1226031,train
1777596,validation
1858660,train
1929328,train
1282417,train
539407,validation
1158262,train
1707130,train
1692267,train
30382,train
1286900,train
1278913,train
254838,train
1213069,train
1347013,train
1851405,train
333035,validation
1051194,train
1307704,train
931437,validation
1140534,validation
933509,train
1133792,train
2249124,train
93046,validation
1804382,validation
344410,train
1936372,validation
280387,train
1762173,train
1852154,train
348690,train
826652,train
1618551,train
1223772,validation
2223011,validation
1943517,validation
278385,train
1868907,train
356204,train
411278,validation
216501,train
1623246,validation
287852,train
1740152,train
959036,validation
1077563,train
515202,test
269832,train
1689735,train
1081596,train
392902,train
725356,train
292040,train
1817744,train
1122897,test
1308167,train
1861279,validation
961145,test
1300987,validation
167599,validation
1660983,validation
2012007,test
20587,test
1244061,train
1309872,validation
218637,train
359834,test
1938794,validation
677697,validation
1070722,train
1934312,train
400498,train
150992,train
1259879,train
1109389,validation
784261,test
12926,validation
1190155,train
1849170,validation
1770216,test
2164627,train
295219,validation
1050807,test
1065520,train
2230217,train
1226410,validation
72671,train
983680,validation
74214,train
587921,train
1620442,test
732176,validation
882574,train
363454,validation
1165644,train
46063,validation
211981,train
2144631,train
391412,train
1863972,train
2251481,train
2230803,test
1646873,train
1064846,train
1916516,train
1783184,train
370580,train
1186272,train
378588,train
580647,validation
1794555,train
1886190,test
302901,train
1815898,train
1144370,train
279118,validation
76272,train
4343,test
50244,test
1243070,validation
1228095,train
2038086,test
705820,train
1251342,train
1281011,train
1065036,train
32806,train
328105,train
1277231,train
1830826,validation
1920123,train
1642591,train
1033729,train
1965717,test
610687,validation
1797575,test
1904001,validation
32130,test
55871,train
264769,validation
2163956,train
1862751,test
359013,validation
327379,train
89861,train
669474,train
120023,train
913374,train
1927965,train
173585,train
251979,train
1837170,train
743538,validation
692694,train
2226131,train
1271080,validation
1053461,train
654069,train
1347682,train
1639366,test
593658,validation
1750764,train
1565038,train
1332142,test
1574454,train
495551,train
1576907,train
2042460,validation
2077965,train
94890,train
197106,validation
1085113,train
332157,train
550177,test
1226777,validation
666601,train
1093775,train
2223618,validation
95121,train
14391,test
1501795,train
2066314,train
408470,test
698244,train
1828184,validation
1192844,test
292623,train
1783323,validation
1195316,train
1160291,train
37322,train
19480,train
1969885,test
734151,test
300846,test
1805341,train
1930207,validation
1233262,validation
1372230,validation
954299,train
2099623,train
479259,train
2238555,validation
705620,train
1279208,validation
677464,train
186466,validation
271654,train
203604,train
1954227,train
1869216,train
1322997,test
1933813,validation
1081582,validation
1814900,test
356817,validation
1150982,train
852762,train
1139562,train
231288,test
623183,validation
1777167,train
3180,train
702976,train
586984,test
331928,test
1880194,train
78097,validation
901785,train
280352,train
570252,test
2257936,train
48430,train
1871103,train
1903337,train
1085356,train
1830382,validation
1696348,train
252904,train
119188,test
1200380,train
914106,train
129443,train
192521,validation
24385,train
1810871,test
1733797,test
133855,validation
665688,validation
217123,validation
18248,train
1640290,validation
420088,train
1161360,validation
234613,train
2196586,train
1044029,validation
1090750,train
17683,train
1895572,train
998249,train
2200484,validation
1818344,train
1781076,train
704201,train
740772,train
985327,train
635726,test
1650457,validation
1006129,validation
1768656,train
1777258,train
1280826,train
1277753,train
1761112,train
1220673,train
1296994,train
581738,train
1000108,train
2187078,train
1629449,train
883911,train
74661,validation
145295,train
1327491,test
418997,train
3822,train
990586,validation
1730275,train
1893185,train
350387,test
1841287,train
65341,train
1791871,validation
1280326,train
1920196,validation
1940578,validation
1721797,validation
2046603,train
421941,train
115374,train
1793577,validation
1107285,validation
1856121,train
223393,validation
2051795,train
491398,test
1914834,train
183862,train
740243,train
121373,validation
1139148,validation
248983,validation
703326,test
362221,train
509835,train
1322730,validation
140355,train
703101,train
1255081,train
322870,train
1237170,train
2077537,train
1661774,validation
560322,train
1788481,train
340057,test
1909875,validation
279724,train
1238833,train
1054480,train
1771182,validation
1236333,train
1678410,test
2252364,validation
1997298,train
2249956,train
1301293,test
1982027,validation
269035,train
200717,test
306692,train
104485,train
1330658,train
263839,validation
232377,test
1818910,train
257834,train
1292727,train
163982,validation
720294,train
2124550,train
2255902,train
1019491,train
2232390,validation
413221,train
399774,test
1036606,test
374996,train
248198,test
1231286,train
1137546,test
1028787,test
2123111,test
38018,test
1957743,train
872239,validation
672934,validation
1006849,test
937336,test
1092051,train
1854684,train
1171882,train
410223,test
548948,train
1787623,train
1070041,train
2126008,train
1164779,train
515193,validation
1646907,test
1077549,test
981848,validation
1765580,train
566489,validation
1619718,validation
694630,train
1813283,train
248448,validation
159357,validation
188951,train
1029016,train
1070962,train
1148995,test
986748,train
390702,train
1863537,validation
621106,train
19613,validation
383458,test
2147730,train
400484,train
1237703,validation
264234,test
1897017,train
1644164,train
1820572,validation
1751633,train
71261,train
566897,test
287327,train
705633,train
1764246,test
1684879,validation
1222265,train
1283308,train
1191850,validation
683772,train
1705754,train
2230945,train
350197,validation
180783,test
1321078,train
369351,train
331281,train
1135875,train
1123845,train
1323353,train
678133,train
316658,train
1073529,test
1336741,train
1723964,test
377600,train
1517785,train
950181,test
112467,validation
1987742,validation
1757555,train
414347,train
1008724,train
1757533,train
1585264,train
1973204,test
647484,train
1069358,train
104372,train
1940633,train
635948,train
728628,validation
1121518,train
1253289,train
1001443,train
276134,train
324804,train
936639,train
1990038,train
1113876,test
1785447,train
1922924,train
1939566,test
1274265,test
973958,train
141340,train
1818243,train
1247953,test
1912915,train
1349042,train
269260,train
708413,train
974127,train
737039,validation
59830,validation
976668,train
395518,test
1910077,train
671508,train
1820448,train
346078,train
1857859,train
1333886,train
1136372,validation
1262573,train
319023,test
1683300,train
1026251,train
308076,train
1265157,train
1341515,test
597758,train
1320587,train
1209487,train
291135,train
234362,train
1199959,train
1206719,train
321100,train
1838860,train
1717028,train
2070962,train
2027557,train
1844046,train
1554289,test
142904,validation
92283,train
1241940,train
209778,train
1676633,validation
91751,train
1861781,test
250893,test
376274,train
169997,test
1078769,train
173521,test
566240,validation
1079516,train
1302018,validation
1159458,train
1029455,train
279685,train
378912,train
41912,validation
1696776,train
1621316,train
2033906,test
577820,train
1806339,test
60746,train
329559,train
1635366,train
1323026,validation
1278724,validation
1148272,test
1258838,train
1666892,train
211367,test
398801,train
1785266,train
977926,train
141471,test
636707,validation
1744510,train
319514,train
1056397,train
748910,train
1339015,train
94962,validation
381243,validation
955837,train
1796590,train
222741,train
1577964,train
246627,train
379074,validation
62232,test
126254,test
1032878,train
801786,test
142445,train
134114,test
263877,train
1100265,train
1032651,train
1093944,train
1853535,train
1831800,train
1928565,train
1938371,train
959001,test
408004,train
1135700,train
459914,train
1977927,train
2168312,train
1963571,train
2207366,train
175845,validation
58331,train
1512779,train
1512677,train
1212523,train
1642553,validation
167695,test
1627234,train
2193658,validation
1767175,test
2229107,train
822322,train
773611,train
838153,validation
1863895,validation
1232289,train
1974731,train
1265044,train
1085585,train
1768069,validation
1208987,train
1932809,train
1047148,train
1058009,train
1884315,train
217250,train
399999,train
2225329,test
643064,train
21166,train
2237859,train
1407618,validation
2008562,validation
1855260,validation
1074544,train
1845429,train
1958077,train
1674949,validation
995279,test
660520,train
1813359,validation
2156009,train
1935980,test
153182,validation
1819255,train
1150466,train
139849,train
1047313,train
519794,test
1863943,train
1578332,train
1724688,validation
903019,test
332897,test
1748937,validation
2157300,train
905342,train
1701612,train
1281827,train
1829042,train
1762110,train
489266,train
487518,train
1857706,validation
357753,train
1632825,train
1932236,train
1011202,test
1264640,train
1767713,test
2018148,test
883698,train
1647328,train
375783,train
1822620,test
1580473,train
1005017,train
594489,train
1140552,validation
1987359,train
1714535,validation
44462,train
1121292,train
1338426,train
119535,test
908826,test
47643,validation
1887478,validation
1760614,train
2146887,test
1161743,train
1815457,test
1949748,train
1838049,train
1635627,train
992659,validation
1153687,test
1239431,test
1053258,train
135893,train
193994,test
901412,train
361989,train
1827496,validation
133529,train
1893720,test
1687196,train
911671,train
1523520,test
18121,train
1085566,validation
386158,train
1142772,test
716933,train
2186567,train
368507,train
1315256,train
1815827,train
1277872,train
1176895,train
2174786,train
665344,validation
1640963,test
1716658,train
700394,test
1540679,validation
126790,train
709626,validation
96334,test
2065514,train
904888,train
140610,test
1522484,train
1503260,validation
377799,validation
1122292,train
738932,validation
2238767,train
1132696,test
728856,test
1258450,validation
1808008,train
1093740,train
515312,train
33227,validation
637021,test
567568,validation
1896702,train
1718297,validation
1695274,train
1278130,train
569175,test
707844,train
1902067,train
1162318,validation
1931341,train
81116,test
154038,train
2240735,train
105171,train
120056,train
1056439,train
1041352,train
1042757,validation
1096693,train
1241163,validation
1277676,validation
1329557,test
207796,train
1731914,train
1705606,train
946484,train
327209,validation
1249044,train
2178318,test
362128,train
1314025,train
1083514,validation
2194209,train
1182594,test
1310652,validation
1226837,validation
683888,validation
494118,train
707107,train
656257,train
704466,train
831266,train
1893144,train
1809247,train
552219,train
935639,test
1553577,train
1028935,test
1258558,train
384618,validation
446481,validation
1163968,train
1786568,train
221091,validation
1622034,test
1313779,train
309871,train
110891,test
736466,test
273874,test
382796,validation
412330,train
1616747,test
259668,train
1327581,train
980201,train
152988,validation
68883,train
292710,train
253559,validation
2167815,validation
598221,test
1266465,train
1799703,train
1731517,train
1315139,train
2019620,train
31407,test
1097054,train
733603,validation
1295561,test
1084850,validation
210624,test
1623713,test
641959,train
218635,test
58256,train
1199334,train
68528,train
197522,train
2031698,train
1088908,validation
1320834,train
233266,train
1963599,train
1170316,test
1765149,test
1861366,train
1942354,test
1121449,test
657800,train
1496208,train
1645305,test
2250375,train
148933,validation
357745,train
566834,test
1797972,test
1918972,train
616647,train
1123979,train
1923332,test
1050862,train
170736,test
1047901,train
1844150,train
1636511,train
342187,train
1910116,train
1330601,train
104448,train
72382,train
1988012,validation
1347666,train
134190,validation
35927,test
1493872,test
713370,train
116322,train
1266253,validation
2095844,train
725538,test
1212984,train
1129627,test
1347927,train
702083,test
1778316,train
29745,train
1694429,train
995312,validation
2194260,train
2214564,validation
1941627,train
455490,validation
925660,validation
262066,train
1171905,train
1930812,train
1167802,test
1773560,train
1093176,train
1328604,train
1015278,test
2215834,test
686249,train
1079589,train
2186639,train
1033666,train
1290338,validation
105137,train
1867648,test
1625297,train
663444,train
27812,train
1946519,train
1238862,validation
260326,validation
1789045,train
2237968,validation
1191642,train
417292,test
712222,train
1768734,train
2011622,train
38523,validation
563598,train
287226,train
1034202,train
696898,test
1648428,validation
1774733,validation
274729,test
748374,train
116526,test
2035984,train
2044742,validation
1103900,validation
370915,train
48852,train
1973543,validation
1857521,train
999367,train
1856082,test
1204973,test
1119311,test
1748793,test
2249887,train
174087,train
162828,test
1235628,train
1014834,train
203982,train
1650710,train
167175,test
1248314,train
92776,train
734570,train
1997028,train
125817,validation
247397,validation
1714194,validation
1262211,train
1000861,train
2082299,train
526073,train
1691769,train
573208,train
192165,test
370633,train
1339800,train
680412,train
1999493,test
2234782,validation
277258,test
1714805,train
1819348,test
112563,test
988658,train
329338,test
462505,test
371783,train
1233967,validation
849364,train
1933481,train
166905,validation
1752709,train
1823755,train
2146318,validation
206509,train
1233363,train
528505,train
1300201,train
660650,train
486363,train
367703,test
2193610,train
1843387,train
294787,train
1756108,train
1344318,test
363883,validation
1013927,train
1977551,validation
993194,test
2220762,validation
308501,validation
996601,train
304675,train
1791967,test
564896,train
1641258,validation
1337550,train
2168590,test
1613235,validation
1108902,train
129791,train
2197505,train
710238,test
1041743,validation
129395,validation
1993650,test
264312,train
1202560,train
970046,test
1645138,train
1197016,validation
1059824,train
1189064,train
1091394,train
1448230,test
200831,validation
1154049,validation
31856,train
1987534,test
69427,validation
1240678,train
132491,test
1872861,train
1882422,test
442066,test
708408,train
1642107,test
297697,train
198092,validation
1686361,train
477979,validation
134623,train
249263,train
2239243,test
1350858,test
2084141,train
1029521,validation
126414,test
1164342,test
1159359,train
516029,train
287220,validation
117818,train
1161814,validation
1737502,test
202196,train
915128,validation
231106,validation
354255,train
128650,train
1309594,train
409394,validation
1872847,test
1810557,test
1914175,train
1847433,train
1220424,train
1171583,validation
1865255,train
606327,train
1617763,test
1530177,train
743151,train
1631526,train
415980,train
392948,test
703018,test
1928235,train
413473,test
1927180,train
1291559,validation
1287122,train
651943,train
1242795,train
1874055,validation
244932,validation
345278,train
2155630,train
1881205,train
131194,test
1910953,train
744940,test
2221257,test
1261645,train
1937090,train
1027134,test
298789,validation
1402967,train
1283242,test
1641093,train
1805805,train
994879,test
432249,validation
1624363,train
673116,train
1223612,train
292786,train
387236,train
311320,train
10374,train
957118,test
412903,train
158723,train
1171894,validation
1153670,test
1634060,train
25962,train
1507520,train
2027117,validation
276656,train
1047114,validation
1200470,test
1091373,test
1948959,train
1818097,train
81854,train
228999,train
1622085,train
992202,train
277316,train
185354,train
1004123,test
289955,train
1069284,train
1089548,train
391114,train
2223316,train
79830,train
1164960,validation
343859,train
1636801,train
172023,train
1626495,test
280604,train
371677,train
723382,validation
1898916,train
1305839,train
2165486,test
1067526,train
1848693,validation
944936,train
725996,validation
1580330,train
75248,train
1026232,test
361056,train
1884604,train
1019248,validation
215242,train
1796360,train
36516,train
39697,train
382686,validation
56271,test
1905981,test
1315144,test
2237866,train
1899636,validation
468,validation
456223,validation
1710370,train
882609,validation
1900900,train
77209,validation
1651515,test
919024,test
207828,train
849169,test
1678212,train
730773,test
1268459,train
1144756,train
1320098,train
366965,validation
1770133,validation
1995017,test
1894832,test
407075,train
701080,train
1615129,train
1875380,train
375414,test
284600,test
1075835,train
184902,train
366747,train
570137,test
727343,validation
2104311,test
1225783,test
2207095,train
1808218,validation
211467,validation
1313227,train
468015,test
1620980,validation
21774,train
2012015,validation
727054,train
1665162,train
1128771,train
534664,train
2147680,train
159844,test
231632,train
656691,validation
112957,test
1243867,train
1103071,train
1203766,train
35060,train
1809682,train
1955477,test
1872545,train
710411,train
1339984,train
1756482,train
323190,train
48042,train
1838314,train
2147252,validation
1288717,train
2189148,train
74085,validation
1088823,validation
1893462,validation
665902,train
2031419,train
1726804,train
84646,validation
2093513,train
1860124,train
1685704,train
726062,train
1926291,train
1744670,train
1714063,validation
1127443,validation
1184051,train
1833750,train
1318628,validation
1283197,validation
1870775,validation
117180,train
2223398,train
1870295,train
612435,train
104484,train
370425,train
623211,validation
737067,train
1488690,test
1811760,validation
128586,train
736420,train
1787096,train
1575925,test
172640,validation
1078726,validation
2207100,train
1763614,train
4579,train
1315884,validation
665452,train
1631332,train
1085576,train
150081,train
202884,train
2226815,test
1809261,validation
319925,train
353643,train
686221,test
242294,train
1090105,validation
42711,train
1798756,train
419675,train
231891,train
2102258,train
205814,train
1196898,validation
271009,test
452333,train
1986081,train
167795,validation
83454,train
54285,train
292783,train
1144726,validation
1117642,train
2180769,train
1184520,train
380106,train
1313849,train
111430,train
1090064,train
1891941,validation
332076,train
998619,train
105407,train
1127815,train
384212,train
236463,validation
1349103,train
1300648,train
983279,test
1689171,train
913257,train
957115,test
971313,train
1929829,train
1273721,train
1854634,train
734216,train
334933,train
1216195,test
1212237,train
13995,train
1627177,validation
1736923,train
1149279,test
1092676,test
1070486,train
358717,train
554054,train
1206832,train
160211,train
1074223,train
383907,train
1052011,train
1201952,train
1209287,validation
1847278,validation
324012,train
129274,train
211870,train
394326,test
346082,train
1947831,train
562059,train
97648,validation
1217931,train
1844068,train
2018047,train
197881,validation
1002225,train
888078,train
1637761,train
124231,train
1764569,train
1315231,validation
383885,validation
1642444,validation
1623087,test
148638,train
1936568,train
2211047,validation
1906422,train
1002702,train
207408,test
244082,validation
1333253,train
1764170,train
1011032,train
1784013,train
1131819,train
543131,test
1735584,train
967801,train
1345246,validation
105912,train
1290474,train
1174303,train
543671,train
1617225,validation
1050773,train
731232,validation
1867909,train
1179841,train
274383,test
1834645,train
25799,train
263020,train
1722743,train
1834607,validation
36691,train
1516770,test
1767041,train
1108732,validation
458132,validation
276423,train
21972,train
103439,train
1262658,train
23581,train
1107725,test
1594920,validation
725323,train
27936,test
1863021,test
1303538,validation
2100078,validation
2205953,validation
1481098,validation
1343274,train
1074304,train
177946,train
300817,train
191490,train
1116532,train
1870341,train
326272,train
1692607,test
2001653,train
671136,validation
2131142,validation
1583684,train
1223096,train
590458,train
257647,train
1283243,test
973856,train
181600,train
1104382,validation
240507,test
1341139,validation
35219,test
1260771,validation
1763568,train
712304,test
140986,train
286844,validation
1026493,validation
910022,train
702076,test
1582682,train
1104234,validation
312888,train
10332,train
104006,train
1899579,test
1209796,train
191227,train
288938,train
231729,train
662263,train
32510,train
2022643,test
2239054,train
598438,test
1175224,train
1301338,validation
573418,test
1143200,train
816920,validation
2249508,test
329775,validation
2025472,train
161876,train
1194631,train
954024,train
1675581,train
540008,test
380701,train
2240264,train
1868729,test
140280,train
1001059,train
1009022,train
1159073,test
72531,train
1111189,test
733539,validation
141236,test
1190768,train
1632126,train
1746228,validation
1978045,train
1084888,train
1044816,train
688139,train
521846,train
2219433,train
500034,test
2004488,train
1538232,test
325654,train
1313627,train
1938412,test
1659543,validation
1818980,train
1321512,validation
1905213,train
1823084,test
683412,train
1295394,test
1700150,train
1738591,train
360800,validation
905675,test
1141563,train
522539,train
85216,train
1182494,train
1811720,test
1284990,train
1971517,test
1890425,train
1813793,train
1486042,train
1333464,test
162325,train
413076,validation
569853,test
2135170,train
395943,train
305280,train
497160,train
1812025,train
181484,train
2019138,train
1841910,train
138612,train
1721914,train
18180,validation
1784333,test
1866298,train
1255831,test
51528,train
1855452,validation
65254,train
2145917,train
1915575,train
1274444,train
21715,train
2173179,train
1053257,train
722450,validation
192628,train
705815,test
1334680,train
671511,validation
574075,train
914782,train
972031,test
1932006,train
1577478,train
1170232,train
1180271,train
74326,test
2231071,train
1877690,train
1912639,train
68988,train
1908587,train
932797,validation
710968,train
2144816,train
1256396,train
1904832,train
204851,train
1669881,train
331631,test
1894735,test
1843606,train
508367,train
905914,test
1532377,validation
2226722,train
755709,test
1877913,train
2125829,train
2009927,train
403691,train
336825,validation
1053094,train
269897,train
1339318,validation
1203603,test
705800,train
294925,train
2208131,train
1691079,train
1339229,train
1168126,test
1149603,train
153369,validation
2155369,train
1983871,train
2209109,test
272622,validation
57500,train
332360,train
1171347,train
657625,train
1785363,test
1842968,train
244622,train
2176217,train
635637,train
1856733,validation
1802788,validation
991353,train
1735332,validation
732715,validation
1282747,train
1274818,train
150420,train
1918556,train
1053343,train
1826100,test
275173,validation
263636,train
654712,validation
475580,train
1930347,train
2120379,train
2172854,train
1497762,validation
2131040,train
1150693,train
153893,validation
1936641,train
631147,test
187816,train
1225687,train
634244,train
1237236,test
663248,train
1752531,train
1843726,validation
1727279,train
1210876,train
1846032,train
1207058,validation
2225033,test
1618931,validation
43722,test
2170659,train
727043,train
2119333,validation
382240,train
781840,train
1999944,train
1179896,train
1308254,train
1635187,test
1831006,validation
1806553,train
1635537,validation
2252854,train
252820,train
1018950,train
1635739,test
732561,train
261818,train
1566676,train
1179796,train
1178190,train
1036114,train
1665373,validation
392468,validation
704679,train
227273,validation
533470,validation
779634,train
171837,test
1181579,test
2224906,test
1237658,train
1347567,train
1308750,test
1051400,train
1111568,validation
1644316,train
1816710,train
664654,train
944814,train
1236606,train
1118341,test
1891901,train
1280017,validation
313817,train
1800956,train
1798494,train
931268,test
1190790,train
1983579,train
1826529,train
294328,train
1813553,validation
1132912,train
1334202,train
374084,train
1331812,test
346240,train
1616692,train
1094502,train
338937,train
2188088,train
972781,train
1316395,validation
389917,test
2241510,train
1634845,train
2037607,train
543692,validation
244339,validation
113130,train
25835,validation
44021,train
2141697,validation
1348998,train
167473,train
1030136,train
311840,validation
1246074,train
1055923,train
2234237,train
620480,validation
393272,test
66014,validation
1631559,train
1076210,train
973852,train
1147541,validation
298164,train
675196,train
1565481,train
1900559,test
197985,validation
1819666,test
1166182,validation
1963763,train
1989928,test
1187777,train
1887746,train
666544,test
1989043,train
167849,validation
308731,train
917285,validation
1038405,validation
1032576,train
208285,test
725130,train
1787470,train
990682,train
729841,test
56470,validation
1165549,train
1603545,train
8843,train
1646381,train
303561,train
1829516,validation
1753454,train
1520831,validation
724506,validation
409146,train
1145869,test
190226,test
1767762,train
427586,train
131685,validation
1926538,train
1327131,train
226409,train
728827,validation
315059,train
1002914,train
1142612,validation
2111765,validation
940635,test
719793,test
1632900,train
1107735,train
302898,train
243705,test
1252809,train
2241021,validation
1810255,train
201428,train
1167713,train
46525,train
962783,validation
72895,train
1970678,validation
2160527,validation
310109,train
132302,test
1818141,train
1845831,test
1828814,test
1794274,train
1648502,validation
1097071,train
425477,train
1010288,train
1042897,test
1613738,validation
1630964,validation
600637,test
1206374,validation
1873930,train
1296090,train
1043185,validation
1635527,validation
1114759,train
1735612,train
1921613,train
655083,train
1191145,validation
1057108,test
997551,validation
327140,train
409106,validation
1078820,train
696781,train
695186,train
409654,validation
1768788,train
1217640,train
2033827,train
1218150,train
1787653,test
1168356,test
2006727,validation
858305,train
1091904,validation
1062977,test
2237842,train
1209619,train
2019691,train
1765235,validation
1893318,validation
131244,train
366159,test
1859147,train
1838230,train
653863,train
286297,train
1330445,test
353721,train
1038984,validation
1634770,validation
223212,train
1166479,test
1181437,validation
1764011,validation
1913485,train
1766032,train
1328041,test
2251428,train
2090594,test
1007326,test
1851385,train
1377525,validation
317021,validation
97515,train
38007,train
1796007,test
719213,train
881402,test
608661,test
1623002,train
1137078,test
1909723,train
306670,validation
1975330,validation
662507,train
1997980,test
1261184,train
91900,train
155300,train
1296065,train
329224,test
1010416,train
1338347,train
1633245,test
1081145,train
1140347,train
30847,test
332409,train
1327792,validation
1500304,train
629738,validation
734653,train
1696390,train
261185,train
181006,train
689209,validation
1264516,train
1093052,train
62756,train
333223,train
1823798,train
727923,train
242627,train
204797,train
1187565,train
337638,train
1033352,train
104866,validation
1115363,train
999684,train
1212800,validation
408286,test
2022628,train
316078,train
175821,validation
1882591,validation
377071,train
1951614,train
99054,validation
215385,train
540714,train
221266,train
720228,test
1628761,validation
187633,test
1276968,train
1996300,test
519707,test
1015920,train
1167353,train
112761,test
1634966,validation
2099866,train
1666885,test
1030702,train
1288474,train
1144608,test
2010436,train
583028,train
405764,validation
1230135,train
312029,train
1837529,train
1799146,train
479602,train
645684,test
1808777,train
337272,train
974755,validation
217059,train
1210798,train
193528,train
399647,train
2212032,test
1770795,train
369939,test
564441,train
64576,train
389793,train
136295,train
1276762,train
1023188,validation
2193704,train
1268796,train
731600,train
146878,validation
105190,train
2163863,test
1900473,train
548525,train
1015899,train
918888,train
1022508,test
1073621,train
383830,validation
1155076,train
204378,train
1090313,train
307108,train
1204517,train
1677060,train
139255,validation
341762,test
1809153,train
76513,train
1615257,validation
1648476,validation
1308202,validation
1150974,train
549133,train
2118377,train
1000166,validation
559700,validation
2175754,train
255050,train
2021058,train
158057,train
400320,validation
250061,train
1844048,test
1016350,validation
1967727,train
1065441,train
280954,train
319472,train
1261814,validation
319779,train
216817,validation
1330978,train
1105992,train
1970019,train
301551,train
998055,validation
746549,train
1685289,train
1077189,train
258142,train
1331701,validation
1304426,test
1128142,train
751840,train
977670,test
953596,train
1241967,train
1690491,train
1165032,train
1222005,train
1742187,train
51570,train
511547,train
1140703,train
1758353,validation
609089,train
1930649,validation
2227515,validation
1087312,train
188428,train
667871,validation
1596276,train
1841419,train
422795,validation
81284,train
1805797,validation
1786066,train
1044682,validation
1956060,train
649115,train
1202029,train
410268,validation
734165,test
748,train
1978058,test
99386,train
1647388,train
686438,train
313173,train
224841,validation
709022,train
741884,train
545890,train
1537178,train
1099364,train
1784093,train
640366,train
1063348,validation
1934687,train
945393,validation
1292809,test
1624735,validation
1912664,train
2191168,test
909319,train
1974505,test
2156284,test
1095904,test
1969333,test
1708781,train
735565,train
1321391,test
2095986,train
161229,train
1318551,validation
1976044,train
1033596,test
1314612,train
1879364,validation
1177519,validation
1245415,train
1173830,test
1142409,validation
248024,train
902046,train
79014,train
581685,train
5101,train
1326939,validation
1126770,test
1262289,test
558423,validation
917241,train
1047247,train
1762160,test
1921993,train
419845,test
1708931,train
1011173,validation
1301846,validation
1214077,train
298485,train
1545347,validation
410569,test
922826,train
1726478,train
1729774,train
1880633,train
2240043,train
2201188,train
35716,validation
246684,validation
718700,test
1722438,train
75262,train
83579,train
1088055,train
275476,train
1124190,test
290694,validation
1692329,train
432027,validation
1315185,train
1339855,train
1203752,train
290949,train
2185498,train
1622418,test
1928003,validation
385690,test
1936527,train
1812342,train
1173980,train
1914802,train
1150939,test
150728,train
245818,validation
733383,train
390318,train
1512563,train
180995,test
2221634,test
1141072,validation
1281408,test
1827924,train
1335748,train
554307,train
1005125,train
2096695,validation
672026,test
1830279,test
1095676,test
211589,train
394959,test
2235445,train
1862735,train
585702,train
1003923,test
2213255,train
381748,test
85577,test
2248869,test
175518,test
233689,train
227560,train
2188707,train
135784,train
1629929,train
150857,train
1767268,train
403752,train
1166059,train
2246593,test
1990592,train
2014069,train
1281474,validation
1947681,train
290116,test
116020,validation
1102923,train
496823,validation
10110,train
342640,train
343970,validation
68521,train
907077,test
1731960,validation
1905452,train
1179042,test
694711,train
1638574,train
1228459,test
2180811,validation
2234393,train
1164661,test
1896802,test
1259423,train
151851,test
1327139,validation
1865597,train
1485271,train
705657,train
1177921,test
556405,test
1186163,test
2208640,train
1750114,train
1988056,train
327796,train
415491,train
2197327,validation
583548,train
132447,train
539609,test
1070251,train
1054759,train
247643,train
147811,train
1595412,train
2017485,validation
1299187,validation
945901,validation
1161588,validation
1333045,train
1606945,train
1282084,train
382051,test
1836963,test
1045208,train
2119192,train
1987681,train
2013954,train
2018423,train
412066,train
1687584,train
225415,train
955840,test
76854,train
659460,train
1198528,test
1658963,train
319165,train
636736,train
1872965,train
1873942,train
1205929,train
145338,validation
1089442,validation
2036662,train
1769359,train
1571607,test
1010032,validation
1902224,test
1185342,train
180239,train
1614805,validation
2203230,train
1801310,test
651390,test
668067,train
1512313,train
915454,validation
382113,test
80011,test
87966,train
1037749,validation
148723,train
1011656,validation
648528,test
987195,validation
537475,validation
553484,test
1814003,validation
953502,train
423286,train
267670,test
2016710,train
207602,validation
905764,validation
26932,test
1725887,train
94442,test
1005025,test
1823592,validation
1923459,train
1693204,validation
2043887,train
1339852,validation
1302212,train
110409,train
246420,train
283124,train
675553,test
271443,train
741054,validation
1149796,train
219933,train
153947,train
158000,validation
1958295,train
2085219,train
42845,test
472074,train
420241,test
1101920,train
1178263,test
204555,train
1240149,validation
909642,test
773686,test
1021414,train
1664453,train
1925141,train
358230,test
1088665,test
702571,train
179425,train
1168779,train
1853839,train
1991134,train
239558,validation
2144835,test
1298813,validation
205311,test
2234364,validation
1225105,train
641790,test
2168292,train
1866078,train
515781,train
694564,train
672696,train
1785768,train
2164945,test
1200169,validation
1574206,train
1261463,train
1697210,test
1021199,train
1177583,train
1351860,validation
976369,train
4973,test
664257,train
1606859,train
485768,train
985560,train
1895579,validation
403466,train
1774870,train
344801,train
910,train
404548,train
1866829,train
1984689,train
1323235,train
1117590,validation
1169501,train
1911297,test
162472,train
1794773,train
731727,train
49545,train
280822,train
2051799,test
328532,test
262313,train
610310,validation
349708,validation
2000346,train
1938122,train
192391,validation
1254297,validation
352706,validation
408200,train
687807,train
1154810,validation
353695,validation
1272968,train
390711,test
1582703,train
108085,train
1681711,train
414047,train
1075112,train
743402,train
1151663,test
1905283,validation
1181146,test
1551965,train
1274827,train
1217502,test
1229681,validation
309779,train
358179,test
26198,train
1016832,train
1754305,train
987458,train
996288,train
340466,train
1219338,train
2253795,train
1190058,train
1748377,train
192132,train
887812,train
922614,train
697694,train
304000,train
66264,test
242875,validation
223881,test
632537,train
2097691,train
1265321,train
1814502,train
133517,test
1815113,validation
2022351,train
1864577,validation
1092615,test
411009,test
2256983,train
1999599,train
2178557,validation
208567,train
568574,train
942713,test
1808420,train
1838227,train
611122,train
266861,test
1620248,validation
2173962,test
1254945,train
1881617,train
275516,train
1615658,test
1788360,validation
1690922,train
1114225,train
1228543,validation
48774,train
888502,train
36189,train
91468,train
1717335,test
80341,test
576897,train
250763,test
2032254,validation
1347196,validation
63488,test
1758769,train
595612,train
51863,test
1628116,validation
1617090,validation
20804,validation
741068,validation
1080932,train
1869882,test
1225233,train
1265155,test
1112325,test
1978712,validation
683960,train
1311226,train
1109742,test
352658,train
657364,train
1987380,train
616922,validation
356246,train
1338060,train
1614308,train
789823,train
1138871,train
1133002,train
184830,validation
320457,train
1903575,validation
1996766,train
1500762,train
2068555,train
1029027,train
1881062,train
287472,train
1202423,validation
417607,validation
1100542,validation
535570,validation
1917462,train
693291,train
444992,train
72414,train
1180642,train
1866779,validation
2223324,train
172659,test
1915180,train
1035858,test
194399,train
592021,train
193756,train
1565385,test
1806438,train
1900036,train
731771,train
1105504,train
1331350,train
224937,train
1200614,train
974578,validation
1149964,train
195770,validation
35439,test
219126,train
1186476,train
1764860,validation
292871,train
107251,test
88509,validation
290635,validation
1895406,test
181907,validation
507066,validation
1267614,train
923272,validation
1931333,train
1886414,train
2144247,train
1121890,test
111746,train
1153990,train
1623346,train
91550,test
1287742,train
19368,validation
65591,train
1890808,validation
181619,validation
698456,train
41315,validation
722802,validation
1990214,train
2194456,train
1559281,train
2106169,train
1321911,train
1956050,test
1013504,validation
2118053,validation
1176771,validation
206693,train
179136,test
1230907,train
2229786,validation
746745,validation
240328,train
1120195,train
266140,train
1632224,validation
1864968,validation
730283,train
323781,train
1068088,train
1949592,train
1920826,train
160483,train
701980,train
683928,test
1962803,train
1823699,train
45258,test
1025348,train
160710,validation
2204248,train
23836,test
1886613,train
31401,train
1859867,train
2035908,test
2188702,train
766126,train
1859911,validation
1540728,train
2168799,train
1721827,train
1124289,train
1145333,validation
1421002,train
2021759,train
594798,train
1671952,test
688384,train
281355,test
216663,validation
275183,train
1152174,train
1842376,test
1085367,test
61563,validation
734813,train
1919867,train
1706629,train
668817,train
1858355,train
615814,train
1996240,validation
1132402,train
1999938,train
208239,test
1655379,train
263866,train
1338719,test
129029,test
1109787,validation
734392,train
1409431,train
1084088,train
1972504,test
1310476,validation
254958,test
1276673,train
1110,train
1952374,train
1195385,train
358180,train
1114933,validation
2016749,test
95986,validation
34771,validation
1261708,test
976121,test
1104558,test
213229,test
1039023,validation
1795554,validation
384446,train
1817639,train
1332214,train
285187,validation
48881,train
382876,train
1044734,test
1668424,train
1743078,train
1037247,test
748251,train
1798232,validation
1231806,train
1009532,validation
738276,train
2057759,train
2233646,validation
1296728,test
417781,train
135403,train
1952671,train
1097106,test
1344941,test
1907486,train
569620,validation
705221,train
1867023,train
1919912,train
111578,train
707719,train
1273370,train
1638748,train
384818,test
248312,validation
1215803,train
1712513,train
1039444,validation
352872,train
1954484,test
1673220,test
1064588,validation
1150103,train
57720,train
1629111,train
1913724,validation
1786557,train
1633248,validation
1154791,test
1342210,train
315030,train
1992348,validation
2048619,train
1204688,train
1998728,test
2259807,validation
1784136,train
1882799,train
2112578,test
109405,test
679253,test
106917,test
1827961,validation
2065359,train
2038075,train
1852813,test
1850174,train
415238,train
1031921,test
1793827,train
2018143,test
1047407,train
94226,train
1959914,train
1744022,test
2125853,train
733354,train
1793693,train
1203346,train
309345,test
273678,validation
2196992,test
1181564,train
1067725,test
61258,train
2159493,train
402593,test
2215767,test
2194137,validation
1866041,validation
106526,train
1013868,validation
912880,train
1651194,train
301616,train
1894205,test
689529,train
2168263,train
1176463,train
1226711,train
560630,train
420216,test
1908756,train
910071,train
1822506,validation
1177482,train
554903,test
1875898,validation
1101118,test
980340,test
1209387,train
2109445,test
1841163,train
302266,train
2035704,validation
1891306,train
1043783,validation
941944,train
187031,train
96974,train
677923,test
1736664,test
1105356,train
1932580,validation
68394,train
370233,train
1327073,train
283232,validation
2251734,train
746092,test
2060722,train
1270340,validation
36774,test
68272,test
270313,train
600538,validation
374705,train
1076906,test
341064,train
289121,train
1352530,test
2228418,train
1346705,train
1910921,validation
379244,train
2174727,validation
11985,train
1073117,validation
882541,train
1126263,train
648274,train
1331125,validation
589550,train
102395,train
619288,train
1150292,train
918146,train
1994888,train
1237387,train
290223,train
1279529,test
1747851,train
408213,test
1147808,train
1136995,test
882746,test
1295895,train
178156,train
1343358,train
1138385,train
217869,train
1161259,train
1207540,train
217908,train
1731142,train
1760017,test
174618,validation
2092010,train
1952887,test
742716,train
449013,train
1055295,train
1953286,train
479258,test
1886583,validation
131648,test
407514,train
1905338,train
711412,train
4096,train
220680,test
1674338,train
277863,train
1771944,train
898372,train
91551,validation
119675,test
528194,train
1822593,train
6023,validation
382670,train
1065445,train
896041,train
356200,validation
12127,train
1325715,test
226748,validation
2106928,train
417182,train
686704,train
1068875,test
947876,train
2102435,validation
1910150,train
1984666,train
114674,train
368349,validation
1343413,train
1936644,validation
1313778,test
1278013,train
652952,test
1913495,validation
1905275,test
789806,train
1989012,train
965068,train
1757979,validation
1651520,train
164734,train
42076,train
1745630,test
45745,train
373972,train
101719,test
1120482,validation
1944455,train
1136226,train
1778230,train
1641128,train
1926326,train
1834392,validation
555088,validation
1193598,train
1333588,validation
267729,validation
1169703,train
1058178,train
994684,test
1578646,train
208226,test
349113,validation
1255855,train
1693258,test
1856790,validation
983996,train
733062,train
883688,train
2240561,test
92292,train
590778,validation
1737171,train
240535,train
1953493,train
2235156,validation
122840,train
41669,test
1671813,train
274742,train
2258911,test
706243,validation
316602,train
1050768,train
1052192,validation
2127283,train
250696,train
2245045,train
634217,validation
1137269,train
943308,train
1897214,train
1086659,train
1825742,train
707943,train
208137,train
1339292,train
365161,test
590216,test
1198727,train
1258227,train
1168391,train
1199629,train
1118390,train
279462,train
1909862,train
2004453,validation
256618,train
1619103,validation
2031731,train
447552,train
698596,train
805933,train
1197452,test
243266,train
85967,train
547051,validation
640252,validation
1696147,train
1885785,train
265133,train
1071398,train
1881451,train
1088198,train
25084,train
709612,validation
122713,train
1005930,validation
293350,train
297781,validation
1028419,train
1977587,train
349566,train
2227256,train
717010,train
2151813,test
2010446,train
1303733,train
1731611,validation
37455,train
63492,train
87165,train
1000924,validation
385426,test
242300,test
1282696,validation
705860,train
2210683,validation
1304176,validation
268031,validation
673714,train
1676606,train
855996,train
1255598,train
1893365,validation
1027729,train
1929165,validation
229265,validation
1972963,train
1266761,test
1051389,train
1643574,train
434478,validation
644170,train
1127250,train
149210,test
701127,validation
263463,train
2157612,validation
1071748,test
1082811,validation
1019185,train
1880326,validation
1036384,test
973221,test
1745582,train
1280220,train
183758,train
2030369,test
1021512,train
1202296,validation
249281,train
379926,validation
1038380,train
1623474,train
146268,train
1713065,train
175058,test
2241690,test
54033,train
1076699,train
418646,train
315204,test
948261,validation
1990366,validation
142067,train
230749,validation
337582,test
18709,train
371078,test
1286795,train
1272128,validation
976802,train
1789104,train
1712652,train
1999156,validation
1758425,train
1649340,train
96643,validation
1313686,train
1327487,test
142647,train
1742443,test
2223420,train
1801382,train
659620,train
121247,test
2024799,train
748044,train
2149197,test
375567,validation
1032406,validation
1344779,train
1268915,test
910503,train
1041758,test
1140866,validation
843754,train
967269,test
1781020,test
28683,train
666869,train
71247,validation
413681,train
886508,train
1903439,validation
1219165,validation
71730,train
409228,train
1813124,test
673650,train
879303,train
681229,train
1835815,validation
1679481,train
1802325,validation
2183688,validation
1872223,train
381493,train
2019759,validation
265089,test
1988196,train
1087754,train
229356,test
942429,validation
1210648,train
1304364,train
1091569,train
1201156,train
1314730,train
2242796,test
1891199,test
1004052,test
490496,train
98148,train
683808,validation
197185,validation
1786263,validation
2169773,train
721912,train
498173,train
1768066,train
288089,validation
429177,train
2074171,validation
1265394,train
711885,validation
1977731,test
2042809,train
2149919,test
2143424,train
412432,train
333663,train
730427,train
329250,train
149570,train
1769954,train
372985,test
938608,train
1081616,validation
373314,train
1689324,test
1337604,validation
1709009,test
118324,train
1221005,validation
1209363,validation
2155191,validation
1765350,validation
1925225,validation
985041,validation
619459,test
557079,train
1938484,train
46689,train
1163907,train
1635225,train
1238623,train
173149,validation
889899,train
942773,test
2219380,train
1610472,train
196414,validation
354464,train
222622,train
1482748,train
342493,train
1835154,train
80506,validation
227037,test
212113,train
1787636,train
624560,train
1712193,train
330182,validation
2024391,train
37440,train
131143,train
1044475,validation
387063,train
628653,train
1124944,train
1905697,validation
2149417,train
1776917,train
1748904,test
131705,validation
278564,test
412730,test
895215,train
2081824,test
53121,test
2251612,validation
1273955,train
1818313,test
162631,train
1857288,train
1051361,test
1080422,validation
660552,test
193562,train
1765574,train
1904456,train
126471,test
2010554,train
260908,train
415197,test
1782170,train
2053440,validation
1917750,train
337360,train
1996311,train
100480,train
402970,train
4781,train
472807,test
155655,train
257950,train
1897393,train
1712833,train
1739182,train
372156,validation
537315,test
1235381,validation
701528,test
1756996,train
1307763,validation
934267,validation
2188680,train
1809336,test
1181779,test
337901,train
1636701,train
310844,validation
992930,train
386922,train
650894,validation
162800,test
1253049,validation
1864721,validation
169386,test
1862128,train
957904,train
2012955,train
1969377,train
1898522,train
921244,test
642288,train
1979993,validation
1809412,train
10197,train
120667,train
218460,train
1020343,train
339850,train
1248851,train
1294627,validation
1735945,test
94549,train
1268990,validation
1802990,train
989012,train
261628,train
1582508,train
247574,train
653511,validation
252648,train
1349998,train
2001365,test
694098,test
1824293,train
740402,train
1218566,test
1278346,validation
1565677,train
69130,test
668567,train
1635144,validation
2236850,test
126482,train
347576,train
1838095,train
1352441,validation
1772293,validation
1732247,train
124293,train
583276,train
1257796,validation
83536,train
2132385,test
170536,validation
546579,test
1350549,train
1963848,train
1320337,test
459891,train
1632822,test
2015648,train
2169074,validation
1167820,train
1957893,train
2169222,train
967396,train
1272714,train
1021669,test
252177,test
946801,train
1925232,test
551664,validation
1183859,test
683476,train
1530819,validation
1641895,train
1210326,train
1889904,train
1177224,validation
2115940,train
675413,validation
151046,train
1078184,validation
1266067,train
1903225,train
1239102,test
1066925,validation
227708,train
121115,train
1049240,train
1269868,train
152643,train
380003,train
399797,train
882253,train
1289354,train
381672,train
93892,train
205094,train
178784,train
1991954,validation
2232294,test
1700850,train
1618154,validation
271817,train
343587,train
441146,test
1340087,train
1306749,test
1853694,test
1965624,train
39568,validation
1637749,train
658505,train
1236963,train
1871624,train
245947,train
1740713,train
104284,test
2041590,train
1018059,train
98698,train
92197,train
1785722,train
455080,train
1061757,validation
696516,train
341272,train
1129344,train
365866,train
2243835,train
1887230,train
1539898,validation
363488,train
1124083,validation
289134,train
628161,validation
1335366,train
176027,train
1131282,train
286439,train
1211717,train
657895,train
567714,test
1202904,validation
1906018,train
994440,test
1141841,validation
26673,test
1754809,test
1053157,train
1203983,validation
96522,train
2122402,validation
341917,train
2215682,train
109525,train
1124830,train
337065,validation
1886783,train
1211307,train
1648953,train
735017,train
1072435,train
1092454,test
1835860,validation
1439819,train
1719567,train
380953,validation
1681602,train
1226167,train
46823,test
8767,train
1232957,train
648921,train
1236829,train
2162641,train
1177933,test
269752,train
1144848,train
725241,validation
269639,train
253356,train
1127196,train
309268,test
44320,train
32093,test
1769717,test
60987,validation
1222594,test
1832526,validation
228310,train
1937417,train
1642639,train
115181,test
1625801,train
1784202,train
215214,validation
1831889,validation
1240033,train
894907,train
1132417,validation
1798299,validation
356488,train
1826148,train
1162302,train
1300326,train
1101672,train
1055045,train
1872466,validation
1904818,train
318751,train
352082,validation
382326,validation
1903714,validation
1684197,train
1095532,train
1631603,train
2238314,test
1193023,validation
982686,train
105147,train
209374,validation
133981,test
2008268,train
2022405,train
986711,test
1194717,test
1205924,test
135922,train
1264560,test
2063507,train
1346896,test
598116,validation
1823483,test
1258232,train
93225,train
1053421,train
1984371,train
1845792,validation
256543,train
2173139,validation
1642074,test
231863,validation
36925,train
6565,test
249467,validation
1738225,test
2132499,train
2006297,test
1181583,train
92235,train
144348,train
1046236,train
654669,test
2174453,train
2147809,train
2095354,train
1799722,train
932018,validation
29512,train
1002523,train
2103976,train
633648,train
1679057,train
1010566,train
118993,train
186427,train
618139,train
1798657,train
1098678,train
506492,test
277657,test
417307,test
2088181,validation
1772171,train
1703374,train
1863326,train
1323925,test
189595,train
1247331,train
1787128,train
91238,validation
2003267,validation
1766172,test
163788,train
1250647,test
1876515,train
633384,test
1960969,train
1638177,validation
91345,test
1773490,test
1056244,train
1215607,train
101676,test
1172352,validation
1615055,train
174739,test
244289,train
1827162,validation
144960,validation
113652,train
635990,train
250323,test
1126315,test
1052806,validation
23025,test
1673670,train
1042321,train
1620058,test
1918479,validation
710448,train
916718,train
1926956,test
1777366,train
202691,validation
682972,test
336638,validation
1106578,validation
1751602,test
700079,train
915195,validation
81126,train
1803473,train
1639314,train
1018351,train
1179816,train
1191142,train
1797443,test
598143,train
71658,test
1088658,train
1207022,test
271964,train
60739,train
618482,validation
1758158,test
2238602,train
695261,train
971943,validation
212946,train
2071739,train
1161327,train
323098,train
348352,train
702917,validation
175836,test
244495,train
1251689,train
2202903,train
2255062,train
1075706,train
907540,train
1693310,train
1693193,train
2257157,train
400386,validation
96186,train
1630160,test
1349718,train
696372,train
1861908,train
1738376,validation
1674061,train
1208105,train
138982,train
347126,train
1567428,test
535803,train
1651637,test
180875,test
817615,train
1039334,validation
1111102,train
293608,train
1636630,test
317168,train
1906128,train
48311,train
1146325,validation
452778,train
1801369,train
1639905,train
1862664,train
1788557,validation
47324,train
1164348,test
1689345,train
2151660,train
2051601,train
699004,test
1207672,validation
99825,validation
122166,train
32569,test
1048456,validation
1197648,train
1689108,test
1882288,test
1023562,train
1867160,train
544340,test
360473,validation
1318200,train
1843222,validation
1172776,train
80788,test
1851094,validation
207075,train
1191116,validation
315822,validation
906111,train
1803470,validation
1947140,train
1252188,test
1053088,validation
1239882,validation
1212681,train
1127549,train
1329739,train
41495,test
1228244,train
1117666,train
1215901,test
1875493,validation
1979885,train
588810,train
84,validation
415579,validation
1169645,train
1656062,train
1920870,validation
344828,train
1811929,validation
1880660,train
741939,test
665185,train
1157291,train
1247494,train
658571,train
1207977,train
1636188,validation
1304487,validation
325282,train
674692,train
1042293,train
661616,validation
1041450,train
1092756,test
27184,train
854361,train
214650,train
1628765,train
1537041,test
1892025,train
206804,train
1127682,test
1048115,validation
40083,validation
437501,validation
1925161,train
275753,train
388052,train
829321,train
1075220,validation
1982221,train
529103,validation
1156139,test
324601,train
217034,validation
554977,test
1195455,train
1050337,test
2027105,train
16816,test
1250052,train
164801,train
1252552,train
243495,train
1293246,train
1224829,test
290727,validation
2259545,validation
263587,train
1173319,test
1774158,train
1343419,test
2109067,test
1817615,train
679071,test
95929,train
480865,train
159156,train
1864675,validation
184445,train
1821854,train
164868,train
667569,train
1637069,train
2225479,test
1618071,test
712363,train
1177628,validation
361352,test
1633472,train
1223684,train
1264066,test
1329508,train
1878859,test
1014280,train
1956,train
216057,train
1579680,train
1643912,validation
1703632,train
979603,train
1126451,validation
1622100,validation
433843,test
1218586,train
2058645,train
2038263,train
1866607,train
738317,train
1308395,test
1915806,train
1017360,test
1767219,train
1885105,train
20550,train
1915906,train
961607,validation
1873423,validation
197111,validation
1919367,validation
170672,train
402935,test
366658,train
1009495,test
1848433,test
990140,train
1936441,train
1659671,train
729324,test
983639,train
1140517,train
1246993,train
218755,train
8575,train
1159524,train
477159,validation
2198352,train
1877229,train
1061076,train
29005,train
1507259,train
1122481,train
1018620,train
839013,test
496038,validation
1028184,test
734293,train
333084,train
358415,train
239447,validation
1375829,train
890772,train
64163,validation
1650730,train
1811777,train
1737768,train
78554,train
1073237,validation
1058834,train
1949777,validation
2234721,validation
182927,train
293505,train
1643964,test
1783182,train
1230552,validation
321208,test
1071533,train
1171789,train
1307941,train
175276,test
391755,test
1048818,validation
124101,validation
1017193,train
367915,test
128132,train
136690,test
1849444,validation
1752156,test
1626416,train
1929567,validation
2222206,train
2232861,train
20513,train
1678471,test
148967,train
2195822,train
1243968,train
176172,train
1060006,validation
1535045,test
2236312,validation
712534,train
2251860,train
1889922,train
2010115,train
1995536,train
1127732,train
1016807,validation
208787,train
670351,train
403965,train
1815984,validation
2195513,validation
1528024,train
266485,train
274360,train
1709058,validation
215984,test
264901,validation
1025293,validation
1842656,train
1137772,train
25926,train
1146436,test
541535,train
892948,validation
168325,train
203805,train
44826,test
1895289,validation
1782929,train
1339668,train
1047431,train
2889,train
1910618,train
1315445,train
1131568,train
1651061,train
1777187,validation
926026,train
1143391,train
2252366,validation
1833938,train
730594,validation
731415,validation
1863026,train
410331,train
1851528,train
554005,validation
1744795,train
1883634,test
149008,train
551064,train
1571813,train
39100,train
2051375,train
21580,train
1281682,train
868350,test
1199186,validation
135606,train
778614,validation
641360,test
1958642,train
296442,train
1160606,train
965224,validation
1053388,test
294429,test
1979874,test
1892460,train
1294913,train
1802185,train
1051084,train
609735,train
31956,train
282962,validation
1285338,train
1759483,validation
512643,test
1038894,train
26264,test
1694030,train
654535,test
1246614,train
1974964,train
15882,train
410252,test
907167,train
474478,test
1947351,test
1327838,train
2246943,validation
1233001,train
1655535,train
1018205,train
1126321,train
1737640,train
203746,test
281545,validation
143902,train
1613730,train
28238,train
402032,test
1327419,train
1017855,train
1747852,train
1127849,validation
1107979,train
2241911,test
1896913,train
744003,train
102427,train
2118841,train
2159535,validation
601016,train
1342392,test
1626893,test
614514,train
1755880,test
1059964,train
2353,train
704046,train
1955001,train
730001,train
699873,test
1224172,validation
1632770,test
184670,validation
1992889,train
1718783,train
1320707,test
1318605,train
231352,validation
1336075,validation
1777062,validation
2178669,test
199200,train
1004106,train
4300,train
1413430,test
280417,validation
623048,train
148877,train
1805225,train
1030078,train
583049,train
2158087,train
9318,train
1199934,test
1047576,test
654538,train
1038263,test
1717525,train
1165643,train
299669,train
1750007,validation
522524,train
1230471,train
1876163,train
1326681,train
2112215,train
408775,train
395111,train
366695,train
376084,train
2030500,validation
205661,validation
1172465,validation
153324,train
1195041,train
238893,test
2145230,train
400458,train
621515,validation
1733144,train
1310794,train
1661959,test
1217704,train
1117634,train
1351326,train
22543,test
930736,train
1099242,test
46581,test
1327436,train
1323964,test
636979,test
2134258,train
1297642,train
170811,validation
403061,validation
272079,train
269051,validation
1309581,train
203280,test
309727,train
1339522,train
258553,test
1823643,train
1584637,train
408291,test
723485,train
1005190,train
1223853,train
1567271,test
1008137,train
1116308,train
184486,train
1748190,train
1101165,train
1173686,train
417745,train
666548,test
1340807,train
830034,train
940242,validation
1861340,train
1827519,train
316193,train
125828,train
1687133,train
691158,test
1643010,test
1798008,test
2042650,test
1072555,train
29267,train
1115288,train
851732,test
373193,validation
2232094,test
2162985,validation
679140,train
1909972,test
948924,train
5574,train
369929,train
716297,train
1325267,train
2033334,test
1149786,validation
2186290,train
1302345,train
2068500,train
1004091,test
197324,train
1231477,train
63110,validation
1934794,train
512990,train
1640804,train
1629753,train
716775,test
1059546,train
39436,train
1347207,train
1984427,train
305988,train
955879,test
206619,train
1992349,train
917824,validation
1278560,train
2159397,validation
1697073,train
1182149,train
1099551,train
1133450,train
260833,validation
844661,validation
151078,train
857197,train
1112237,train
527193,test
1829610,train
2116587,train
1905486,validation
1874688,train
286141,train
1763443,train
329596,train
1648669,train
71456,train
30381,train
1799196,train
586201,train
1112998,train
1152624,train
1040416,validation
135764,validation
1274986,train
922500,train
342098,train
1638094,test
135769,train
1329949,test
721128,train
1283787,test
1992229,test
1068067,train
1282567,test
397943,validation
1833411,train
1215500,test
1943709,train
1657932,train
302302,train
110130,validation
87283,validation
2018931,test
1901952,validation
1171531,train
362148,validation
1323300,validation
1162250,validation
963309,validation
1893004,train
1818301,train
221495,train
1679868,validation
1084167,test
1758680,train
288608,train
385233,validation
1647799,validation
1797514,validation
1868369,train
1921028,train
1003794,train
1665301,train
244399,validation
1065145,validation
1887436,test
601847,test
1915539,test
2224012,train
1094423,validation
647741,train
2214932,validation
2031990,train
694298,train
1267754,validation
1431345,train
160209,train
1314999,validation
1919620,test
1904156,validation
99656,train
1169310,train
245046,train
1800826,train
1217667,train
1640389,validation
385818,train
1337579,train
1206981,test
1643393,train
365471,validation
1649922,validation
1897267,train
197769,train
2219225,validation
1616600,validation
2023673,train
1013810,train
2003580,validation
4659,validation
1860934,test
315742,test
193171,train
408953,validation
1286354,train
109206,train
181372,train
1863331,train
1340398,train
1137574,train
20924,train
141935,train
2167417,train
1852251,train
2134603,train
1135541,train
2209830,test
362070,train
1255106,train
2102772,train
2162859,train
143663,validation
293801,train
1275335,train
1220136,train
168021,train
1703327,validation
1005547,test
475146,test
313528,test
697775,train
1268836,train
1537027,test
299047,train
561341,test
1318343,train
903403,test
348988,train
1308814,train
2056350,train
1903231,train
193167,train
6071,test
377935,validation
2017607,train
1083550,validation
2259346,validation
941904,train
254765,train
1779864,train
1186025,validation
68880,test
931172,validation
251330,train
69707,train
297902,validation
161151,train
881,train
180568,train
329446,validation
1288154,test
733477,train
63920,train
159780,validation
22100,train
1896674,train
56061,validation
1689474,train
1838425,train
1793295,train
1282146,test
1208409,train
1292062,test
293538,test
1235736,train
163811,test
1244747,test
2033203,train
892124,train
1119041,train
1751351,train
1344663,validation
1784483,train
215312,train
568687,train
101404,train
1049034,test
599584,train
1201431,train
1345104,train
292422,validation
85559,train
213036,test
320334,test
1136122,train
657777,train
678177,train
1834216,train
43051,test
457054,train
372830,train
1814540,train
189683,train
1209423,test
1259918,train
1174930,train
1266865,test
255004,train
1114596,train
1794192,train
1793894,train
108712,validation
649266,test
2143298,train
523437,train
323203,train
97598,train
459837,train
2201840,validation
674066,validation
246303,train
929296,train
821374,train
1483186,train
659359,train
11854,validation
1336627,train
366498,test
574297,train
62850,validation
2243430,test
1330143,train
20038,validation
1696464,train
1198148,train
153772,train
994586,train
1764065,train
957861,test
290258,validation
382890,train
1124402,test
846646,train
1847121,test
1312488,train
885073,validation
189062,test
1219605,train
390654,train
129321,train
1231612,test
1698119,test
1187292,validation
1642216,train
1062796,validation
1015484,train
1216297,train
544535,test
252571,test
1778876,validation
156394,train
2026785,train
456412,train
1068464,train
112179,train
686544,train
977931,train
1606088,train
1620439,validation
1923081,train
366464,train
1940176,validation
387698,train
34330,validation
273722,train
2185685,validation
898014,train
36232,test
138823,test
1002279,train
230470,validation
1836503,train
250886,train
267705,validation
1817478,test
45888,validation
170675,train
1955215,validation
1796848,train
1980759,test
458632,train
1789877,test
1854466,train
1102209,validation
2054617,test
901774,train
6962,train
689608,train
1928418,test
276233,test
1809410,validation
221390,train
249364,train
1233987,train
1626911,train
106339,train
126630,train
1758268,test
708266,validation
166635,train
1295708,validation
1743176,train
2211042,train
489717,test
884687,train
1075988,train
708257,test
859544,train
278625,train
2102289,train
1708287,test
503638,train
408078,train
1172952,train
419483,train
1845548,test
278202,test
1703744,train
1308321,train
23957,test
700283,train
1095505,train
650996,validation
1930743,test
1248116,train
67169,train
1203787,validation
1173633,train
357881,train
1798509,train
159332,train
167991,train
1682787,train
375421,train
396449,validation
1732494,train
2164053,train
1976603,validation
294433,validation
881185,test
64103,train
1278141,test
1891254,train
395679,train
991302,test
42794,validation
1127633,test
63236,test
300032,train
1229745,train
155450,validation
1209798,test
410190,train
698625,train
1916469,train
1227411,train
728297,train
304519,test
703857,test
1813605,train
1748055,train
530330,train
2018584,train
1142810,test
2127579,test
1036279,train
2232629,test
2218717,train
1143283,train
695715,validation
176481,train
2123845,train
1301426,train
330239,validation
1900349,validation
304345,train
84242,train
1077954,train
1116700,train
368628,train
93135,train
687278,train
1630976,train
1775811,train
1615567,train
446538,test
1590559,train
724236,train
37160,train
1141685,train
120873,train
229704,train
1650863,train
1519439,train
1063362,validation
54550,train
285953,train
1781276,test
1246282,train
342180,train
1634437,train
178538,train
284615,test
1740244,test
49598,test
1955965,validation
143039,test
1275308,train
1926795,train
1167000,validation
262861,validation
1989457,train
2000406,test
937682,train
642246,test
1930402,train
1759122,test
1018491,test
156163,test
1005184,train
126615,train
348377,train
16418,train
396658,validation
97045,validation
290212,train
1895687,train
98254,test
1781822,train
2236526,train
1102256,test
295338,validation
1928838,train
1994251,train
1795548,train
49234,train
589165,train
100325,test
1019900,train
213186,train
1087956,train
1645687,test
1815192,train
349117,train
1874044,validation
997658,validation
2191749,validation
1011965,train
1330140,train
1778018,validation
1943080,train
1106697,train
1179365,validation
225154,validation
1615633,train
745801,test
119559,train
197935,train
1031042,test
78467,validation
391617,test
335974,train
318826,train
132113,train
1222356,train
1060095,validation
85136,validation
300310,train
358802,validation
2180617,train
360029,train
728761,train
2237961,train
201287,train
1651066,test
164333,train
1241585,validation
415490,train
1863235,validation
1881815,train
243677,train
1901987,validation
1901817,train
1178778,test
1795341,validation
269264,train
617000,train
1766277,train
587884,train
2184473,train
531145,train
1868077,train
726917,train
400100,validation
343891,test
818254,test
1370318,train
1598191,train
971845,train
1641578,train
1066162,train
2147313,train
477874,train
1036845,train
16936,train
1816740,validation
50848,validation
106913,train
323308,test
1785901,test
896479,train
324432,validation
681720,train
1192620,train
1129200,train
103174,train
1126675,test
2078920,test
1623005,train
290878,train
1218703,train
2249313,train
2114494,validation
1021265,train
71403,train
341987,train
28582,train
396012,train
1208137,train
1190708,train
1899153,train
1021039,train
609290,train
1118297,validation
2938,train
1861381,train
1221357,train
1042863,train
1104677,test
1312010,train
44433,validation
1958684,train
1299770,train
1856933,test
150079,train
1183756,test
1694381,train
75997,train
2179562,train
1043830,train
1240050,train
1231133,train
2229049,validation
735131,train
1901295,test
114704,validation
1348044,train
1560387,train
86061,validation
1647189,train
1283372,train
1825971,validation
738813,test
1837395,validation
307086,train
2061098,train
74754,train
1691382,train
322095,test
22460,train
1885781,train
1143052,test
1188928,train
1076301,train
295411,test
1673319,validation
1785502,train
2011538,train
1502069,train
306991,train
721284,test
1683525,train
994413,train
392994,train
1118232,train
2176470,test
1159193,validation
418995,train
593727,train
353353,train
413365,train
553954,train
1773866,train
2033465,train
633990,train
369006,train
1208726,train
2215969,validation
547044,validation
2248299,train
1038942,validation
1720079,train
958813,train
239427,train
240851,train
1796045,train
259305,train
1224189,test
1834480,train
1887503,train
1909848,test
247779,validation
1305718,validation
523549,test
403289,test
2163377,train
733402,test
1102385,test
1003462,train
373785,validation
623728,test
29098,train
1631948,test
1206718,test
358835,train
386110,train
1906219,validation
1596026,test
1252111,train
1074406,validation
1856980,train
1154589,train
1775392,test
1883804,train
267408,validation
415690,train
475719,train
2167370,test
603444,train
1104588,validation
282760,train
1005123,train
181968,validation
1630768,train
10079,train
1863897,train
509812,test
91018,train
2256338,test
1369584,train
1073282,train
1234674,train
323801,train
1807252,train
256629,train
369762,train
72071,train
611996,train
714864,validation
1213038,train
1225481,validation
1700619,train
2011408,train
1785764,train
820353,train
1085268,train
1615887,train
535898,validation
2241518,train
731736,train
236932,validation
1772684,train
1937273,test
1116040,train
82831,train
1117125,train
1043776,train
1019164,train
1649092,train
219520,validation
1894149,validation
915992,validation
968305,train
2042953,train
210802,test
2240496,test
75449,train
280021,test
92159,train
191400,train
374724,train
202122,test
1797178,train
717005,validation
309117,test
362332,train
1906189,validation
378491,train
1227494,validation
354424,validation
1048801,validation
596330,validation
134793,validation
1109888,validation
1809624,train
1756540,test
1786188,test
1847187,test
662021,train
1883858,train
1640192,validation
1754972,train
40469,test
245088,train
253426,train
1954800,train
695652,train
1304748,test
1099819,test
17604,validation
2044619,train
178967,validation
202619,validation
67500,train
1284150,train
1271802,validation
1327403,validation
1856849,train
1852540,test
1042247,validation
1222568,train
1058641,test
992485,train
1115407,test
1073481,validation
220270,train
1884518,train
1297796,train
2171584,test
2038699,train
1769667,test
118270,train
304598,train
124595,train
1347343,test
1797042,validation
8630,train
1870896,train
376970,test
1700824,train
411697,train
2200683,train
1935046,train
1291600,train
1754824,test
990370,train
260023,train
326213,test
1267978,test
659329,test
1018961,validation
64856,train
1703487,train
22318,validation
1627938,train
1741115,train
1709819,train
1166784,test
1264905,train
2251146,train
1104689,train
293178,train
1818833,test
1343660,train
295757,train
1091260,test
1072023,test
1004112,train
952978,train
86569,test
97392,train
520359,train
1226715,train
100229,validation
1949064,train
1351457,test
312128,train
1666041,train
1186297,test
957710,train
33210,validation
1892824,validation
1180610,validation
920002,test
200788,test
1017215,train
408631,test
1797062,test
1120751,train
2164196,train
976843,train
1629683,test
264659,train
1899934,train
1143336,validation
1709034,train
334990,train
2164816,train
163791,train
982926,train
1095550,test
131356,train
318229,train
1810478,train
940465,test
343601,test
1599403,test
119997,validation
1907791,test
1813250,train
1123200,train
2182598,train
529223,train
1918509,train
702126,train
1176922,train
1135310,validation
2239861,validation
1755114,train
1704541,validation
2179002,train
114220,test
48949,validation
1721079,validation
1956443,validation
1306645,train
229606,train
1134350,train
1891446,train
198273,train
1743765,train
684397,train
219762,train
1241277,train
995476,test
2206895,train
1926026,train
10697,train
1641555,train
2038348,test
1329527,train
721978,train
1238531,train
715377,test
679971,validation
1649862,train
1146108,train
993302,train
32767,train
1257159,train
68311,test
1993231,test
545001,test
1137244,train
685462,train
178008,train
559670,train
844816,train
2220793,train
694120,train
2243061,train
2008762,train
234107,train
1667969,train
1996464,test
1241850,train
1853721,train
1802142,train
1644923,train
471659,train
1997631,test
1675527,train
1944304,validation
1591957,train
618231,train
1158011,train
1247944,train
1219970,train
322289,train
904633,train
1273179,validation
225167,test
1832258,train
1092243,train
260806,validation
1789411,test
1954176,validation
1985145,train
641919,train
1304412,train
26891,validation
1044596,validation
1596145,test
2181177,test
1561789,test
905934,validation
40013,validation
1713391,train
769101,train
2190445,validation
344993,test
674380,train
1030382,validation
1047177,train
600196,train
91858,train
390059,validation
148834,train
39558,train
680067,test
338685,train
2099937,test
279573,test
1159021,train
1936972,train
1023982,train
2204625,train
227559,test
1025834,test
1696471,validation
63852,train
1103499,train
1185165,train
1884490,train
2189150,train
1856985,validation
326179,train
1854505,train
1012715,validation
202237,test
355684,validation
1741102,train
1256119,train
1904604,validation
805778,train
76333,train
928413,test
1893805,train
109684,train
1554459,train
1561733,train
1638297,test
149642,validation
222376,train
1013575,test
1908521,train
1641394,train
1985196,train
1197010,train
1410531,train
58164,train
1208472,test
260864,train
1241171,train
1185005,train
1768032,train
1882733,train
402721,validation
1755967,train
713756,test
1825025,train
2006296,train
880792,train
386808,train
1810277,train
1201756,validation
1811922,train
2234214,test
1872175,train
706608,test
1780208,train
1749404,train
982552,train
1031492,test
1162357,train
1341703,train
1114338,train
1343189,train
263837,train
475458,train
10091,validation
1962443,train
1810015,train
1508938,test
2119779,train
62612,validation
684833,validation
717617,train
1098988,train
344697,train
1614863,train
746551,validation
1104621,train
374912,train
302021,train
1160020,train
1925618,train
1817031,train
593779,train
349010,train
1001790,train
1352629,test
1969882,train
1069746,test
1886751,train
734884,train
960869,test
1039971,train
211654,validation
1154141,train
172118,validation
64039,test
1151551,validation
2016473,train
1195809,train
639068,validation
1177808,train
246180,train
112626,train
155026,train
1633555,train
2191680,train
1885566,validation
244973,train
1345660,train
1047193,train
1069847,train
9752,train
1717081,validation
1046359,test
1766733,validation
972645,test
386221,train
1177157,train
1205185,train
174772,test
89414,train
1053667,train
1429861,train
150941,train
1698191,validation
857075,validation
2033785,train
1193391,train
1832630,train
2128541,validation
1693635,train
1751940,test
1889001,test
1918648,train
378095,train
2030509,train
1153418,validation
952586,train
225790,test
1254204,validation
1042993,validation
317522,train
155444,validation
1871385,validation
1916455,train
1122726,train
334495,train
1108955,test
2188554,test
1828447,train
852647,train
1099381,validation
379970,train
904373,train
1321518,train
196918,train
1178926,test
764557,train
128544,train
419585,validation
1983205,train
615438,train
1580005,train
693888,validation
1013757,train
1105192,test
1103565,train
298089,train
1125219,train
1823315,test
1996010,validation
412288,validation
175431,train
945356,train
1074447,train
1807650,train
265367,test
177602,validation
681735,train
1137740,validation
330026,validation
1640233,train
1803633,train
1770092,train
1295870,train
648214,train
1307611,train
1019497,train
1788794,test
2010521,test
230605,train
207667,train
1280538,test
1002828,validation
1137377,validation
920380,train
103273,train
170682,train
17908,train
1265007,train
56289,validation
1757710,test
180353,train
666779,train
2131162,test
1640585,train
115515,validation
719248,train
248797,validation
288877,validation
1199635,validation
2216884,test
1255599,test
1280313,train
363457,validation
1957371,validation
1855766,validation
573527,train
1897457,train
281218,train
336483,validation
1920503,train
1962800,train
2101600,validation
1942758,test
1597561,train
285134,train
1896636,train
1711280,train
150597,train
651285,validation
1175760,train
1830477,test
319720,test
2185855,train
1981519,train
1729753,train
331596,validation
1932351,train
282543,train
1729604,train
292029,train
191745,test
320903,validation
102607,test
411374,train
1261765,train
1270170,validation
33674,train
1189246,validation
286137,train
342839,test
382028,train
1101704,train
208602,train
677980,train
1765392,train
297137,test
1074633,train
70864,test
998033,test
256953,validation
1786385,test
1783006,test
435262,validation
1900913,validation
1152300,train
1544972,train
139860,train
1720641,test
492727,train
1841828,train
747400,train
383123,train
28977,validation
361436,test
686982,validation
1249637,test
1810378,test
1214667,train
2278,train
1208782,train
379042,train
725964,validation
1929932,validation
1665547,train
1629080,test
420111,train
885938,train
1279723,train
153006,train
1350969,validation
1156373,validation
1635454,test
1869632,test
1895636,train
1095470,train
1266357,train
1707870,train
71172,train
585729,train
1170212,train
1330705,train
191834,validation
443765,validation
1608085,train
170858,validation
1997658,train
989942,train
217293,train
322226,train
1713416,train
2240033,train
234421,train
368505,train
1044259,validation
1685985,train
930120,test
1150174,validation
63875,train
687940,validation
1912510,train
909753,train
1779253,train
1860062,train
1903901,train
455479,train
993215,test
55402,validation
232841,validation
1196635,test
1943219,validation
2147053,validation
1248124,train
1188880,train
270139,validation
1779237,train
1125875,validation
1771474,test
1700054,validation
693043,test
2037280,test
1840358,train
298220,validation
836538,train
1231326,validation
2150529,test
1935201,validation
2191726,test
310194,train
499161,train
1833132,validation
1704681,train
1156053,validation
395494,train
234612,train
2213508,validation
1643868,validation
2010894,train
1923531,train
1167853,train
1277285,train
1283954,test
1040795,train
321083,train
316913,train
337456,train
1796514,train
38643,train
199167,train
42978,validation
313062,train
84086,test
937540,validation
549840,test
174139,train
1839570,validation
1949440,validation
660503,train
2179771,train
130711,validation
1863667,train
1052825,test
153109,train
1042607,test
1726209,validation
23972,validation
38513,train
624328,train
410837,validation
923051,train
154295,train
879452,validation
2022476,test
267523,validation
1042680,test
1918093,train
1908299,train
240481,validation
710044,validation
1813121,train
651597,train
77533,train
1099749,test
1744148,train
41394,train
2046736,test
410276,validation
1907135,validation
395604,train
1220018,train
1325869,test
1308492,train
1232558,train
302407,test
1962536,train
114224,train
1836276,test
1115367,train
1760875,test
2087102,test
125896,train
1332635,train
931935,train
265276,train
225353,test
183548,train
262123,test
2080,train
3047,validation
388709,train
156956,train
561670,train
1130600,validation
1137735,train
35587,test
1202347,validation
1083652,train
1517730,test
64780,validation
1810811,test
25485,train
1207842,train
1333267,validation
188448,test
250926,test
1055512,train
1845754,train
1252926,train
334208,train
1854362,train
1177742,test
411942,train
2194144,validation
1894650,train
320077,train
2248758,train
1989199,train
1955003,train
1695589,train
2225327,test
1041425,test
2196287,train
327902,validation
1806389,train
16322,train
1421086,train
1346753,validation
1242798,validation
43554,test
1616356,train
1874868,validation
2227231,validation
1645513,train
1723833,validation
949428,train
1125385,train
1713340,train
175534,validation
158338,train
1630268,train
687496,test
2153191,validation
201054,train
85639,validation
2037565,test
196893,train
1299171,train
130516,test
594690,train
1829137,train
1200294,train
2257501,test
1246844,train
993166,train
327513,test
1072717,train
192705,train
2027298,train
2260537,test
667812,train
719652,train
1147560,test
2257898,train
402670,validation
1916660,validation
447043,validation
1039604,train
709932,validation
1827679,train
1835434,train
1769588,train
1969838,train
1133489,train
58530,train
1985860,validation
669240,train
2094682,validation
1811941,train
344355,train
2018660,train
1920153,test
1299213,train
916288,train
1774885,train
1939447,validation
1237980,train
1283467,test
1734655,test
393205,train
1868231,train
1934706,train
1235316,train
1137586,train
1144811,train
35164,train
213733,test
949699,train
333793,train
1282432,test
1520331,train
1046760,test
1032295,train
1223578,train
357800,test
10117,validation
1523663,train
1146677,train
1184106,train
1211282,train
41120,validation
1740088,validation
290665,train
1209262,train
1716294,train
1119783,test
305502,train
666596,validation
331060,train
65949,validation
2024311,train
2086496,train
278011,train
1849169,test
1221522,train
2210350,validation
104014,train
1845194,train
1629575,train
293603,validation
1235327,train
154300,train
2037759,test
1845049,train
309582,train
1773860,train
949696,test
448728,train
249204,train
1173834,train
1283294,train
1011033,test
2015546,train
1817003,train
336897,validation
1650692,train
1190426,train
1837917,validation
394010,validation
1989634,train
1877963,train
1200271,test
14051,train
1029837,validation
229880,test
376127,validation
485295,train
743342,train
115194,train
1822936,test
1861101,validation
243716,train
952350,train
1295080,train
1019559,train
718086,validation
1623574,train
24546,test
2260299,test
269364,train
312414,train
453603,validation
2049045,train
139217,validation
70793,test
919288,validation
1685179,test
74369,train
2249148,validation
534498,train
1937463,validation
1639428,train
623342,train
284726,train
262854,train
1417305,test
399752,validation
741436,train
1290617,train
1665656,validation
1917854,test
1000225,train
946241,test
700242,train
990032,validation
2074302,validation
1737591,train
294618,validation
278545,validation
59490,test
1508573,test
1078792,test
127888,test
1644173,train
1083000,validation
1645627,test
1936086,train
1052880,train
1513985,test
22937,train
398335,train
687493,test
213893,train
297307,test
1020600,train
1232750,test
2185111,train
1071287,train
1328447,train
1724080,validation
1005496,test
1294989,train
247371,validation
1265336,train
1316389,train
1908458,train
291301,train
536379,train
1756338,train
2028633,test
321534,test
1305857,train
230200,train
89832,train
140971,validation
1028029,train
1792043,validation
6964,train
1089946,validation
1764260,test
385005,train
1194169,train
372240,validation
1044681,train
671143,test
1266596,validation
931969,validation
1952563,train
1087450,validation
2016337,validation
1271087,test
1581998,validation
391080,train
981209,train
944868,train
342530,train
1232268,test
2254822,train
1121178,train
270762,validation
281274,train
107149,train
1690932,test
170439,test
76892,validation
2031773,train
525210,train
559161,train
997218,train
349070,train
1837776,test
1736994,test
2030894,validation
90074,validation
709332,validation
1252312,validation
1123775,train
1956778,test
1871445,train
1050421,train
1108664,train
1752667,test
1745682,train
422926,train
1699780,train
117280,train
988616,test
2158849,train
41121,test
362600,validation
995356,train
1961805,train
1993797,test
106426,train
1758103,train
1261145,test
1123461,train
1915187,train
1051651,train
340617,train
283943,test
237079,train
1840917,validation
930352,train
1098186,validation
372963,train
936474,train
260601,validation
422744,train
210991,train
1111751,train
510783,train
1300701,train
595895,validation
315020,train
945762,validation
1890378,test
678916,test
2136433,validation
1834827,train
1173236,test
952619,train
1794859,test
1903613,test
1949828,validation
2012100,test
2259595,train
1129037,train
145784,train
1634459,train
688663,train
1629737,train
486965,train
199351,test
1124269,train
2029298,train
1826675,train
974428,train
1632400,train
1165331,test
677301,test
1092866,validation
172549,train
973131,train
1256272,test
1928244,train
2214441,validation
174083,test
344025,validation
2162600,test
1260447,validation
1042947,train
344977,train
1845629,validation
18151,train
1838371,train
187229,train
1918296,train
1216653,train
214052,train
1767514,train
1830301,test
1972005,train
327529,test
1769325,train
916245,train
658384,test
171456,validation
1230313,train
920098,test
219188,test
39417,train
1593912,train
182270,train
2216254,train
377730,validation
1724313,validation
1231069,test
1086053,train
314319,train
937550,validation
1178310,train
1190985,train
2025065,train
1992800,test
1322257,test
1751489,train
1876255,train
348145,validation
1658936,train
191394,train
1863948,train
1211612,train
296392,train
343574,validation
1185653,validation
1831219,train
1212467,train
722175,train
1627260,train
1001026,train
1297616,train
673073,train
619635,test
265125,validation
727323,test
2233043,train
990039,validation
1032319,train
1149530,train
1269367,train
1162391,test
186593,train
1339876,validation
232780,train
1686179,validation
429819,validation
1237501,train
238477,validation
1896653,train
71703,validation
207949,train
2198897,validation
1306394,test
349496,train
1274778,train
1327360,test
237293,validation
1625134,train
1775441,train
1269646,test
233374,train
1157287,validation
1178880,validation
1981292,train
1038458,validation
2000116,train
1598488,test
2142482,train
1310900,test
1155017,test
1845617,test
158783,test
1101259,train
1322380,train
30009,train
1159694,train
383909,train
2174309,train
1200109,train
680745,train
1868114,validation
659183,train
2244815,test
278796,train
279973,train
1573813,train
1641063,validation
1649452,validation
1022204,train
1000515,train
1094771,test
1761803,test
512563,train
987275,train
1723456,train
123671,train
212460,train
1347745,train
1780312,train
345593,train
1434946,train
205159,test
1124510,train
1282310,test
1187914,train
1901535,train
737632,validation
1190300,train
1917365,test
2002437,test
2238629,validation
240879,validation
1049182,train
1166932,train
349892,train
1880964,train
923718,train
314610,train
159600,test
1085920,validation
1846632,validation
385545,train
2067296,test
1906557,test
348315,train
1751752,train
1321713,test
1857738,train
597055,train
126850,train
590413,train
1280994,train
461759,test
67933,train
2250202,train
1612156,validation
2163685,test
1105957,train
1031821,train
1199488,test
182149,train
1990297,train
418133,validation
180985,train
1764000,test
401814,train
237948,train
1716238,train
1742003,test
334603,validation
1232367,train
235502,test
2051713,train
99657,train
267435,test
1793651,test
744664,validation
1314765,train
1697934,train
1902156,train
192682,train
1756334,train
282102,train
1343082,validation
1732662,validation
1677977,train
1172403,train
1876058,train
1184783,train
1299762,train
1617917,train
711660,train
1967658,train
1834583,train
1129915,validation
1064984,train
1697162,train
300919,train
1632358,train
75886,validation
72740,train
2206444,train
1155985,train
729029,train
214278,train
1308099,train
1978424,train
320409,validation
214661,validation
276607,validation
374087,test
1020896,test
1351520,train
1115245,validation
297196,train
1193854,test
1341874,validation
1783865,train
1316735,validation
2623,train
181016,train
958417,train
1766634,test
1655361,validation
1137061,validation
1211099,train
1013946,train
2192821,validation
970604,train
270944,train
2026244,train
1777916,train
1271831,test
1148291,test
2217170,validation
1930580,validation
71762,train
686198,train
1866264,validation
189967,train
1665558,train
371829,train
2010484,test
390502,train
1649903,train
1632148,train
1258356,train
1334219,validation
2008539,validation
370764,train
2193550,validation
1839240,train
236727,test
1819367,train
1754981,train
1263265,train
1906599,train
34914,validation
977711,train
1906339,train
286334,test
1096768,validation
38478,train
1976206,validation
693943,validation
651378,test
1491228,train
1149148,train
334415,train
1172503,validation
67264,validation
1238513,train
447738,test
418647,test
679742,test
1785553,validation
310816,train
217559,train
907521,train
309714,train
1841696,test
266672,train
1769604,train
2214779,train
1989907,train
2036709,train
1629780,test
606084,train
289499,train
1922572,train
234553,test
320267,validation
204640,test
2113525,test
1649773,train
1816661,validation
525437,train
2082626,train
350918,train
126017,train
96469,train
117403,validation
2177875,train
637068,train
169628,train
1963984,train
972603,validation
100738,test
1160711,test
1778073,train
1247328,train
353377,train
1894646,train
503594,train
1993675,train
1805458,validation
1941224,train
1042537,validation
1924244,train
1903479,train
651457,test
166140,train
744598,train
229733,validation
1830163,train
48051,test
473270,test
1048698,train
996644,train
1865254,train
93209,train
347558,test
1977346,train
1059883,train
1171933,validation
386780,validation
1758024,validation
2171082,train
386605,train
275462,test
1298387,validation
118372,validation
1892522,train
364682,train
121270,train
351582,train
1292873,train
1307589,validation
1189610,train
1232301,train
1803995,train
723557,validation
373099,train
176735,train
1049051,validation
973951,test
1878570,test
2131416,train
2212052,test
2204327,test
2106489,train
1327906,train
146175,train
207319,train
1876683,train
1859821,train
360856,train
1189708,train
512220,train
248495,validation
981446,validation
2198180,train
1579699,train
1020055,validation
2150443,validation
264045,train
1927740,train
2042123,train
1136141,validation
57071,test
342043,train
1627635,validation
1247812,train
1938247,test
375052,test
59430,train
282319,validation
1095934,test
1649535,test
1003886,train
1057655,test
951480,validation
1236601,train
1588806,test
2226896,train
1222518,train
1014919,test
403721,validation
397604,train
804825,test
1144249,train
530630,train
241527,test
1639585,validation
1053988,train
618355,validation
1272930,test
1643725,train
1681017,validation
1779404,train
55654,validation
1976663,validation
1011940,train
139903,train
71194,test
227773,test
1179397,validation
1883045,validation
1111345,train
277040,test
1165958,validation
1158364,train
2036419,validation
202659,validation
1221171,train
1719412,train
102044,train
2087259,train
1006293,train
1213318,train
1631762,train
37483,train
1021107,train
1956946,test
1643833,train
159960,validation
1795859,train
875697,validation
1231924,test
1159878,train
663022,validation
78023,validation
558093,train
2029784,train
1179235,train
1118851,train
1296170,train
1149442,train
515764,train
32041,train
233304,train
1306337,test
1922030,validation
742973,validation
4755,train
2202088,train
912622,test
56661,validation
867903,train
1074904,test
1817576,test
1904091,train
1913859,train
278570,validation
1053933,train
125023,train
24641,test
239887,train
1169156,train
1625648,train
335841,test
1974570,test
557008,train
708799,test
184802,train
236450,test
1705080,train
1196067,train
414895,test
1094120,test
1169673,train
1133926,validation
402422,train
29066,test
1095754,train
1927812,test
317308,test
1235073,test
97415,validation
1031584,train
1338883,train
333694,train
765893,train
1156627,train
1632477,train
1017587,test
1878601,train
643684,test
2163556,train
258301,train
327790,test
269569,train
915151,validation
64264,train
676227,train
28311,train
393989,train
171688,validation
1909373,validation
404784,train
315356,train
1310829,test
1824263,train
1617713,train
1039499,validation
2258163,test
1209779,validation
624816,train
1017367,train
1503460,validation
1632508,test
1095783,train
1935877,train
1806943,validation
1158110,train
598717,test
1196473,train
1958797,validation
1788831,train
1238722,train
376065,train
1011127,validation
269776,test
286311,validation
611874,train
241131,test
2081915,train
705728,train
1337344,train
1111882,validation
2397,train
988859,test
1876143,train
173507,train
1949633,test
685764,validation
1755675,train
1269657,train
172669,validation
694372,test
1121165,train
2164580,train
2155388,validation
1304522,train
2133136,train
107636,train
676200,train
1312224,train
601825,test
40905,validation
27441,validation
208052,test
1701367,train
1268636,train
1052677,train
1901517,validation
1847731,train
908795,train
640507,train
1090201,validation
301507,train
347481,train
1071095,train
1206513,validation
1275914,train
1285846,train
1795813,train
2194469,train
320309,train
363325,train
1193874,train
2080538,test
1739103,train
226905,train
1168544,train
1007166,train
404941,validation
1633584,train
1301797,train
1645306,test
118646,test
1832922,test
1190836,test
220214,validation
893389,train
345142,train
1677948,train
159347,train
1209421,train
1181673,train
1109144,test
1088671,train
1845350,validation
278592,validation
319987,train
993599,test
1243228,train
152071,validation
1249972,train
1700539,train
2036139,test
906139,train
612495,train
1546910,train
3771,train
100120,validation
1777084,train
1812554,train
1833094,validation
2248766,train
938819,test
130468,train
1275109,validation
97583,train
264192,train
372618,train
369756,train
78315,train
16647,test
1201142,train
679187,test
1858923,train
1298267,train
1646651,validation
692695,train
595011,train
2110485,train
2203698,train
125303,train
984931,train
155425,train
1316223,test
1679399,train
2158967,train
1068197,train
943632,train
1841902,train
1881189,train
2179539,train
1204056,train
407230,train
1999126,train
156947,train
610567,train
1647699,test
1635997,validation
520983,train
205403,test
1166321,test
802248,validation
728606,train
1127941,train
405239,train
1202746,train
209607,train
354893,train
226289,train
2252590,train
1365011,train
506685,test
260036,train
345237,train
1382263,train
1889540,validation
206783,train
236893,train
1331949,validation
415892,train
720151,train
985633,validation
1977350,test
1821069,test
1015951,train
2159513,train
1349096,train
204320,train
341587,train
80120,test
1897040,train
668509,train
280386,validation
2255563,train
387656,test
59714,train
1219374,train
264512,train
2236481,train
108972,train
3105,validation
746823,train
275209,test
1186394,validation
1258668,train
1178145,validation
2178842,test
1644255,train
951638,train
1022275,test
1490158,validation
954198,train
1399945,train
1216875,train
265142,train
1138722,validation
2108409,train
378763,train
1284487,train
525660,train
380531,validation
1612061,train
1218503,train
2230653,validation
1648020,train
1212312,validation
919412,train
680084,test
295559,train
1951029,train
736758,validation
294593,train
661706,train
1270221,validation
1720057,train
704123,validation
1960931,validation
110937,validation
1319571,train
253204,train
1722069,train
417199,test
1628978,train
659402,train
1924880,train
88807,validation
1121547,train
1253734,train
50328,train
279854,test
1884004,validation
1305652,train
582671,train
1079152,test
653095,train
2175547,train
2231398,test
299712,train
1786952,test
1640683,validation
1868083,train
1119817,train
1776449,train
1131943,test
195983,train
1927891,test
931990,test
1281999,validation
2157506,train
416043,test
1201709,test
1176684,test
303641,test
1936231,test
1846443,test
565530,train
1112891,train
199561,train
1786637,train
717511,train
1972344,validation
709243,test
2010006,train
288193,train
1026061,validation
1072037,validation
1715597,train
984933,train
1298797,validation
1242014,train
1025997,train
1760803,train
694717,train
904959,train
97315,train
1221736,test
23251,train
1885871,train
1499702,train
1039244,validation
2001533,train
1055499,validation
634505,train
1998680,train
1320994,test
1121389,train
2184451,train
296181,validation
528746,train
2218367,test
303826,train
1883576,train
1619319,train
1657044,validation
778300,train
1113455,train
630340,validation
1287343,train
666966,train
1186539,train
86089,test
1873668,train
1631667,test
902636,train
280382,validation
377251,train
1806771,train
2118253,train
258974,test
360322,train
356619,test
1313703,validation
1323966,test
272899,test
83756,train
1945819,train
1796816,train
1288688,validation
1345771,train
1004462,test
1280520,test
56196,train
668229,train
446336,train
353681,train
85291,validation
122332,validation
2122625,train
187590,train
31129,train
1025705,train
347059,train
184609,test
1830694,train
94366,train
61211,test
41487,test
1802690,validation
1743700,train
1842192,train
13377,train
2219140,train
539692,train
1366626,train
1209640,train
994779,test
622654,validation
1204203,train
2170178,train
1010130,train
349760,train
2215556,test
1823651,validation
588493,train
1337536,validation
385727,train
207187,test
1074686,test
1768367,train
6810,train
1618049,test
1048311,train
40577,validation
1759415,train
1640301,test
1347936,train
1736458,test
793915,validation
412761,train
1660118,train
1660168,validation
1834145,train
917612,train
1136661,validation
45764,validation
2004987,train
377325,train
1875647,train
326120,train
365195,train
1700911,train
250584,train
206774,train
100811,train
241216,validation
416336,test
665273,train
1738426,train
747459,test
1290291,train
1321525,train
354102,train
1838847,train
1172672,train
1936585,train
1078098,test
433231,test
1778842,train
1113654,train
1174680,train
1341315,test
1058396,test
1079773,train
30638,train
1197642,train
1700500,train
1997044,train
1875533,test
44381,train
397592,validation
1224364,train
898366,train
696615,validation
132705,train
1211946,test
664111,train
1310397,train
137582,train
2254819,train
620991,train
892147,train
1313437,validation
2024352,train
1281912,test
1926145,train
1218232,train
1665355,validation
1210799,test
176513,train
1032322,validation
1762088,train
188331,test
98825,validation
1352045,train
306777,validation
2129946,test
1850512,validation
335056,validation
1908944,validation
2053144,train
714045,train
1018293,train
1641983,train
2228604,train
895258,test
1576780,test
1525689,train
1907691,train
1199882,train
2137417,train
1253079,validation
265105,test
1153108,test
1256612,train
666743,train
394828,train
1174017,train
986319,validation
608207,train
306557,train
1979483,train
2218522,train
2116390,train
253671,train
1077192,test
110857,train
1896879,test
971437,test
1071397,test
2035244,validation
1823933,test
1637758,train
30331,test
1884193,train
2150508,train
1245531,test
1994890,train
273350,test
1238220,test
113558,validation
1994865,validation
1274380,validation
46814,train
1012779,test
557061,train
1266252,train
1812713,train
280573,test
1124611,validation
947715,train
1822255,train
702662,train
616355,train
2202479,train
151622,train
65609,train
248660,test
741533,train
139483,test
448912,test
944951,train
1057221,test
1068417,validation
295655,train
234842,train
729364,train
28782,train
1754708,train
132963,train
357648,train
1323749,train
25047,test
1036584,train
263192,train
1410863,train
2020923,train
971928,test
1621670,train
895565,validation
362342,train
1212279,validation
620196,train
1058096,train
101746,train
1860725,train
133991,train
464121,train
1636544,train
718375,train
1963340,train
1771510,train
38108,validation
1147281,validation
407121,train
1928268,train
1783026,test
721648,train
328259,validation
1277040,train
878475,validation
1566658,train
1348421,test
393327,train
173542,train
153555,test
1491471,validation
47685,train
1857595,train
574676,validation
1296342,train
2162522,train
155631,validation
395205,train
622857,train
1491143,train
639709,train
1198365,train
1855366,train
107749,validation
397318,train
1208647,train
160707,train
81087,validation
867619,train
973689,train
1929367,train
1804699,test
1747347,test
1924505,train
654403,train
1813816,train
734337,train
1164063,validation
1899785,train
913615,train
206340,train
1346928,train
44784,train
1858721,train
240123,train
1952927,test
1020535,validation
1001744,train
1325009,validation
1617748,train
12218,train
1129250,train
1802609,train
40355,train
736230,train
332053,validation
2212752,train
1303919,test
1305023,train
595817,train
1136320,train
2257483,test
1339848,train
1800771,test
1624900,train
1133019,test
1581416,validation
1814876,train
261536,test
2245435,train
1137875,train
2026359,validation
1735993,train
1852575,train
1787645,train
2005708,validation
1662046,validation
608206,train
1065232,train
291142,train
2013450,validation
1777979,train
273801,train
1214100,train
1797701,validation
938843,test
266252,validation
619437,validation
1053727,test
2078480,validation
77445,test
70746,test
1650658,test
295039,train
1131207,validation
235341,test
578847,train
497855,train
1851978,test
1049460,test
334228,train
1291012,train
740530,train
1054258,test
245472,train
327018,train
1291950,train
1106775,validation
31185,train
1213921,train
2256601,train
1633126,validation
1856768,train
156001,train
1777703,test
211257,train
1160964,train
1052319,test
10174,train
885934,train
1008752,validation
1129620,validation
1183014,validation
111465,train
1794350,train
1833599,validation
300815,validation
981471,validation
928425,train
1182975,train
1155998,test
1016936,train
1719497,train
1197314,test
1156297,test
652052,validation
243994,train
314441,test
200784,train
2049359,train
528785,test
62130,train
352154,train
116929,train
1025442,validation
1637871,train
337536,train
1323072,train
1247661,train
2007104,train
1065582,train
202617,train
1897285,train
551751,train
1869547,train
376124,train
42412,train
1304505,test
694052,train
190461,train
1939138,train
412873,validation
999859,test
1946465,train
2143737,test
1128071,train
1617371,train
1341820,validation
2070070,train
1156436,train
726471,train
574126,validation
1659299,validation
1254040,train
1229430,validation
2255593,train
578294,validation
62492,train
373802,train
54998,train
87656,validation
1089637,train
310648,train
989253,train
2038411,train
1345507,train
356536,test
26733,train
759502,validation
410691,train
228806,test
278229,validation
127628,train
1911375,train
1099339,train
2185534,train
2092549,test
1738244,train
320340,test
166518,train
367064,test
1060591,test
1846330,validation
1274198,train
1265722,train
2001494,train
36391,train
1621019,train
1696814,train
1986857,train
1839042,train
1161242,validation
1247369,train
350886,validation
2204313,test
140532,train
1758808,train
137613,train
376160,test
1322129,train
2121885,train
1006172,train
918927,validation
404108,train
1911288,train
1064289,test
340070,test
348940,test
1948392,test
910198,validation
429412,train
887345,train
2070155,validation
328899,train
682164,train
1935222,train
1767716,train
2217270,validation
1691327,train
154491,train
1320995,test
359584,train
1070538,test
2246039,train
1625311,test
2037664,validation
1169879,train
12108,train
1497201,train
1821945,train
2021963,train
270587,train
242526,test
1231507,train
1647330,test
1853580,train
1921916,validation
1916060,train
2010503,validation
391372,validation
1734673,train
1130753,train
592393,validation
138746,train
38518,test
1926014,train
2170506,train
55939,test
1099704,validation
323123,train
1852234,train
1210257,validation
748173,train
1103016,validation
895031,train
1290690,validation
436295,train
43522,train
615288,train
406884,test
1182587,test
1121901,train
2042548,train
73093,train
1265146,train
333098,train
2136480,train
1874417,train
1095658,train
1091349,train
1341325,validation
392129,train
249044,train
1854168,validation
1139323,train
1057887,validation
21041,train
7663,train
192612,train
1920510,test
1172396,train
412582,train
2228643,train
1646277,train
1854786,test
663137,validation
392217,test
1304765,train
732447,validation
1623175,train
1883319,validation
1829847,train
56895,validation
271995,test
247594,validation
414781,train
2003855,train
140951,train
1157242,train
230590,train
1944570,validation
1858358,train
1937648,train
2016618,train
215837,train
296056,test
2241629,validation
1220738,validation
8832,validation
1096386,test
2243012,test
2147340,test
263112,test
87249,validation
1015430,train
1920489,train
373473,train
1027578,train
63573,train
1641746,train
384430,test
685014,train
367133,test
240506,validation
1891497,train
2251582,train
2058502,validation
1025210,train
1153127,train
889518,test
1281384,validation
1282127,train
1865388,train
1948812,test
1680572,train
1289146,validation
1325964,validation
547359,train
18021,test
1004067,train
1806632,validation
532425,test
2211395,train
677683,validation
1958134,train
1792323,test
968928,test
928618,train
2094710,train
1972525,train
390310,test
1261843,train
1615028,validation
191826,train
1334784,train
1577163,test
413817,train
1973883,train
1197694,validation
2208730,train
998788,train
619221,validation
1325870,validation
1739340,train
2201421,train
376641,train
320313,train
924790,validation
1780950,train
1204995,train
1635325,train
1219152,test
1349491,train
1769948,train
1338000,train
303070,validation
987729,validation
1143174,validation
1191361,train
4655,validation
1006611,train
612736,test
1870366,test
1940372,train
365964,train
655606,test
1962115,validation
1539900,train
1002462,train
312068,train
2250834,train
2036550,validation
31889,test
2179448,validation
1790968,train
1273879,train
201383,train
919826,test
731398,train
2193350,validation
972105,validation
400959,test
1635600,train
342887,train
2223531,validation
996082,test
1469602,train
1904489,train
1985329,validation
1816003,train
1889245,train
2206672,validation
1048327,train
310354,train
1249006,train
522755,train
975649,test
1896722,test
621178,test
591242,test
1867705,train
2147886,test
1668801,train
532765,validation
1816954,train
213268,train
1929019,validation
698801,train
221139,validation
255604,train
1257165,train
1849345,train
1488164,test
727630,test
1939408,train
258541,train
283997,test
199643,train
1918410,train
322163,test
1224682,validation
207045,train
115193,train
1139344,train
1097685,train
342340,train
567292,test
1217166,test
1841583,train
2069950,train
2026964,train
1189682,validation
1655962,train
103212,test
193944,test
1160160,validation
1752072,train
1773304,test
569514,train
2192179,train
406062,train
1230115,test
676778,train
1077775,train
1912604,train
1178474,train
1128634,train
1152390,train
1645198,test
322031,validation
1000684,train
1755278,train
1184864,train
1200150,train
1026618,validation
1896931,validation
1863091,validation
1636069,train
157370,test
634942,test
308316,train
1627807,test
391584,validation
2201342,train
387692,validation
2158301,train
1892595,train
263619,train
593017,train
1127624,test
1030629,train
689402,train
323977,train
2198824,train
1177833,train
994364,test
11146,train
1524720,train
1149358,test
1813038,validation
1207611,test
1268649,test
374573,validation
288266,test
714259,train
401611,train
243401,train
332175,train
1102757,validation
304024,train
354542,test
1279344,test
382241,test
195580,train
1295332,validation
609607,train
1811614,validation
2082156,train
1116234,test
392124,test
331291,validation
601190,validation
1636513,train
1962240,train
146218,train
2225823,train
841581,train
107659,train
1831041,train
1061662,test
1621885,train
861368,train
307485,train
1131180,validation
1640107,test
1249863,train
1230439,train
1825871,train
1061145,train
820383,train
1812070,train
2150948,train
664902,train
1868948,test
1895999,test
1125341,train
2240514,test
2041844,train
3695,train
604349,train
1820220,train
1673561,train
1894121,train
1072628,test
113254,validation
1269392,train
970721,train
728358,test
1758729,test
1083834,train
164557,validation
1760443,train
2246540,validation
1716310,train
1195167,train
109973,validation
1082295,test
2010397,validation
1984927,train
771433,train
2051828,train
1122268,train
1274801,train
396020,test
1910854,train
1293943,validation
2233208,train
376600,train
2145489,validation
1147032,validation
1300272,train
123758,validation
1818603,train
2171845,test
405798,train
1347139,train
1295996,validation
1608463,validation
817886,validation
1317358,train
79429,train
1824459,train
1888311,train
1113214,train
1164048,test
595551,train
1761470,train
184407,train
198800,train
1296286,train
1725133,train
382688,test
1689894,test
1730837,validation
1858815,train
1140305,train
1260559,validation
271078,validation
1654906,train
171129,train
894706,validation
386498,train
255489,train
697568,train
2248158,train
209060,train
1089631,test
1288760,test
1842045,test
1222103,train
1131353,test
1681493,train
1099900,validation
556386,train
1795702,train
1212714,test
134761,test
1344366,train
1081379,test
1215664,test
374053,train
46510,train
548363,test
1847358,train
1648155,train
1773922,train
1236719,train
1341083,validation
1618176,validation
1383552,validation
302060,train
350692,train
1128471,train
1165383,validation
107653,train
2028158,validation
80434,train
1098062,train
1925871,test
1200573,train
1919219,train
1015207,test
187363,test
1051971,validation
1632742,train
1784937,train
2214836,test
415767,validation
1349899,test
956784,train
1030970,validation
208153,train
2140010,train
1840140,test
309876,train
247434,test
1293695,test
1559770,train
714435,train
712378,test
1020210,test
91239,train
656515,validation
602291,train
158073,test
1262358,train
1753290,train
696744,train
412868,validation
1932632,validation
237600,validation
1067679,train
1243601,validation
1649536,train
1831448,validation
119691,test
1842156,validation
193408,validation
1111396,validation
1352104,test
486867,train
295625,validation
889950,test
107419,train
1068146,train
1705038,validation
1161311,validation
250217,train
155001,train
181285,train
1182730,train
1202102,validation
2171066,train
1111742,train
1517199,validation
412235,validation
2004105,validation
1047579,train
1084612,train
637969,train
1217615,train
1321260,test
405001,validation
1049323,test
1145280,train
628654,train
903631,train
1765022,train
190343,train
70714,train
1115198,train
632111,train
1107133,validation
261186,train
1672668,test
906795,train
1930532,train
1627884,train
858602,train
672279,test
1251375,test
1901151,train
342142,train
1619432,validation
679953,train
1307362,validation
136691,train
2122518,train
1630511,train
634330,train
1238287,train
2062776,train
1027367,train
1108918,train
79095,validation
302039,validation
1146471,train
443626,validation
1817697,test
1152542,train
263221,train
1006302,validation
1820203,validation
1617035,train
748152,validation
285348,train
226797,train
53279,validation
2157726,train
377983,test
283274,train
1621367,validation
1167057,test
1163201,train
1515659,train
1242665,test
1876188,validation
1865448,train
1308611,train
1189405,train
2091275,train
1092841,test
527939,validation
991996,train
48300,train
691424,train
898764,train
2023959,train
1243883,validation
1695304,validation
235374,validation
1258862,validation
2049070,train
696162,train
1785719,train
1797627,train
1625872,train
95301,train
1310570,test
144561,train
49362,train
1885014,validation
409226,test
1819309,test
1275230,train
924505,test
1348764,train
248638,train
1099990,train
1312520,train
711406,validation
313846,train
598800,train
291646,train
1093193,train
737747,test
384560,test
1964960,train
423373,test
260714,test
2152935,train
1927047,train
1062193,train
2251458,train
1888061,test
1084581,train
1843782,validation
1251556,train
2007253,validation
268721,train
2200435,validation
1242563,train
1265141,train
1854721,train
58061,validation
1898467,train
2113637,train
2222005,validation
1092567,validation
492439,train
1264092,train
2190767,test
1107254,train
145772,train
378833,validation
2135107,validation
2185702,test
1112925,validation
79228,test
1876889,train
1892715,test
1757046,train
1744764,train
1237410,train
210649,validation
1809685,test
2238192,test
323406,train
1128403,test
951483,train
1206783,train
1106204,validation
214123,validation
661824,train
1005108,train
350723,train
27671,test
349241,train
1161763,train
1637809,train
1825451,train
1228608,train
2259741,train
103591,train
239567,validation
344901,train
592835,test
698454,train
2250351,train
2108062,train
1889166,test
1050864,train
1177301,train
1783926,train
822124,train
1863439,train
339053,test
1074726,validation
722950,test
586433,test
46352,validation
1799042,train
1890454,train
1192908,test
1917758,train
1208973,validation
395933,validation
1068104,validation
1156821,validation
2197901,test
1138094,test
1902351,train
1789112,test
42194,train
1643224,test
1257942,validation
1673859,validation
477158,train
1087703,validation
1782864,validation
1136686,train
1312692,train
2822,test
1704061,validation
1247203,test
1518386,validation
1096024,test
621442,test
1832856,train
1615862,train
1128481,train
1786114,train
687546,validation
197831,validation
1229743,test
1831684,train
717908,train
1914509,validation
1331818,validation
1854999,train
906724,validation
368713,test
1304094,train
1842233,train
284784,test
1237319,train
1861483,validation
1252700,test
1172996,validation
1181211,train
2140500,validation
2003773,validation
98157,train
1853626,train
97870,train
334631,test
1576617,validation
145453,validation
1785056,validation
1835037,validation
2189944,validation
386813,train
1844841,train
1761320,train
181566,train
1784795,test
1559021,train
1056920,train
652439,train
353784,test
1623790,train
1138044,train
223968,validation
161023,validation
1711435,validation
915404,train
664528,validation
17651,validation
1956625,train
1210783,train
1108058,validation
408146,train
815976,validation
213068,test
280673,train
662189,train
1158395,test
2134161,train
945916,test
1909717,train
325900,validation
417767,train
1566231,train
1029281,train
2217190,train
571656,train
441653,train
1249805,validation
1328478,validation
2196167,validation
1931324,train
53963,test
1053639,train
598272,train
1861045,train
107945,train
1103922,test
290538,train
1901725,validation
1742434,train
9181,test
1926875,train
819570,train
1923918,train
1010222,train
215770,test
1070775,train
1626373,train
94329,validation
1673984,train
375129,train
459940,test
1185365,train
1071578,train
1104151,train
1750894,train
1961529,train
1984648,train
182760,validation
1882626,train
31282,train
1772891,train
1527803,test
1861143,train
1745429,train
1804436,validation
325045,train
1256888,validation
1789057,train
673447,train
17048,train
1241273,train
1808176,test
1832506,train
2236380,train
1109326,train
1236188,validation
2166184,train
467092,train
1023499,train
699555,train
545792,validation
1329002,test
2011381,train
413676,validation
1100415,validation
1308169,validation
509483,train
1691321,test
1336520,train
1908554,test
466221,train
1160615,validation
2122313,train
1250683,validation
370870,validation
1029558,train
2260646,train
2234322,train
930048,train
247084,train
1633142,train
1331222,train
1810756,train
60142,train
1637136,train
964522,train
556220,train
159584,train
1996156,train
1763214,test
2009835,test
65031,test
1940291,validation
542518,validation
203530,train
1886386,train
1824183,validation
1057266,validation
1929392,train
1290128,train
1170777,train
390494,test
243123,train
1900336,train
284245,train
1778380,validation
1097303,test
290506,train
403017,test
1171284,train
992928,test
1073497,test
1147660,train
1806170,train
1258973,validation
74571,train
1490704,test
980286,train
1326643,train
1211219,validation
1729103,validation
983286,train
83556,test
2001085,test
982764,train
61812,train
49200,train
86456,train
42260,test
2125155,test
1276979,train
1801172,train
226777,train
16602,train
1319011,train
1739072,validation
1867239,test
540837,train
340741,train
16155,validation
2204416,train
1832895,test
1790672,train
204699,train
1733013,train
1833849,validation
1848495,train
1238962,train
700883,test
92315,test
608496,train
189583,train
307679,test
2166070,train
1142701,train
1721367,train
1971582,test
275475,train
1906228,validation
1003817,train
285719,train
1338805,validation
1427031,train
190080,train
1155887,train
297958,train
1825313,train
33079,train
1835630,train
397177,test
14618,train
1685656,train
1145172,train
645550,train
1966476,test
326792,test
699801,train
478445,train
1638040,train
418295,validation
385063,train
1204350,test
366087,train
276854,test
350109,validation
1162472,train
2117001,validation
1015320,train
153065,train
364812,validation
1332845,train
344502,train
1958458,validation
1351784,validation
1094082,test
475801,train
2049239,train
1042327,test
1991854,test
370062,train
2236360,train
1678642,train
1894136,test
1262540,train
745402,train
328362,train
1762866,train
28494,test
1260813,test
1989957,train
1553277,train
1937401,test
364607,test
703174,train
1819954,train
1875276,train
1050078,validation
1790326,test
288251,train
166524,validation
973246,validation
309537,train
1114592,validation
1070225,train
250629,train
264849,train
2163219,train
2099126,validation
1050649,train
1762223,train
417800,validation
105770,validation
903507,train
111969,train
720737,train
1259520,train
2136038,validation
1980654,test
232015,validation
210126,test
2187314,train
964917,train
742764,train
958092,validation
1310977,validation
2145049,test
1843698,train
92732,test
1893893,validation
916919,validation
66786,test
83530,train
2260567,train
1292629,validation
2247919,test
2072647,train
1269891,test
1236614,train
1689948,train
390710,train
185537,test
320596,train
1824363,test
105091,validation
1906589,test
1854991,validation
1257224,test
1985763,train
364551,validation
1188805,validation
1846976,train
1860053,train
996577,test
714689,train
1215181,train
1096747,train
1067190,test
162910,train
1971706,test
1028402,train
27090,test
58377,test
464633,validation
1858205,test
50474,validation
34206,train
2052226,train
1662261,train
231036,test
1241342,test
32319,validation
54300,train
651544,validation
1952386,train
610370,train
151855,train
1207007,train
1962128,validation
375834,train
1091405,validation
1878876,train
344979,train
1901413,validation
1617451,train
337817,train
2428,validation
435681,validation
335834,test
1791146,train
14632,validation
1173348,validation
1492230,validation
1275426,validation
398501,train
139964,validation
1683516,train
2204431,test
60975,validation
87024,validation
20740,train
2131138,train
1304687,train
1240204,validation
599906,train
2220499,train
1835659,train
1778744,test
1795980,train
1110641,train
191527,validation
373388,test
1319441,train
1495062,validation
1161103,train
1251239,train
83439,validation
1651554,train
1849817,test
1740546,train
1306125,train
78173,train
943532,train
98707,train
1726129,test
704963,train
981625,train
1023413,train
1310981,train
599351,train
1827532,train
1805463,train
1198968,train
714705,train
1862121,train
1635324,train
1893858,validation
1972259,test
337495,validation
408719,test
2251553,train
1887045,train
925835,train
1831816,train
1639015,train
1246743,validation
1023288,train
376178,train
991837,validation
1021219,validation
1818248,validation
178204,train
1870688,validation
1967684,train
1190437,train
306105,validation
236342,train
999925,train
192336,train
1897969,train
78900,test
371554,test
1343795,train
346937,train
1970787,test
1883968,train
656248,train
658074,train
1991551,train
624388,validation
734078,train
1669397,train
912535,train
949087,test
44684,train
114038,test
1342280,train
115030,train
909279,test
248600,train
1016790,train
1146990,train
600564,train
381836,train
334356,train
1128970,train
1481664,train
1742283,train
1181868,train
2002073,train
1199926,train
747100,train
185682,train
2157739,test
1861724,test
1734219,train
327229,train
2181727,train
789208,train
402295,train
1846809,train
2005517,train
2061788,train
271694,train
2237473,train
1195313,validation
1799437,train
1769795,validation
507193,test
1015888,train
1249007,validation
49388,train
1043164,train
10578,train
173184,train
1706302,train
1115985,validation
1072955,validation
267005,train
377959,validation
1370511,train
427976,test
1299906,train
1615483,train
108714,validation
904329,validation
1263998,train
892547,test
1801354,test
1668585,train
1775207,train
106687,validation
1308939,validation
126008,train
503730,validation
274091,train
127824,train
1334397,test
1792543,train
681450,train
2212902,train
1902940,train
349785,train
718411,validation
1696205,train
2173480,test
1662260,train
1064347,test
1236483,train
25999,train
766805,train
1628933,test
1101608,test
1162510,test
1619465,validation
1828442,train
83208,train
1249140,train
475284,test
731748,validation
1714498,test
1762246,train
1899322,test
1277361,train
1240471,train
1883249,train
1269409,train
989916,train
888398,train
719411,train
664612,test
1081022,validation
201500,train
1886728,train
2223896,train
1944910,train
1792346,train
169117,train
1089903,test
54619,train
410391,test
427408,train
216934,train
1993326,validation
1327913,train
1804142,train
101123,train
1650599,train
991654,validation
1957443,validation
1819884,validation
1037848,validation
781551,train
38597,test
203820,train
980011,train
665990,train
2157268,train
60339,train
311982,test
1894689,train
84340,validation
133514,validation
37073,validation
409533,test
122559,validation
350554,train
362586,validation
207246,train
388534,train
1280657,train
953318,train
31657,train
1229581,train
239828,train
1770680,train
498486,train
1225763,train
1239528,test
1096407,test
59460,validation
723919,validation
1885944,test
313766,validation
1705574,train
1327657,test
1127259,validation
660916,train
574045,validation
1772532,train
293986,train
1832319,train
1120872,validation
14826,test
2150502,train
1297992,train
72053,validation
2131994,validation
1250194,train
999918,train
2011752,test
1274098,train
1902321,test
398668,train
2041494,train
1854631,train
1103426,validation
1271364,train
1797741,validation
924399,train
1923105,validation
1570358,test
1105090,train
1287406,train
1698942,test
1799349,test
1210332,validation
892168,validation
383612,train
264960,train
1831489,test
1246416,test
494823,validation
1340598,validation
236790,train
1008239,validation
1879388,train
105802,train
397438,validation
159056,validation
1084698,validation
675985,validation
392729,train
253451,train
1884236,train
1841000,test
1111856,validation
163582,train
1015272,train
1249632,validation
943944,train
76056,train
1238927,train
220465,validation
535953,train
1348428,test
1811200,train
223277,train
1796076,train
120870,validation
1781729,validation
673456,train
1307199,train
1345704,train
1997409,train
1173083,train
2065644,train
1792281,validation
1623130,validation
240707,validation
1142063,test
1055781,validation
1920745,validation
1735639,train
719250,train
334546,train
1162002,train
1954766,train
141828,validation
50465,train
419711,train
2127868,test
1602873,test
1008074,validation
1196229,train
986666,train
693062,test
1023100,test
283627,train
615571,test
1459488,train
915416,train
668408,train
1917733,train
337808,validation
132608,train
1318387,train
1772479,train
1241858,train
388844,test
1041397,train
728228,train
1276428,train
58400,validation
1645982,train
1636348,validation
1019206,train
537742,validation
942114,validation
1884725,validation
1100921,train
2087227,train
109828,train
1132564,validation
736762,validation
26762,train
1144693,test
166972,train
1626185,validation
1283512,train
1190736,train
1592993,train
1005655,train
1842426,train
218162,train
8298,train
1118151,test
1062515,validation
1764272,train
36404,train
1919854,train
254534,train
1126780,train
950729,train
1058915,test
185944,train
185602,test
1612755,train
164638,test
386353,test
1616141,test
1070475,train
696345,train
1139590,train
1522267,train
3295,validation
304864,train
1985414,train
1740860,train
1712885,train
226176,train
70497,train
1089521,train
1632618,train
1616890,train
1258045,train
378869,train
919170,train
1945650,train
237460,train
1205340,test
1831971,validation
686482,train
2037956,validation
1893218,train
294896,train
459696,train
384224,train
1131523,test
429024,train
378176,test
959280,train
1830434,train
1066215,train
2177049,train
375385,test
1612390,train
1106013,validation
1621284,validation
130329,validation
1088175,train
86444,train
1940888,train
624029,validation
231803,test
1953460,train
294060,train
411994,train
2251267,train
1898771,train
2081277,test
695212,train
1739323,train
2197765,test
121486,test
1768240,train
221421,test
577092,train
916634,train
1125519,validation
1181348,validation
1918347,validation
1273423,validation
141148,test
539565,train
2135929,validation
2133063,train
22079,train
721931,test
1054117,train
1781112,train
223242,train
2105291,test
902401,validation
196993,test
1286788,validation
332756,train
1613452,train
1971619,validation
1211074,validation
1088775,train
716956,train
1108188,train
1081689,train
1718349,train
263798,train
1984985,validation
1092162,train
704609,train
2249720,test
939047,validation
2210512,train
35714,train
379718,train
1946831,validation
2092813,test
1531173,train
176743,train
1778345,validation
1716127,validation
1507180,train
1632164,validation
291398,train
549395,test
949159,validation
492243,train
489101,validation
77842,train
1704989,train
2006465,train
1238175,train
338613,test
1194491,validation
1168592,test
59952,train
2096940,test
1647685,train
151946,validation
149549,test
1600624,train
1095633,train
1310983,train
1332781,train
208099,train
1671468,train
385544,train
295072,train
1283549,train
2195545,train
1768436,validation
565342,train
1107339,train
172632,train
998312,train
1324872,train
1887087,train
1039052,train
1330400,test
685024,validation
314917,test
2223091,train
1634173,train
1484838,train
1836254,train
1085391,validation
685651,validation
7549,validation
1860057,train
71038,train
1935944,train
722534,train
715531,validation
694021,test
1529345,validation
254545,train
1057939,train
1856304,test
42118,train
1794275,test
691349,train
385024,train
1974455,test
1349202,train
176419,validation
60300,validation
926353,test
1620524,train
2212594,test
105408,train
88049,validation
1080400,test
1639467,validation
2001845,train
1132018,test
1853175,test
1230469,validation
1325962,validation
124635,train
1857469,test
127119,train
380528,validation
112809,validation
106999,train
1160167,train
70267,train
171135,test
1046839,train
38411,train
637362,validation
254024,train
1760543,train
121478,validation
972973,train
503305,test
398709,train
2014642,train
40516,train
1091249,train
2210062,train
2184910,test
302152,train
1106994,validation
142043,train
1183957,train
1172030,validation
1825229,train
424120,train
327289,train
1720717,validation
1430718,train
259997,train
2031965,train
488358,validation
1320239,train
1650520,test
574496,test
1983156,train
1974075,test
1856759,train
1875213,test
1284303,test
1857116,test
167562,validation
1944606,train
1295666,train
1618923,train
576080,validation
693256,test
271059,test
711375,test
2166361,test
414778,train
138904,train
1982593,train
1666934,test
2134605,train
694673,train
270698,test
1790627,train
29494,train
1837921,test
1027659,train
1924481,train
1217659,train
1220688,test
1202119,test
1127222,train
693228,test
2018005,train
1650853,train
1743756,train
1232607,test
1093628,test
319451,validation
238061,train
62188,train
2016656,validation
1263460,validation
1709185,validation
1335802,train
1649640,train
1746231,train
1007848,train
30577,train
1048944,train
1544825,train
290756,train
1346341,validation
1664285,test
112089,test
1223014,validation
48428,train
1729352,test
368686,validation
679417,train
948898,train
110522,test
664767,train
1074484,validation
1931805,train
987792,train
1877174,train
74337,train
2207679,validation
2232049,train
744655,validation
21733,test
380481,train
1283221,validation
1267350,validation
2001071,train
351454,validation
45465,test
1060945,validation
1651103,train
1261561,train
1858262,validation
1957316,test
98199,test
1070220,train
225259,train
356016,test
1345525,train
1241526,train
1054397,test
1008932,test
708742,validation
35243,validation
2198342,validation
1273077,train
263036,train
728948,train
222463,train
241966,train
1900878,train
1106918,train
738829,train
105496,train
170530,train
407026,test
406611,train
169289,train
1030159,test
1858747,train
1316081,train
363675,test
12050,test
118535,test
302061,train
539592,test
391783,test
93416,train
1059834,train
927920,train
90005,train
1625791,test
88101,train
229472,train
332888,test
1270566,train
1826485,train
1863738,train
1256734,validation
1710698,train
299395,test
1899002,test
1250233,train
312218,train
1684966,train
383744,train
1293961,validation
2149858,validation
398653,validation
2243572,train
290185,validation
682154,train
1149997,test
174703,train
1852645,train
1229214,train
304833,test
165687,validation
633664,train
122566,test
174440,train
1259072,train
1105087,train
35008,test
1542050,validation
1792274,train
1862511,train
237391,train
1311125,train
1769755,train
1866579,validation
121711,train
713593,validation
1867543,validation
2185690,train
1719150,test
456069,train
586677,validation
1170940,train
741204,test
412054,train
1157169,train
1149197,train
1665809,test
105460,test
1084024,train
1931122,test
1883961,validation
347236,test
2131529,test
1768248,test
1138262,validation
1299343,train
730540,validation
1051616,train
63519,train
318944,test
2065009,train
398144,train
148771,train
2049033,validation
1643881,test
2005531,test
1206207,train
1886716,test
147909,validation
192840,train
2068295,train
1133181,train
611500,train
40119,train
878032,train
1020423,train
1211694,train
199602,validation
1962975,train
297265,train
286380,validation
111807,train
152329,train
68874,test
418399,train
1768261,train
1927018,train
1126617,train
1315465,validation
1338075,train
1657919,test
271959,train
1782782,validation
1635405,train
190980,train
1343551,test
980884,validation
133904,validation
1963228,train
91682,train
1937844,test
1349595,train
1727689,test
1255812,test
537293,train
1060567,train
1316638,train
1837353,test
1898606,validation
962681,train
1323843,train
1759552,train
95177,validation
107692,validation
416140,validation
121504,train
1218374,train
1845669,train
1180730,test
638985,validation
1898001,test
1019322,test
456236,train
996364,train
622081,train
85483,train
1342308,validation
185170,train
1939561,train
1896527,train
2119861,train
187562,train
1267438,train
1021825,validation
1299079,train
1127660,train
1328,test
1303494,test
179348,train
1698195,test
232174,test
2233729,validation
17585,test
757177,train
666537,train
1317048,train
191306,train
1221656,validation
405258,validation
470437,train
682684,train
1326074,test
83233,train
2207426,train
1851890,test
1544838,train
1695136,train
543222,train
716328,train
29611,train
1203574,train
1246191,train
1857510,train
161736,test
2007969,test
1992018,validation
1213356,train
60184,train
1535586,test
2166012,validation
591287,test
171466,test
895141,test
369058,validation
988044,test
260719,train
504875,test
334524,train
1628390,test
1260017,train
1849646,test
1753123,train
1972007,validation
1884135,validation
604801,train
1867485,train
187693,train
1813476,train
950635,test
123212,train
165328,validation
990049,train
2013906,validation
1927172,train
1226018,validation
248861,validation
374716,train
1098845,train
1787662,validation
992998,train
487921,validation
1851096,validation
243098,train
1112175,train
1217833,validation
2069700,train
1281377,train
1853863,validation
1205606,test
1175695,train
1964895,train
406816,validation
1079439,train
1881634,train
945828,train
2256297,validation
955600,validation
112847,train
40446,train
664037,test
464287,train
1889967,train
408539,train
683570,train
405564,validation
198656,test
785229,train
1644852,train
980366,test
2163831,train
1783455,train
431578,train
107500,test
1013658,train
1089065,test
1244565,train
647614,validation
1193215,validation
573306,train
133520,train
717641,validation
1137918,train
1041533,validation
136306,train
1087934,train
453479,validation
537418,test
5252,train
1935748,validation
563087,train
1636067,train
1814143,train
1802977,train
200886,train
279699,train
1723452,test
1150923,test
432020,test
1737556,train
641504,test
962821,train
880029,validation
1313198,train
1935961,train
926176,test
1735569,validation
1277483,train
711512,test
505031,train
2098582,train
2085873,validation
1337887,train
1342063,test
1219549,test
673603,train
1990745,train
1921291,train
1911759,train
1153105,test
1089636,validation
1199364,train
1216599,train
14285,test
1912499,train
934183,validation
1745165,train
265116,train
858403,train
1157200,train
2229952,train
1875811,train
958781,validation
39954,test
1328124,train
62637,train
184102,train
401708,train
17523,train
1822011,test
2018923,test
225791,test
174426,validation
1240291,validation
1787888,train
1042633,test
1192187,train
1083745,train
1285202,validation
122660,test
224084,train
1861562,train
929345,train
1025426,validation
1313398,train
186537,train
16128,train
2244532,train
2170991,validation
1806645,train
143480,train
746169,train
1697853,train
400562,train
1068511,validation
1237684,validation
314885,train
1776783,train
376057,train
1141806,train
1040891,test
333751,train
157467,train
173826,train
63058,train
995269,test
1631931,train
478990,train
1894001,train
1115724,test
2094122,validation
1151983,test
954957,test
100015,train
1143261,train
278652,train
710351,train
116090,train
1877369,train
2242813,validation
1748625,train
346021,train
1791083,train
1762206,test
144485,train
1008011,train
488406,train
293706,train
631195,train
2031590,train
731429,test
126338,validation
841875,train
1026284,train
286496,validation
122963,train
1406794,train
597412,train
2001424,train
36984,train
2214345,train
958219,train
1088228,test
1179059,test
1255659,test
421038,train
1140466,train
2171740,validation
59359,test
601649,train
580196,train
2193646,validation
1306027,train
650934,train
74201,test
239294,train
647713,train
1125428,train
1330535,validation
2226882,validation
2182924,test
959353,validation
634619,validation
1855599,train
1046637,validation
222079,train
361773,test
90295,train
1325930,validation
1348371,validation
76859,validation
1102852,train
279773,validation
637253,train
1291047,validation
1643047,train
1870541,train
2080253,train
1181994,validation
1339811,validation
2231754,validation
153169,train
1209994,test
1799292,train
66513,train
1612904,train
46264,train
1754182,validation
1321989,train
1226409,validation
1988106,test
341445,train
1647960,test
171668,train
1451641,train
1140585,validation
1723772,train
89696,train
149056,train
1090385,validation
495759,test
1342414,train
1829031,test
1744831,validation
538425,validation
53569,train
350142,train
674239,test
85060,train
1944013,test
1040647,train
1883136,train
1814051,train
1473462,test
1334662,test
262208,train
1829528,validation
2112620,validation
1681734,test
1723121,test
1644568,test
158133,test
1923434,validation
1788382,train
2228360,validation
2127320,train
590631,train
1972506,test
1084251,test
1844115,test
649184,train
146004,validation
1657035,test
118785,train
1114936,test
1820299,train
327447,train
236217,train
1857483,train
660434,train
109267,validation
1974520,validation
694204,train
1854470,validation
1215372,train
51785,test
2171223,test
1161533,train
1938433,train
299517,test
72863,test
236510,test
1955282,test
1967697,test
12859,train
1624633,train
375301,train
720531,train
1282441,train
3891,validation
1734541,train
1929340,train
2089698,validation
281178,validation
1146319,validation
552317,train
1869028,train
1050782,train
357858,train
968507,train
1869815,train
160841,validation
1249911,train
2123966,train
900933,train
2095869,train
319559,validation
838293,train
1193695,train
1624227,train
14759,validation
1191734,validation
364442,test
1087414,test
1257781,train
1156525,test
1849977,test
2163055,test
248808,train
243233,validation
401105,train
1301953,train
1839231,train
1026542,train
1267951,train
1808436,train
2215487,train
1827357,train
1284505,test
2204832,test
2031363,train
1880,train
1320812,train
62696,train
1156013,train
1649365,test
1032155,train
2217345,train
1135484,train
1628728,train
1191018,test
337965,train
85929,train
216508,train
1120982,test
205548,train
1993159,train
1997711,test
1100417,train
422519,test
1792826,train
1198328,validation
1921902,train
504211,test
1948025,validation
1095333,validation
653370,train
890695,validation
1108709,train
738503,train
1106216,test
1012542,validation
694479,validation
835387,validation
987035,train
352704,train
1797617,validation
1229171,validation
687684,train
257188,train
112913,train
1771807,train
995856,test
147796,validation
1980949,train
487045,test
77308,train
2198053,train
1958635,validation
1217923,test
158905,train
338921,validation
852324,train
1591054,test
1777100,validation
57308,test
1238928,test
1105749,train
1616045,train
10993,train
508047,test
1001273,train
1315493,validation
36588,train
185718,test
2160357,train
1897596,train
1093053,train
1304256,train
1981740,train
1247209,validation
392657,train
386160,validation
2190346,train
1350187,train
192366,train
407118,train
1796917,train
905586,validation
1757366,train
17091,test
1633,validation
168872,train
1905144,train
75428,test
1792152,train
681379,train
65841,test
1021404,train
1657120,train
983714,train
298590,train
321430,train
64570,test
1852836,validation
1206587,train
2033360,test
403792,test
173478,validation
612668,train
867459,train
1103206,train
1940344,test
1080210,test
1877811,train
641307,validation
1920649,train
1084738,train
1842131,train
89702,train
2148228,train
1830537,train
1963577,test
1285842,validation
1791971,train
459372,test
371680,test
1702553,train
1635727,train
1171279,train
1740473,train
334615,validation
406221,train
2182632,train
380359,train
1917697,test
716832,train
1835897,train
1778381,validation
756996,train
2071497,train
199292,test
158855,train
1182143,train
1937518,validation
385904,validation
1055399,validation
182810,train
728634,test
1654887,train
192379,test
1114385,train
19856,train
281137,validation
1014754,train
205998,validation
1773208,train
738842,train
214057,test
1211518,train
2182159,train
1261286,train
93565,validation
1276883,train
1858549,train
1750124,train
1319865,train
1702986,train
1755290,validation
1703802,test
659897,train
706578,train
1828479,validation
459036,validation
189914,validation
739414,validation
688259,validation
383915,test
914249,validation
1012900,train
312524,train
603398,train
1216216,train
1050514,train
1685813,train
727734,train
1835577,train
306778,train
2184402,validation
1931858,train
326045,train
89073,test
1882735,train
321855,train
417131,test
58737,test
152062,test
1548763,train
67590,validation
1218021,validation
1704845,train
525236,train
1030275,train
1849789,validation
1906720,test
1100968,train
1197701,train
1220687,validation
997023,test
2156049,test
22774,train
230813,validation
297350,train
310730,validation
1236620,train
1877895,test
513837,test
1089691,test
2034091,validation
293225,test
255772,validation
929775,validation
1689543,validation
1945010,test
12062,test
55683,test
678718,train
1188688,train
609067,train
1918446,validation
2000778,test
206980,train
438758,validation
1613389,test
2106244,train
408014,validation
940910,validation
1132898,validation
527457,train
84961,train
683936,train
1118910,validation
1846001,train
1865875,train
211783,train
2201623,train
1282974,train
1301094,train
1646861,train
1756446,train
657288,validation
964825,train
1098893,train
1287767,train
1345778,test
1102768,train
997421,train
1707336,train
1133144,train
146285,test
171557,test
523817,test
1197786,validation
209881,test
1227896,test
1193304,train
1990969,validation
75688,validation
1070745,train
1929650,validation
541526,train
989459,train
1090442,train
2174892,train
1836194,train
326652,validation
1832426,train
1584685,train
664368,test
1886894,test
9759,test
2017922,test
638351,test
1034482,test
984924,train
1858668,validation
1111260,train
1711422,train
408845,train
1039824,validation
1712052,test
107723,train
1197565,train
1235715,validation
199224,train
153036,train
1279578,test
220640,train
1073109,validation
393943,train
403575,test
334850,train
34223,train
243969,train
1245536,train
1090030,test
1347055,train
1197740,train
1487354,validation
1087883,validation
740909,validation
1291865,train
1799449,test
1634248,train
113101,train
372969,train
1316773,train
115674,train
1849040,train
426825,train
730656,train
1053661,train
1129537,test
376774,train
1160705,train
1045836,train
2176707,train
346427,train
1926072,train
1898525,test
1169088,train
177101,train
694751,validation
2147832,train
201121,train
1303277,validation
1705861,test
477720,train
12551,test
317018,validation
1212880,train
1840277,train
386138,train
1679211,train
1465975,validation
1009154,train
94673,train
423167,train
345020,train
673699,train
271682,test
1262073,test
2027343,validation
178893,train
1315165,validation
1648203,validation
1644730,test
1761874,train
2027009,train
7037,test
2207654,train
1794883,train
1212588,train
613030,train
522478,train
227982,test
1147886,train
328509,train
297826,train
1614649,train
900749,validation
1935336,validation
49508,train
220424,train
1956498,train
216933,validation
422312,train
2241301,validation
863551,train
29109,train
1843256,train
1848148,train
1443007,validation
1293173,test
1924304,train
336064,train
1869137,validation
2243552,validation
284527,train
1110362,validation
1618639,validation
1101052,train
1945451,test
17586,validation
2063225,train
1252371,validation
84817,train
1002421,train
969951,validation
1809625,train
1801278,test
1929152,train
1171532,validation
1729840,validation
1997698,train
1975857,train
1037153,test
2088863,train
1110675,train
335448,train
1028380,train
1845752,train
1198247,test
1581299,validation
116053,train
286264,validation
561941,train
1839534,train
206971,train
1197942,train
1270932,train
63719,validation
944286,train
287376,train
1877556,test
1257479,train
1907874,train
961225,train
1899405,train
1737213,validation
1221869,train
153338,validation
12753,validation
1270914,test
1843731,test
240473,test
65940,train
202926,train
1314600,test
817333,validation
11171,train
2071381,train
1113836,train
1163255,validation
265466,train
652892,test
9775,test
1202942,validation
577825,test
1907844,validation
71304,train
972035,train
69965,validation
2212449,validation
144404,train
597223,train
988509,train
923583,train
154390,train
1272209,train
1623093,test
1236768,train
1342032,train
1098402,train
2232050,test
40604,test
659501,train
1213791,test
1884199,train
1643308,test
1226094,test
2248824,train
1075216,train
748040,train
89990,train
1243383,validation
477346,validation
1031250,train
1686931,train
1837521,validation
413879,train
1113873,test
324076,validation
301685,test
349432,train
1251777,test
1764168,train
1800619,train
1829861,test
1645053,train
1657217,test
1030697,test
1062945,train
31415,train
1047833,train
1873161,train
312143,test
1096310,train
1078017,train
388361,train
1680939,train
53354,test
1942484,train
1157611,train
1286970,train
1300991,train
1613589,train
1181006,train
1981162,test
1866019,test
1777531,test
97210,train
983215,train
1630633,validation
1895946,train
1077157,test
90069,train
349596,test
2211237,validation
1754379,train
122333,train
597378,train
1852740,train
1345903,train
715382,train
1025427,train
950996,train
2259599,validation
177510,test
586150,validation
526169,test
1882400,train
1932917,test
2201144,test
218437,train
1907757,train
504940,train
1080697,test
207918,train
322119,train
2197838,validation
1866310,validation
1258206,train
301639,train
1292854,validation
1244241,train
337591,train
2058859,train
48621,train
2225309,train
7343,train
1821032,test
766103,validation
1331633,test
1284291,validation
1000288,validation
1269265,validation
1780977,test
30260,train
894920,test
1682371,train
1337675,train
1633559,test
1866549,train
207838,train
98119,train
199279,test
1506582,train
2133444,train
39439,test
1282361,train
52850,train
1283848,test
1143778,train
1743094,test
995272,validation
1190715,train
1337428,train
1813473,train
1860395,validation
65648,train
616682,test
670106,test
673700,validation
1864441,train
1821695,test
627861,validation
709021,validation
1942249,validation
1916495,validation
363198,train
1281359,train
1836827,train
47342,train
110731,validation
1730253,train
665966,train
1777280,test
1923640,train
2030250,train
35028,test
1038632,validation
1903067,test
53370,test
707594,validation
245156,train
379539,train
1960921,train
1595215,train
99004,test
1134020,validation
1329515,validation
118133,validation
1866719,test
1878223,train
711524,test
246775,test
68297,test
1320130,train
1633444,train
705097,train
64592,train
106432,validation
1788555,train
1801542,test
352621,validation
142269,test
331942,train
63170,validation
1614827,validation
253574,train
252671,train
336579,test
1855681,train
287508,train
494895,train
1118588,test
1054196,train
372848,train
1848078,train
619134,train
921106,train
842334,train
581962,train
27583,test
1696004,train
176876,validation
1758560,train
305362,train
1332910,test
14437,train
133082,validation
1327802,train
1339055,train
1925171,test
598899,train
1126088,train
1215070,train
96078,train
1875990,train
1186963,validation
357341,train
1678493,validation
307623,test
923874,train
1786812,train
108781,train
129692,train
126105,train
1124780,train
320605,test
77403,test
1319716,train
355715,train
39765,train
1779115,train
1100400,test
688618,train
19190,train
1308882,train
190204,validation
2035021,train
1223523,train
1887231,train
416501,train
1307917,validation
1835026,test
293980,validation
1798157,train
1318592,train
411387,train
1826276,train
1231638,validation
967419,train
263930,train
1256267,train
140675,train
2259761,train
294172,train
46948,test
208892,train
1100225,train
1662876,train
1134973,train
800510,train
1342166,test
2201458,test
1797145,test
1866387,test
207061,train
1862406,test
1897919,validation
1920511,test
1815435,train
1842217,train
2161564,train
182087,train
2013694,validation
1360085,train
447195,test
744601,test
1260305,train
320485,train
323868,train
1057675,train
154310,validation
1185857,validation
1012561,train
447938,validation
996221,train
619800,test
116719,train
1954351,train
415986,train
1909628,train
1622037,train
896712,train
882742,train
1860769,train
1867886,train
743495,train
1216916,test
1674970,validation
1042167,test
621345,train
479296,test
1119298,train
229208,train
2258180,test
1175509,validation
2135533,test
407515,train
294560,test
1250837,train
2128058,train
62781,train
579496,train
1257237,test
1328533,train
415157,train
1279351,train
406706,train
1203406,validation
140032,train
1929798,validation
153066,test
1848463,test
1627077,validation
1730777,train
1086048,test
1055814,train
879439,test
1616162,train
1745981,test
887958,validation
728517,train
1622364,test
45542,train
1225642,train
185534,train
232895,train
419379,train
135031,train
1178978,train
1040631,train
1163194,train
1614184,train
2085496,train
2196546,validation
1499132,validation
201636,test
1803737,train
261413,train
913077,validation
1881962,test
141556,train
576691,train
560712,validation
1260157,train
1962775,train
1199107,train
93929,train
1647921,train
1924619,validation
2181632,train
664136,test
1634095,validation
1971001,validation
1198826,train
405285,test
60742,train
1300733,train
1853250,test
31715,test
712255,train
1955915,train
123613,train
1805510,train
1946993,test
1052019,train
1191087,train
1908056,train
236485,train
667173,validation
1111467,validation
1817139,validation
749192,train
198882,test
685058,train
224468,test
1190606,train
1861283,train
1794156,train
1239705,train
1784863,train
151367,train
329172,train
1310993,validation
1851497,train
94355,train
258699,train
1132312,train
679816,test
1935538,train
1257985,train
1788057,train
1224753,train
1174611,train
140328,train
2103011,train
1690670,train
2025665,validation
539707,test
1259008,train
2145845,test
512415,test
1272677,train
30085,train
677478,train
1892627,train
1922180,train
1287430,train
2213991,validation
189841,train
1258235,train
1776978,train
1153966,validation
1924905,test
378058,train
484188,validation
1345150,test
628523,validation
411136,train
1227496,train
2151088,train
1172439,validation
178046,test
1214309,train
558447,train
1339252,train
344944,train
235843,train
1151511,validation
994157,train
333510,train
64349,test
1748333,validation
128572,train
1984744,train
1249974,train
969423,train
1082246,train
1651402,train
1904803,train
1085504,validation
1158373,validation
45795,validation
1790087,train
2017739,test
60539,test
1123827,validation
406376,test
1767118,train
680339,test
1246704,train
280522,validation
46690,train
655352,train
268952,validation
742420,validation
610745,train
327561,train
1617913,train
231160,test
2215633,test
1925052,train
1139229,train
1154223,validation
1674086,train
97253,train
257679,train
1772320,validation
1121029,train
2092610,test
1887972,train
1881057,train
400552,train
17635,train
146005,test
1832731,validation
1643815,train
933861,train
1195675,train
250713,validation
1197622,validation
662090,test
832247,test
1979819,train
1072968,train
1244864,test
2221570,test
1036311,train
36870,validation
187581,validation
1308185,train
298374,validation
2201470,train
733909,train
2164222,train
1319051,train
415794,train
261069,train
1880944,test
278425,test
1775078,train
746814,validation
170138,validation
2251206,test
833,train
632891,train
1739302,train
1186658,test
1102640,train
2159508,train
1089809,train
1122983,train
340392,train
1072535,train
1771170,train
413344,test
1940528,train
399579,validation
1807506,train
687726,train
1804163,train
1248657,validation
1810554,train
72891,validation
1123515,train
1699433,train
186005,train
212593,test
2181098,train
590217,train
338410,test
2207965,validation
395856,train
775568,train
218331,train
1028748,train
1671485,test
1714508,train
2003638,train
987089,train
1958770,train
1640170,test
1197384,test
1043798,train
1905417,train
43020,train
703124,train
349983,train
1095901,train
702690,train
1174468,train
31781,train
2178822,train
1326970,train
135651,validation
1844736,validation
1076580,test
2148200,validation
1198920,train
173683,train
1026446,test
174068,train
2159352,train
189076,validation
2251462,train
1831705,train
1984415,train
1232114,train
1275699,validation
1063260,validation
1772153,train
1855420,train
995802,test
1146933,test
88489,train
1811117,train
167554,train
1132933,train
87297,train
237234,train
976703,train
1682693,train
1876197,validation
1788129,train
1642945,train
895187,train
1867433,train
1612759,train
1573,train
2068038,test
1871138,test
2177845,train
1280793,test
382404,train
799532,validation
553188,test
1336368,train
2174325,train
385039,validation
273558,test
1077544,train
2178836,train
57534,train
326584,validation
379859,validation
1045961,validation
661938,train
173905,validation
1328690,train
1915196,train
713446,train
1314203,train
1721820,train
1640042,train
2256498,train
1643327,train
1329933,train
1013328,train
1641162,test
1019304,train
11732,test
71462,train
1400202,train
1093290,train
1830324,validation
1253900,train
1214176,test
267311,train
666875,test
213512,train
2107184,train
2213845,train
404841,train
217914,train
936805,train
94531,train
1890660,validation
1633073,train
685467,train
1093781,train
1056351,train
1677198,validation
1268605,train
105346,train
1045319,train
1950019,train
174235,train
145253,train
238433,train
1217465,train
117869,test
1115061,train
1976765,train
1620714,train
178959,test
1759918,train
721391,validation
271236,test
1123251,test
513268,train
22195,test
1948944,validation
2222638,train
1884834,train
1138775,train
945949,train
84715,validation
2177067,train
1856889,test
398551,test
270712,test
1027562,train
1246051,validation
953245,test
1987003,validation
1827000,train
964753,validation
2180955,train
1851904,train
2255674,train
2249290,train
126636,test
679479,validation
828365,test
1312650,test
1633070,train
1685720,validation
1332201,train
264236,train
1697458,test
1134236,train
1913949,train
1072863,validation
1081860,validation
404850,test
21406,test
860130,train
148682,test
1150615,train
732031,test
1933647,train
1243096,test
246753,test
1137625,train
1999965,train
685376,train
408920,test
1785325,train
1032370,train
2224430,test
251768,validation
967043,test
1957626,validation
389613,train
1992214,train
15548,test
22509,train
606088,train
288910,test
270237,train
1871035,validation
1115901,train
889316,test
1226058,train
1884605,validation
2011096,train
91590,test
1206739,train
336766,train
1090269,test
1232694,test
65033,validation
2170417,validation
1170242,train
1300444,train
523873,train
2157382,validation
1887523,train
367610,train
339093,test
1311311,train
374496,train
2233270,train
406270,test
1785738,validation
54683,train
1830449,train
1027695,train
1485999,train
2231254,train
1159797,train
1873285,train
117543,validation
217115,test
1140134,train
1790201,train
1785851,train
1780835,train
1859100,validation
363361,train
1796761,train
1120897,validation
322061,validation
88084,train
1803877,train
137073,train
4425,train
1261717,train
1219922,train
324956,validation
342205,train
1678345,train
1085737,train
155236,train
17403,validation
1350619,test
737729,test
746300,test
689956,train
367846,validation
2079732,train
1799927,train
1838138,train
1182231,train
351434,validation
1303674,train
1844693,train
376059,validation
2017624,validation
1270600,validation
1119412,train
1118420,train
678015,validation
2229114,train
1196839,train
141621,train
1121354,test
1634091,test
1185695,validation
1035832,train
1319802,test
1292748,test
1719573,train
1194854,train
74358,train
1196816,test
1942283,test
267779,train
119443,validation
312686,train
1175751,validation
65357,train
1712688,train
1187255,test
1938577,train
1747670,validation
2124560,train
1033972,train
544,train
9986,train
131340,validation
1530162,train
7492,train
1238777,train
1584367,train
1394493,train
384395,train
283058,validation
573448,train
1312207,train
88894,train
73703,test
1274440,train
248539,train
297701,validation
1621089,train
1985586,test
2134836,train
1143691,test
66088,test
24565,train
1200816,train
1050378,train
1275033,train
1162616,train
1201868,validation
1900254,train
1993333,test
1614578,train
1273732,train
2147442,train
2162699,train
261012,train
674220,train
126786,train
1083530,train
1645134,train
416971,validation
1587168,validation
1218573,train
2162849,train
700287,test
729925,train
1051964,train
1788914,test
1893794,test
1171577,validation
1775682,train
2247131,train
1347659,validation
569604,train
1810700,validation
722426,train
1789802,train
319609,train
1585984,train
1997988,validation
2037653,train
1976456,validation
1700047,train
1168342,train
952733,train
1919994,train
734913,validation
1103880,validation
1864417,train
1986975,train
1069286,train
1335579,train
1215315,train
1735936,train
696013,train
1899138,train
33041,validation
1812788,train
2005151,test
417547,test
1711668,test
2030469,test
374606,train
1702135,test
1823197,train
542386,train
507583,train
1187250,test
701442,validation
1318342,train
1857032,train
1871747,test
1105242,validation
77378,train
25391,train
1835715,train
257038,train
1635552,validation
1254722,train
1901906,validation
618943,validation
1307828,train
880973,train
2064807,train
1340626,train
857648,validation
96107,train
175727,train
1173594,train
11058,train
1035044,train
1536040,validation
212914,train
88666,train
1058225,train
117673,train
252521,validation
2029141,train
1214581,train
376755,validation
1897450,validation
335272,train
2146885,test
1232209,test
297230,train
459906,test
190273,test
1764659,train
305802,validation
862396,validation
1106698,train
1202068,train
1947053,train
354813,train
1113381,train
402960,test
1130149,train
322290,train
476,validation
1075103,validation
107995,validation
268240,train
295102,validation
1089365,validation
1343011,train
1199153,train
590823,validation
520274,validation
483751,validation
22501,test
1022992,train
772239,train
1835228,test
2034087,test
1171815,validation
107560,train
1175781,train
2041794,train
1622226,test
569437,test
692101,train
723949,train
1038714,test
2032574,test
1114347,train
1075194,validation
396532,train
210663,train
1448002,test
2153540,test
318735,test
246980,train
1914886,train
10304,train
255354,test
1654591,validation
1018864,train
939767,train
121737,validation
1167133,train
1632189,validation
1014732,train
740516,validation
1203211,validation
356395,train
1081363,validation
147217,train
1176437,validation
1337757,test
1828545,train
286254,validation
2033466,validation
1062858,train
15058,train
1805099,train
952707,train
1339464,train
488539,validation
1250468,train
1869947,validation
11342,train
553703,train
738072,validation
1052263,test
148201,train
1622546,test
1887891,validation
1051723,train
321955,train
1913364,train
955559,train
264044,validation
1086823,test
76816,test
1947293,test
1225202,test
166611,train
117827,train
38242,train
998605,validation
312755,train
1222999,validation
2161719,train
197260,train
637945,train
49310,train
1659419,train
1790584,train
705985,validation
3241,train
55943,validation
217290,train
1168101,train
1201093,train
1626804,test
1281792,train
1256201,train
722498,train
184504,validation
1352263,train
171545,train
1254796,train
1645393,train
1817487,train
1984210,train
951440,validation
1013991,train
1837818,train
2095113,train
1880445,train
1260437,train
1258001,test
1823271,train
999851,test
295467,validation
305371,train
180334,validation
346712,validation
1713257,train
1137225,test
282804,test
1933182,train
1612962,train
1937254,validation
210287,train
1189089,train
165005,validation
1891504,test
1229536,test
2026117,validation
498358,test
111008,train
1060205,validation
608980,train
1132153,validation
1905979,train
355334,train
555124,train
1666443,train
254903,test
1638509,train
1198331,test
1929489,train
635145,validation
2001119,train
239049,validation
2140425,train
549457,validation
1285591,train
253480,train
188374,validation
1635879,train
1545617,validation
969182,validation
2248093,train
2173988,train
1413538,train
1872121,test
1847287,train
1854032,train
362441,train
1929555,train
217780,train
63032,validation
1172922,train
1814403,train
1068968,train
1868108,train
1751772,train
1809475,train
702974,test
968650,test
364600,train
1866863,test
340179,train
207089,validation
326507,test
1290388,test
163930,train
244641,train
748976,validation
668111,validation
211461,train
3797,test
1808816,train
129966,train
138530,validation
1347059,train
1603383,train
1218307,train
722937,train
1947867,train
2244516,train
1013578,train
1340324,test
1859733,validation
309498,train
262549,validation
592053,validation
1069495,train
1276941,test
1336664,validation
1822390,train
2120255,train
991038,validation
2084025,train
2174129,train
2026371,train
2227154,validation
1086824,train
1102333,train
1810639,train
1614673,train
1935429,validation
1648296,train
1129596,test
1705226,test
977092,train
2260138,train
104538,test
176354,train
97862,train
2155094,test
1954571,validation
1635529,train
1971100,test
605456,test
551249,train
1639790,test
2211547,train
2174980,validation
2232151,test
233721,test
1013151,train
1048754,validation
2079226,validation
1327135,train
709065,train
1463355,train
612839,test
1787751,train
121687,test
786013,validation
307989,train
1841301,test
690764,test
2088454,test
2253391,train
1336746,train
1806914,test
1206549,test
949647,test
1049752,test
1213839,test
2251925,train
1908632,train
557024,train
328749,test
272698,train
1937956,train
1035815,validation
110664,train
502881,test
238394,train
217509,test
1965011,test
331183,test
1351177,test
1765013,train
313227,train
2233738,train
1317648,train
321068,train
1228644,train
534601,validation
1965121,train
1247655,train
1954402,validation
226101,validation
1191062,validation
1840947,train
1044039,train
2153404,test
1120251,train
183061,test
691570,train
2250565,test
1786804,train
655968,test
360221,test
119116,train
123902,validation
546012,train
1827407,train
1425683,train
876514,test
2232207,train
955288,train
127345,validation
1223256,train
1313503,train
984863,train
2211727,test
1633168,train
1906757,test
1088038,train
611843,train
731919,train
334396,train
2169478,train
1868150,validation
1850394,train
1634598,train
2094209,train
562100,train
1837759,train
1914108,test
1246611,train
1786220,train
1180126,train
166939,validation
1921232,train
431079,test
1083799,test
620307,train
1305696,train
1581406,train
1293775,validation
1326495,test
306520,train
1070066,test
35229,train
1811454,train
686778,validation
1297146,train
1916363,train
2087293,test
270684,train
1113296,validation
1783695,validation
1253946,train
1617900,train
108660,test
549291,test
1167016,test
1021962,train
334332,train
1121805,train
2184993,train
1328750,train
1309654,test
77017,train
62613,train
1776537,validation
1808193,train
623955,validation
1007924,test
2571,train
5337,train
1844758,train
1268009,train
378888,test
354266,test
1116179,train
1340043,train
2035443,train
152105,train
1065743,train
623350,train
1286150,train
2195004,train
686898,train
2228162,train
1126125,validation
1799995,train
2029342,train
1773070,validation
999288,train
1972213,train
1919535,train
1904975,train
2027438,train
1884024,train
580231,test
1362088,train
397766,train
1648082,validation
1123905,train
1260862,test
1300925,train
657575,validation
404511,train
182356,validation
398588,validation
1634763,validation
987733,validation
1935492,train
1924387,test
172885,train
306700,train
1017351,test
1638831,train
702078,train
1903515,test
959764,train
17348,train
1615044,train
1975891,test
105957,train
1628050,validation
2227959,train
1689452,train
236438,validation
1831439,validation
2130020,test
175261,train
1228022,train
1621232,test
428387,test
1752491,test
2172583,train
2258012,train
1136605,train
412995,train
256401,validation
1618610,validation
1869051,train
644271,train
181434,train
228996,validation
1094057,train
1874232,train
271796,train
1217249,train
1268358,train
544605,train
1968660,train
1546854,test
1215464,test
1277540,validation
1281560,test
903707,train
637229,train
1392829,test
1261797,train
301846,train
1014703,train
1612817,train
706503,validation
1049824,test
1694388,train
1634543,train
1324443,train
401977,validation
889169,validation
200804,train
2102119,test
388248,train
537185,validation
92888,train
1960105,train
1289497,train
612043,validation
182997,validation
1116233,train
126549,train
1091597,validation
521474,validation
1937188,train
114877,test
278199,train
58147,test
1206952,train
76413,train
248100,train
1146758,train
9327,validation
128587,train
579708,train
1080459,train
1251100,train
984622,train
1854575,test
1888157,train
397472,train
2045032,train
1980695,train
274115,test
1929613,test
1518801,validation
597975,train
603680,train
998727,train
25179,train
330512,validation
1914022,train
1632082,train
1332998,train
2154131,test
1201520,train
1699231,train
218572,train
1341681,test
361396,train
1817505,train
180425,train
1797411,validation
2250508,test
1835005,train
1815453,test
1656579,test
2033822,train
1053405,test
1640802,test
134345,test
23864,train
1127747,train
1832386,train
1747105,train
1895638,train
1047430,train
154474,train
1860749,train
1747743,train
335921,train
860887,train
2033468,train
1933748,validation
1644300,train
1598197,train
1627729,validation
1807780,train
398422,train
13675,test
348950,train
334997,validation
1336003,train
1722954,train
1070565,train
672501,test
1834075,test
1978572,train
1328992,test
895453,train
784845,train
1985605,test
2236292,validation
1882585,train
1210687,train
1087458,test
1116189,train
310105,train
2155723,test
1848988,test
955702,train
309957,train
696015,validation
282642,train
2168848,train
331781,train
1041864,train
1106818,test
992799,train
1138061,train
1143567,train
385119,validation
1321917,train
1175129,validation
1294298,train
1299736,test
2052984,train
301436,validation
1254737,train
1634223,validation
1931740,validation
353521,validation
1132597,train
365409,train
1774971,validation
685305,train
1158845,train
1324654,validation
1178271,train
164993,test
243319,train
354543,train
1068249,validation
248671,train
1126226,train
1664958,train
1829030,test
1811362,train
8489,test
85746,train
353862,test
1935669,validation
1709470,train
1304518,train
170085,test
2180696,validation
1093676,train
1779239,test
21964,validation
76535,train
1320638,train
1884640,validation
1328154,train
1037918,train
97323,train
2203153,train
1030832,train
218217,train
207916,train
1977459,test
2006039,test
304652,train
1101514,train
11241,train
1292905,train
100879,train
228509,train
707761,validation
1876925,test
1795157,validation
1974240,train
1060847,train
1070467,test
233860,train
1790625,train
2027277,test
338674,test
1037634,test
1196446,train
1275990,train
153903,train
1145274,train
1159968,train
590692,train
1964322,validation
566690,train
1733322,test
558454,validation
1111484,test
1145847,validation
1614838,test
1882658,train
1897248,train
1870928,validation
633579,train
1179080,train
1051335,train
1200686,train
267623,train
45209,test
142254,validation
570276,test
1309468,train
1827709,test
1996649,train
1245806,train
237673,test
1005624,train
281755,train
1076586,train
2256971,test
356041,train
1868070,train
936263,train
618368,train
1342671,train
1941616,validation
1850909,validation
90790,validation
741611,test
302445,train
1819679,train
53041,train
2256061,validation
1975388,test
2177794,train
194500,train
515405,test
71656,train
2207865,validation
2197718,train
969577,train
52786,validation
2236748,train
1199433,train
26969,validation
6924,test
935351,test
1994643,train
1618225,train
157105,train
1323960,validation
519830,validation
1672986,train
2228606,train
1989052,train
2002510,train
1594557,train
1034065,train
201051,train
56903,train
1053823,train
1724369,test
2164492,validation
119410,train
1851448,train
208933,train
1010584,train
910151,test
973479,test
1133981,validation
382405,train
1051529,train
129856,test
23071,train
2147672,validation
1234365,train
1922498,train
1333204,train
399744,train
210171,train
1727856,test
1336695,test
1002602,test
1258983,train
905655,train
325267,test
1874032,train
1616212,train
1935467,train
546853,test
1033678,test
661829,validation
1813159,train
1058156,train
191485,train
171363,train
47565,validation
1170012,train
359842,train
1688562,train
975747,test
1730460,train
244001,validation
273054,train
192359,train
1775028,train
2073019,train
2257267,train
2238516,train
2004152,train
551164,validation
297742,validation
1028897,validation
1903925,validation
104075,train
1854173,validation
690887,train
1112715,train
39652,test
229101,train
1133920,train
383058,test
887632,train
219600,test
1825569,train
2184528,test
1174313,validation
274921,validation
1306869,train
100964,train
1858636,test
1802860,train
1171305,train
1174166,train
2201803,test
188934,train
2193508,validation
493837,test
494135,train
1303723,train
1128942,train
2102801,test
1670026,train
1092590,train
729752,train
1876999,train
1803836,train
1264023,validation
1190682,test
236020,train
601759,validation
1170493,validation
183605,test
1608051,test
1037836,train
1936802,train
1787252,train
1892204,train
82598,validation
1274555,train
1928702,train
414259,train
2237900,train
1984999,validation
6442,train
1168661,validation
106355,train
1153080,train
166314,train
2223563,test
1065768,train
1231536,train
1099884,train
2010576,train
175854,test
1071016,train
25762,train
2142340,train
1871663,validation
319278,train
512130,train
384113,train
1866395,test
2230986,train
2126946,train
152255,train
681609,train
868651,train
1205703,train
1803185,test
922821,train
632370,train
1836962,train
1907748,train
664844,test
66182,validation
1885272,train
1041289,train
693247,validation
1764008,train
1480620,validation
1709262,train
1113423,validation
1758564,test
334354,train
997620,train
1284513,validation
363499,train
1339108,test
394559,train
1814838,train
2165702,validation
818771,test
1555524,validation
1038254,test
405143,validation
176483,validation
2255056,test
417369,train
103070,train
78486,train
1792175,train
1304280,train
211706,train
216899,train
69999,train
1565491,validation
1246791,train
1123331,validation
1271739,test
1910447,validation
988204,test
1083061,train
1280514,train
1204941,validation
1238241,train
1759602,test
304022,train
172574,train
1889536,test
568198,train
8224,train
1530790,validation
1116943,train
92178,train
8255,validation
890854,test
1819345,train
2173038,test
176192,train
1311430,train
1018427,train
1861266,test
1753614,train
1612198,test
124722,train
64252,validation
84248,validation
1781139,test
1231486,test
1635455,train
1990224,train
1211677,validation
2143492,train
548791,train
235066,train
2056050,test
1112640,validation
1938783,validation
1650074,test
196288,test
243545,train
649590,train
1693334,validation
1783065,train
284274,train
1883647,train
1013640,train
120255,train
1820676,train
376614,test
1896582,validation
71793,train
161302,train
1038855,train
1844424,train
2173929,train
1818063,train
1628019,test
373397,test
324746,validation
66314,test
1993573,validation
58615,train
254886,train
378599,train
1840927,validation
107684,test
167502,test
434435,train
1145024,test
1518034,validation
278591,train
1158668,train
1911381,train
1341893,train
236352,validation
1199844,train
81142,validation
52925,validation
1902649,test
1828973,train
741209,train
535329,validation
221828,train
1615559,train
1322211,test
1770512,train
892167,validation
113269,train
1643437,train
2259700,train
1956635,train
1261656,train
226779,train
1167884,train
1171000,train
1117055,validation
146055,train
705692,train
201366,train
2085002,validation
295044,train
2216072,train
705769,train
146074,test
974982,validation
389877,validation
1153486,train
1196960,train
2149779,train
1301756,train
734477,train
934735,train
932862,train
1807379,train
206317,validation
245488,train
1053989,train
317567,train
879960,train
1681684,validation
512048,validation
1077023,train
1059962,train
1341067,train
1235873,test
1909399,train
1803156,train
40584,test
928953,train
1905419,train
107089,train
1863968,validation
2253877,train
326455,validation
1419043,train
1672146,test
865932,test
267413,train
1283051,train
1309372,train
1017288,validation
697822,train
1216905,train
2035607,test
251991,train
645702,train
1273319,train
1920688,train
1644604,train
1325678,train
1898534,test
1077880,train
920403,train
370131,train
747908,train
203736,train
1231430,train
58750,validation
157652,train
1905244,validation
1992087,train
1058773,train
1925945,train
255600,validation
666113,test
1873984,train
1889879,train
1160830,test
1399424,validation
124348,validation
2089538,train
333116,train
222653,train
1129473,validation
2097582,train
192915,validation
311465,train
2039143,validation
725,validation
632655,train
1210297,validation
1052223,train
2188116,train
1778737,test
1767627,train
1933609,train
262086,train
596858,train
362737,test
1910309,train
1046403,train
2005273,train
479794,train
1625620,test
127156,test
1899289,train
189536,test
1888436,validation
1566021,train
615508,train
1099485,validation
417572,train
213082,train
945767,validation
1921468,train
144845,test
1860145,train
1856758,test
279403,validation
2226147,validation
415094,test
1319935,train
1212881,train
1780360,validation
954360,train
2228770,train
989536,train
1301299,test
320965,test
1208257,train
1762699,validation
925469,train
1082245,train
351918,train
346660,test
705076,validation
2120071,test
1742561,test
1326425,train
1895801,validation
2188845,train
542073,train
2214197,validation
1962438,validation
569273,test
2165303,validation
1632472,train
581015,train
24777,train
181344,train
1018047,train
1820566,test
1847672,train
1015412,train
23041,train
1046902,train
402220,train
655281,train
1021349,train
989600,test
708094,train
295035,train
1981408,validation
1110642,train
1833152,train
1934846,train
1666600,train
2231752,train
1226007,test
1631433,train
1038898,validation
1749310,train
1159006,train
183637,train
1241771,validation
1896917,train
1815708,train
1973129,train
578121,test
1150248,train
1119278,train
1327648,validation
1291448,train
1930321,test
1886068,train
1823130,train
64773,validation
189262,train
845953,train
229025,train
100199,train
2023588,test
1175443,train
1237069,train
1060645,test
813628,test
1226648,test
1929482,train
1645563,validation
2247130,train
2010699,train
1155433,train
93032,train
75344,train
1310707,train
98132,test
1351405,validation
1711802,train
304294,train
35668,train
2072844,train
73669,validation
1821309,validation
1851116,test
264062,train
1786951,train
1135256,train
341638,test
1240968,train
395054,validation
375262,train
633586,validation
1163851,train
48613,train
1007117,train
1270021,train
37897,train
1596656,test
105219,test
1914817,validation
1774949,train
102178,test
2249156,train
1117911,train
1912548,train
1184359,test
1236694,train
703129,test
1195476,test
1743763,train
1217724,train
1907565,train
882837,train
1762427,test
1882584,train
1065632,train
303355,train
1000568,validation
2049732,test
2117522,train
923485,train
1297983,validation
1204703,test
608804,validation
1320166,test
130208,train
1670321,validation
288849,train
1071334,test
2205431,train
408514,train
2012051,train
1068479,validation
1153081,validation
332924,validation
716101,train
1805102,train
2170878,train
284474,validation
451281,train
1787848,test
1966698,train
281118,test
1755825,train
176200,train
1549447,train
1138499,test
1117108,train
1339242,train
1744123,train
1081296,test
263152,train
1792364,train
1601887,train
1000383,test
1642367,train
2003621,test
1005891,test
313535,validation
1728271,validation
1618422,test
148119,test
2131211,test
1638151,test
620770,train
554484,train
2010405,validation
1254702,train
345349,train
714396,train
92148,validation
264674,train
130081,test
1219175,train
37580,train
2154340,train
1165990,validation
201746,validation
1888297,train
1931303,train
1857840,train
1215606,train
139210,train
1766442,validation
1039584,train
231299,train
1721140,train
1821358,validation
1970929,train
218063,train
131611,train
5133,validation
2258240,validation
260391,test
620016,train
68384,train
1662623,test
1232271,validation
24112,validation
1965689,test
340441,test
357826,train
740968,train
346001,validation
1026191,train
332582,train
1262912,validation
243572,train
1876346,validation
1198662,train
2251260,train
1246235,train
469961,train
1701508,train
1855472,train
1141097,test
406642,train
299949,test
1148928,test
1051656,train
1647560,validation
81949,train
471013,validation
328858,train
334640,train
2211285,validation
1016335,train
1971141,validation
341150,test
1627174,train
38100,validation
359139,test
1881771,validation
21901,train
160917,train
2232418,train
2234304,validation
1221970,train
261933,train
192969,test
7004,train
256693,test
1662041,validation
2198966,validation
543514,train
1843975,train
700294,train
1307968,test
503898,train
687394,train
356686,train
81633,train
937127,validation
1070198,test
267425,validation
2176464,test
97982,train
990917,validation
1818169,train
1848751,train
1157964,train
176812,test
1799656,train
173441,train
176402,train
1776417,train
1884387,train
1100395,validation
164075,train
2115572,train
140319,train
134570,validation
69900,train
266174,validation
1968315,train
1802035,validation
1248298,train
18642,validation
1931285,train
1071443,validation
1451979,train
1102781,train
94128,test
57540,train
1707117,train
1878745,train
360921,train
1334991,train
1276464,train
384980,test
1070599,train
83574,validation
1888405,test
1315572,train
1320545,train
1332564,test
1315347,validation
734604,train
204464,train
2243256,train
2009553,train
55469,test
1130590,test
1937706,test
376448,train
390464,test
93668,train
552305,train
2007180,test
1782073,train
1330251,train
1858844,validation
1258192,train
1257859,train
340384,train
1873709,train
1888151,train
1348265,train
677019,test
1158631,train
1754452,train
1226476,train
1690873,test
1076146,validation
735320,train
1116664,train
1349745,test
6655,train
1087972,test
1822546,validation
1027756,validation
127593,train
676450,train
1141546,train
198726,test
236089,train
972034,train
476281,train
1308570,train
1284354,train
1869198,validation
98587,train
402043,train
1142121,train
1039054,test
245051,train
286273,test
869833,train
97142,train
51705,test
28484,validation
1494066,train
1296434,train
2011101,test
2211383,test
194521,train
880388,train
279253,train
2025605,train
330515,validation
997471,train
1338116,train
2258085,test
950410,validation
724074,train
18458,validation
255017,train
2199145,validation
2235157,train
1135980,validation
248009,train
1966482,train
739949,train
1249322,test
690946,train
133578,train
1214451,train
1967622,validation
1668020,test
264820,train
3665,train
2220430,train
1247995,train
2239621,test
697470,test
185818,test
1657276,train
1814523,validation
1903854,train
344441,validation
978877,train
2244424,validation
1889120,train
1850248,train
1836431,test
222861,validation
1896438,validation
